file_path,age
./balancer/population/population100real\10\101.jpg,10
./balancer/population/population100real\10\105.jpg,10
./balancer/population/population100real\10\107.jpg,10
./balancer/population/population100real\10\108.jpg,10
./balancer/population/population100real\10\11.JPG,10
./balancer/population/population100real\10\110.jpg,10
./balancer/population/population100real\10\111.jpg,10
./balancer/population/population100real\10\113.jpg,10
./balancer/population/population100real\10\119.jpg,10
./balancer/population/population100real\10\120.jpg,10
./balancer/population/population100real\10\123.jpg,10
./balancer/population/population100real\10\131.jpg,10
./balancer/population/population100real\10\134.jpg,10
./balancer/population/population100real\10\138.JPG,10
./balancer/population/population100real\10\140.jpg,10
./balancer/population/population100real\10\141.jpg,10
./balancer/population/population100real\10\144.jpg,10
./balancer/population/population100real\10\147.jpg,10
./balancer/population/population100real\10\148.JPG,10
./balancer/population/population100real\10\151.jpg,10
./balancer/population/population100real\10\152.jpg,10
./balancer/population/population100real\10\157.jpg,10
./balancer/population/population100real\10\158.jpg,10
./balancer/population/population100real\10\159.jpg,10
./balancer/population/population100real\10\16.jpg,10
./balancer/population/population100real\10\161.jpg,10
./balancer/population/population100real\10\163.jpg,10
./balancer/population/population100real\10\164.jpg,10
./balancer/population/population100real\10\165.jpg,10
./balancer/population/population100real\10\166.jpg,10
./balancer/population/population100real\10\168.jpg,10
./balancer/population/population100real\10\172.jpg,10
./balancer/population/population100real\10\173.jpg,10
./balancer/population/population100real\10\177.jpg,10
./balancer/population/population100real\10\179.jpg,10
./balancer/population/population100real\10\18.jpg,10
./balancer/population/population100real\10\184.jpg,10
./balancer/population/population100real\10\185.jpg,10
./balancer/population/population100real\10\189.jpg,10
./balancer/population/population100real\10\19.jpg,10
./balancer/population/population100real\10\198.jpg,10
./balancer/population/population100real\10\199.jpg,10
./balancer/population/population100real\10\2.jpg,10
./balancer/population/population100real\10\20.jpg,10
./balancer/population/population100real\10\202.JPG,10
./balancer/population/population100real\10\203.jpg,10
./balancer/population/population100real\10\205.jpg,10
./balancer/population/population100real\10\207.jpg,10
./balancer/population/population100real\10\209.jpg,10
./balancer/population/population100real\10\21.jpg,10
./balancer/population/population100real\10\213.jpg,10
./balancer/population/population100real\10\214.jpg,10
./balancer/population/population100real\10\221.jpg,10
./balancer/population/population100real\10\226.jpg,10
./balancer/population/population100real\10\227.jpg,10
./balancer/population/population100real\10\228.jpg,10
./balancer/population/population100real\10\23.jpg,10
./balancer/population/population100real\10\231.jpg,10
./balancer/population/population100real\10\232.jpg,10
./balancer/population/population100real\10\233.JPG,10
./balancer/population/population100real\10\237.jpg,10
./balancer/population/population100real\10\238.jpg,10
./balancer/population/population100real\10\24.jpg,10
./balancer/population/population100real\10\241.jpg,10
./balancer/population/population100real\10\242.jpg,10
./balancer/population/population100real\10\246.jpg,10
./balancer/population/population100real\10\249.jpg,10
./balancer/population/population100real\10\250.jpg,10
./balancer/population/population100real\10\251.jpg,10
./balancer/population/population100real\10\254.jpg,10
./balancer/population/population100real\10\260.jpg,10
./balancer/population/population100real\10\268.jpg,10
./balancer/population/population100real\10\274.jpg,10
./balancer/population/population100real\10\275.jpg,10
./balancer/population/population100real\10\278.jpg,10
./balancer/population/population100real\10\28.jpg,10
./balancer/population/population100real\10\281.jpg,10
./balancer/population/population100real\10\282.jpg,10
./balancer/population/population100real\10\283.jpg,10
./balancer/population/population100real\10\287.jpg,10
./balancer/population/population100real\10\288.jpg,10
./balancer/population/population100real\10\294.jpg,10
./balancer/population/population100real\10\296.jpg,10
./balancer/population/population100real\10\297.jpg,10
./balancer/population/population100real\10\3.JPG,10
./balancer/population/population100real\10\302.jpg,10
./balancer/population/population100real\10\304.jpg,10
./balancer/population/population100real\10\305.jpg,10
./balancer/population/population100real\10\306.JPG,10
./balancer/population/population100real\10\308.JPG,10
./balancer/population/population100real\10\309.jpg,10
./balancer/population/population100real\10\310.jpg,10
./balancer/population/population100real\10\311.jpg,10
./balancer/population/population100real\10\314.jpg,10
./balancer/population/population100real\10\316.jpg,10
./balancer/population/population100real\10\319.JPG,10
./balancer/population/population100real\10\321.jpg,10
./balancer/population/population100real\10\322.jpg,10
./balancer/population/population100real\10\324.jpg,10
./balancer/population/population100real\10\330.jpg,10
./balancer/population/population100real\10\334.jpg,10
./balancer/population/population100real\10\335.jpg,10
./balancer/population/population100real\10\338.jpg,10
./balancer/population/population100real\10\34.jpg,10
./balancer/population/population100real\10\340.jpg,10
./balancer/population/population100real\10\345.jpg,10
./balancer/population/population100real\10\351.jpg,10
./balancer/population/population100real\10\355.jpg,10
./balancer/population/population100real\10\356.jpg,10
./balancer/population/population100real\10\357.jpg,10
./balancer/population/population100real\10\36.jpg,10
./balancer/population/population100real\10\360.jpg,10
./balancer/population/population100real\10\361.jpg,10
./balancer/population/population100real\10\369.jpg,10
./balancer/population/population100real\10\371.jpg,10
./balancer/population/population100real\10\373.jpg,10
./balancer/population/population100real\10\375.jpg,10
./balancer/population/population100real\10\381.jpg,10
./balancer/population/population100real\10\384.jpg,10
./balancer/population/population100real\10\385.jpg,10
./balancer/population/population100real\10\391.jpg,10
./balancer/population/population100real\10\393.jpg,10
./balancer/population/population100real\10\395.jpg,10
./balancer/population/population100real\10\396.jpg,10
./balancer/population/population100real\10\397.jpg,10
./balancer/population/population100real\10\4.jpg,10
./balancer/population/population100real\10\40.jpg,10
./balancer/population/population100real\10\400.jpg,10
./balancer/population/population100real\10\406.jpg,10
./balancer/population/population100real\10\409.jpg,10
./balancer/population/population100real\10\41.jpg,10
./balancer/population/population100real\10\415.jpg,10
./balancer/population/population100real\10\419.JPG,10
./balancer/population/population100real\10\420.JPG,10
./balancer/population/population100real\10\422.jpg,10
./balancer/population/population100real\10\424.jpg,10
./balancer/population/population100real\10\425.jpg,10
./balancer/population/population100real\10\426.jpg,10
./balancer/population/population100real\10\430.jpg,10
./balancer/population/population100real\10\431.jpg,10
./balancer/population/population100real\10\432.jpg,10
./balancer/population/population100real\10\436.JPG,10
./balancer/population/population100real\10\441.jpg,10
./balancer/population/population100real\10\444.jpg,10
./balancer/population/population100real\10\45.jpg,10
./balancer/population/population100real\10\458.jpg,10
./balancer/population/population100real\10\461.jpg,10
./balancer/population/population100real\10\463.jpg,10
./balancer/population/population100real\10\464.jpg,10
./balancer/population/population100real\10\465.jpg,10
./balancer/population/population100real\10\466.jpg,10
./balancer/population/population100real\10\467.jpg,10
./balancer/population/population100real\10\468.jpg,10
./balancer/population/population100real\10\469.jpg,10
./balancer/population/population100real\10\472.jpg,10
./balancer/population/population100real\10\474.jpg,10
./balancer/population/population100real\10\48.jpg,10
./balancer/population/population100real\10\481.jpg,10
./balancer/population/population100real\10\485.jpg,10
./balancer/population/population100real\10\492.JPG,10
./balancer/population/population100real\10\496.jpg,10
./balancer/population/population100real\10\499.jpg,10
./balancer/population/population100real\10\5.jpg,10
./balancer/population/population100real\10\500.jpg,10
./balancer/population/population100real\10\501.jpg,10
./balancer/population/population100real\10\502.jpg,10
./balancer/population/population100real\10\505.jpg,10
./balancer/population/population100real\10\507.jpg,10
./balancer/population/population100real\10\509.jpg,10
./balancer/population/population100real\10\511.jpg,10
./balancer/population/population100real\10\518.jpg,10
./balancer/population/population100real\10\521.jpg,10
./balancer/population/population100real\10\526.jpg,10
./balancer/population/population100real\10\527.jpg,10
./balancer/population/population100real\10\528.jpg,10
./balancer/population/population100real\10\529.jpg,10
./balancer/population/population100real\10\531.jpg,10
./balancer/population/population100real\10\535.jpg,10
./balancer/population/population100real\10\536.jpg,10
./balancer/population/population100real\10\537.jpg,10
./balancer/population/population100real\10\541.jpg,10
./balancer/population/population100real\10\542.jpg,10
./balancer/population/population100real\10\543.jpg,10
./balancer/population/population100real\10\547.jpg,10
./balancer/population/population100real\10\55.jpg,10
./balancer/population/population100real\10\551.jpg,10
./balancer/population/population100real\10\553.jpg,10
./balancer/population/population100real\10\555.JPG,10
./balancer/population/population100real\10\556.jpg,10
./balancer/population/population100real\10\557.jpg,10
./balancer/population/population100real\10\561.jpg,10
./balancer/population/population100real\10\562.jpg,10
./balancer/population/population100real\10\564.jpg,10
./balancer/population/population100real\10\570.jpg,10
./balancer/population/population100real\10\574.jpg,10
./balancer/population/population100real\10\59.JPG,10
./balancer/population/population100real\10\60.jpg,10
./balancer/population/population100real\10\61.jpg,10
./balancer/population/population100real\10\63.jpg,10
./balancer/population/population100real\10\68.jpg,10
./balancer/population/population100real\10\74.jpg,10
./balancer/population/population100real\10\76.jpg,10
./balancer/population/population100real\10\78.jpg,10
./balancer/population/population100real\10\80.jpg,10
./balancer/population/population100real\10\82.jpg,10
./balancer/population/population100real\10\84.jpg,10
./balancer/population/population100real\10\85.JPG,10
./balancer/population/population100real\10\92.jpg,10
./balancer/population/population100real\10\94.jpg,10
./balancer/population/population100real\10\95.jpg,10
./balancer/population/population100real\10\97.jpg,10
./balancer/population/population100real\10\99.JPG,10
./balancer/population/population100real\11\10.jpg,11
./balancer/population/population100real\11\100.jpg,11
./balancer/population/population100real\11\103.jpg,11
./balancer/population/population100real\11\104.jpg,11
./balancer/population/population100real\11\112.jpg,11
./balancer/population/population100real\11\114.jpg,11
./balancer/population/population100real\11\122.jpg,11
./balancer/population/population100real\11\129.jpg,11
./balancer/population/population100real\11\130.jpg,11
./balancer/population/population100real\11\140.jpg,11
./balancer/population/population100real\11\150.jpg,11
./balancer/population/population100real\11\151.jpg,11
./balancer/population/population100real\11\155.jpg,11
./balancer/population/population100real\11\159.jpg,11
./balancer/population/population100real\11\164.jpg,11
./balancer/population/population100real\11\165.jpg,11
./balancer/population/population100real\11\169.JPG,11
./balancer/population/population100real\11\170.jpg,11
./balancer/population/population100real\11\172.jpg,11
./balancer/population/population100real\11\182.jpg,11
./balancer/population/population100real\11\183.jpg,11
./balancer/population/population100real\11\188.jpg,11
./balancer/population/population100real\11\196.jpg,11
./balancer/population/population100real\11\197.jpg,11
./balancer/population/population100real\11\198.jpg,11
./balancer/population/population100real\11\20.jpg,11
./balancer/population/population100real\11\200.jpg,11
./balancer/population/population100real\11\204.jpg,11
./balancer/population/population100real\11\221.jpg,11
./balancer/population/population100real\11\231.jpg,11
./balancer/population/population100real\11\238.jpg,11
./balancer/population/population100real\11\24.jpg,11
./balancer/population/population100real\11\243.jpg,11
./balancer/population/population100real\11\246.jpg,11
./balancer/population/population100real\11\248.jpg,11
./balancer/population/population100real\11\253.jpg,11
./balancer/population/population100real\11\272.jpg,11
./balancer/population/population100real\11\278.JPG,11
./balancer/population/population100real\11\279.jpg,11
./balancer/population/population100real\11\282.jpg,11
./balancer/population/population100real\11\283.jpg,11
./balancer/population/population100real\11\287.JPG,11
./balancer/population/population100real\11\290.jpg,11
./balancer/population/population100real\11\291.jpg,11
./balancer/population/population100real\11\294.jpg,11
./balancer/population/population100real\11\296.jpg,11
./balancer/population/population100real\11\297.jpg,11
./balancer/population/population100real\11\30.jpg,11
./balancer/population/population100real\11\302.jpg,11
./balancer/population/population100real\11\304.jpg,11
./balancer/population/population100real\11\308.jpg,11
./balancer/population/population100real\11\309.jpg,11
./balancer/population/population100real\11\310.jpg,11
./balancer/population/population100real\11\314.jpg,11
./balancer/population/population100real\11\316.jpg,11
./balancer/population/population100real\11\321.jpg,11
./balancer/population/population100real\11\324.jpg,11
./balancer/population/population100real\11\326.jpg,11
./balancer/population/population100real\11\327.jpg,11
./balancer/population/population100real\11\333.jpg,11
./balancer/population/population100real\11\334.jpg,11
./balancer/population/population100real\11\335.jpg,11
./balancer/population/population100real\11\342.jpg,11
./balancer/population/population100real\11\348.jpg,11
./balancer/population/population100real\11\35.jpg,11
./balancer/population/population100real\11\355.jpg,11
./balancer/population/population100real\11\356.jpg,11
./balancer/population/population100real\11\361.jpg,11
./balancer/population/population100real\11\363.jpg,11
./balancer/population/population100real\11\364.jpg,11
./balancer/population/population100real\11\365.jpg,11
./balancer/population/population100real\11\366.jpg,11
./balancer/population/population100real\11\371.jpg,11
./balancer/population/population100real\11\372.jpg,11
./balancer/population/population100real\11\375.jpg,11
./balancer/population/population100real\11\377.jpg,11
./balancer/population/population100real\11\38.jpg,11
./balancer/population/population100real\11\390.jpg,11
./balancer/population/population100real\11\391.JPG,11
./balancer/population/population100real\11\392.jpg,11
./balancer/population/population100real\11\393.jpg,11
./balancer/population/population100real\11\395.jpg,11
./balancer/population/population100real\11\4.jpg,11
./balancer/population/population100real\11\403.jpg,11
./balancer/population/population100real\11\414.jpg,11
./balancer/population/population100real\11\418.jpg,11
./balancer/population/population100real\11\422.jpg,11
./balancer/population/population100real\11\43.jpg,11
./balancer/population/population100real\11\431.jpg,11
./balancer/population/population100real\11\436.jpg,11
./balancer/population/population100real\11\437.jpg,11
./balancer/population/population100real\11\439.jpg,11
./balancer/population/population100real\11\444.jpg,11
./balancer/population/population100real\11\450.JPG,11
./balancer/population/population100real\11\456.jpg,11
./balancer/population/population100real\11\457.jpg,11
./balancer/population/population100real\11\46.JPG,11
./balancer/population/population100real\11\460.jpg,11
./balancer/population/population100real\11\463.jpg,11
./balancer/population/population100real\11\464.jpg,11
./balancer/population/population100real\11\466.jpg,11
./balancer/population/population100real\11\468.jpg,11
./balancer/population/population100real\11\471.jpg,11
./balancer/population/population100real\11\478.jpg,11
./balancer/population/population100real\11\48.jpg,11
./balancer/population/population100real\11\483.jpg,11
./balancer/population/population100real\11\486.jpg,11
./balancer/population/population100real\11\49.jpg,11
./balancer/population/population100real\11\491.jpg,11
./balancer/population/population100real\11\496.jpg,11
./balancer/population/population100real\11\498.jpg,11
./balancer/population/population100real\11\499.jpg,11
./balancer/population/population100real\11\5.jpg,11
./balancer/population/population100real\11\502.jpg,11
./balancer/population/population100real\11\506.jpg,11
./balancer/population/population100real\11\508.jpg,11
./balancer/population/population100real\11\518.jpg,11
./balancer/population/population100real\11\530.jpg,11
./balancer/population/population100real\11\531.jpg,11
./balancer/population/population100real\11\533.jpg,11
./balancer/population/population100real\11\538.jpg,11
./balancer/population/population100real\11\544.jpg,11
./balancer/population/population100real\11\546.jpg,11
./balancer/population/population100real\11\547.jpg,11
./balancer/population/population100real\11\550.jpg,11
./balancer/population/population100real\11\553.jpg,11
./balancer/population/population100real\11\560.jpg,11
./balancer/population/population100real\11\564.jpg,11
./balancer/population/population100real\11\565.jpg,11
./balancer/population/population100real\11\566.jpg,11
./balancer/population/population100real\11\573.jpg,11
./balancer/population/population100real\11\574.jpg,11
./balancer/population/population100real\11\579.jpg,11
./balancer/population/population100real\11\583.jpg,11
./balancer/population/population100real\11\584.jpg,11
./balancer/population/population100real\11\587.jpg,11
./balancer/population/population100real\11\593.jpg,11
./balancer/population/population100real\11\595.jpg,11
./balancer/population/population100real\11\60.jpg,11
./balancer/population/population100real\11\600.jpg,11
./balancer/population/population100real\11\603.jpg,11
./balancer/population/population100real\11\605.jpg,11
./balancer/population/population100real\11\609.jpg,11
./balancer/population/population100real\11\61.jpg,11
./balancer/population/population100real\11\611.jpg,11
./balancer/population/population100real\11\616.jpg,11
./balancer/population/population100real\11\618.jpg,11
./balancer/population/population100real\11\621.jpg,11
./balancer/population/population100real\11\622.jpg,11
./balancer/population/population100real\11\624.jpg,11
./balancer/population/population100real\11\635.jpg,11
./balancer/population/population100real\11\636.jpg,11
./balancer/population/population100real\11\640.jpg,11
./balancer/population/population100real\11\647.jpg,11
./balancer/population/population100real\11\649.jpg,11
./balancer/population/population100real\11\652.jpg,11
./balancer/population/population100real\11\654.jpg,11
./balancer/population/population100real\11\660.jpg,11
./balancer/population/population100real\11\662.jpg,11
./balancer/population/population100real\11\663.jpg,11
./balancer/population/population100real\11\665.jpg,11
./balancer/population/population100real\11\667.jpg,11
./balancer/population/population100real\11\669.jpg,11
./balancer/population/population100real\11\671.jpg,11
./balancer/population/population100real\11\672.jpg,11
./balancer/population/population100real\11\676.jpg,11
./balancer/population/population100real\11\678.jpg,11
./balancer/population/population100real\11\680.jpg,11
./balancer/population/population100real\11\697.jpg,11
./balancer/population/population100real\11\701.JPG,11
./balancer/population/population100real\11\709.jpg,11
./balancer/population/population100real\11\710.jpg,11
./balancer/population/population100real\11\722.jpg,11
./balancer/population/population100real\11\723.jpg,11
./balancer/population/population100real\11\725.jpg,11
./balancer/population/population100real\11\729.jpg,11
./balancer/population/population100real\11\730.JPG,11
./balancer/population/population100real\11\732.jpg,11
./balancer/population/population100real\11\736.jpg,11
./balancer/population/population100real\11\747.jpg,11
./balancer/population/population100real\11\75.JPG,11
./balancer/population/population100real\11\751.jpg,11
./balancer/population/population100real\11\753.jpg,11
./balancer/population/population100real\11\765.jpg,11
./balancer/population/population100real\11\774.jpg,11
./balancer/population/population100real\11\779.jpg,11
./balancer/population/population100real\11\783.jpg,11
./balancer/population/population100real\11\785.jpg,11
./balancer/population/population100real\11\788.jpg,11
./balancer/population/population100real\11\789.jpg,11
./balancer/population/population100real\11\79.jpg,11
./balancer/population/population100real\11\8.jpg,11
./balancer/population/population100real\11\804.jpg,11
./balancer/population/population100real\11\807.jpg,11
./balancer/population/population100real\11\81.jpg,11
./balancer/population/population100real\11\811.jpg,11
./balancer/population/population100real\11\812.jpg,11
./balancer/population/population100real\11\815.jpg,11
./balancer/population/population100real\11\817.jpg,11
./balancer/population/population100real\11\820.jpg,11
./balancer/population/population100real\11\822.jpg,11
./balancer/population/population100real\11\824.jpg,11
./balancer/population/population100real\11\826.jpg,11
./balancer/population/population100real\11\83.jpg,11
./balancer/population/population100real\11\843.jpg,11
./balancer/population/population100real\11\86.jpg,11
./balancer/population/population100real\11\90.jpg,11
./balancer/population/population100real\11\96.jpg,11
./balancer/population/population100real\11\97.jpg,11
./balancer/population/population100real\11\98.jpg,11
./balancer/population/population100real\11\99.jpg,11
./balancer/population/population100real\12\0.jpg,12
./balancer/population/population100real\12\102.jpg,12
./balancer/population/population100real\12\106.jpg,12
./balancer/population/population100real\12\107.jpg,12
./balancer/population/population100real\12\117.jpg,12
./balancer/population/population100real\12\12.jpg,12
./balancer/population/population100real\12\120.jpg,12
./balancer/population/population100real\12\122.jpg,12
./balancer/population/population100real\12\124.jpg,12
./balancer/population/population100real\12\130.jpg,12
./balancer/population/population100real\12\134.jpg,12
./balancer/population/population100real\12\136.jpg,12
./balancer/population/population100real\12\138.jpg,12
./balancer/population/population100real\12\143.JPG,12
./balancer/population/population100real\12\151.jpg,12
./balancer/population/population100real\12\156.jpg,12
./balancer/population/population100real\12\16.jpg,12
./balancer/population/population100real\12\160.jpg,12
./balancer/population/population100real\12\163.jpg,12
./balancer/population/population100real\12\166.jpg,12
./balancer/population/population100real\12\167.jpg,12
./balancer/population/population100real\12\170.jpg,12
./balancer/population/population100real\12\178.jpg,12
./balancer/population/population100real\12\18.jpg,12
./balancer/population/population100real\12\184.jpg,12
./balancer/population/population100real\12\191.jpg,12
./balancer/population/population100real\12\197.jpg,12
./balancer/population/population100real\12\2.jpg,12
./balancer/population/population100real\12\20.jpg,12
./balancer/population/population100real\12\201.jpg,12
./balancer/population/population100real\12\212.jpg,12
./balancer/population/population100real\12\214.jpg,12
./balancer/population/population100real\12\216.jpg,12
./balancer/population/population100real\12\219.jpg,12
./balancer/population/population100real\12\22.jpg,12
./balancer/population/population100real\12\220.jpg,12
./balancer/population/population100real\12\223.jpg,12
./balancer/population/population100real\12\224.jpg,12
./balancer/population/population100real\12\226.jpg,12
./balancer/population/population100real\12\229.jpg,12
./balancer/population/population100real\12\234.jpg,12
./balancer/population/population100real\12\235.jpg,12
./balancer/population/population100real\12\237.jpg,12
./balancer/population/population100real\12\239.jpg,12
./balancer/population/population100real\12\243.jpg,12
./balancer/population/population100real\12\247.jpg,12
./balancer/population/population100real\12\249.jpg,12
./balancer/population/population100real\12\253.jpg,12
./balancer/population/population100real\12\256.jpg,12
./balancer/population/population100real\12\257.jpg,12
./balancer/population/population100real\12\262.jpg,12
./balancer/population/population100real\12\263.jpg,12
./balancer/population/population100real\12\264.jpg,12
./balancer/population/population100real\12\267.jpg,12
./balancer/population/population100real\12\269.jpg,12
./balancer/population/population100real\12\27.jpg,12
./balancer/population/population100real\12\272.jpg,12
./balancer/population/population100real\12\275.jpg,12
./balancer/population/population100real\12\277.jpg,12
./balancer/population/population100real\12\300.jpg,12
./balancer/population/population100real\12\302.jpg,12
./balancer/population/population100real\12\312.jpg,12
./balancer/population/population100real\12\313.jpg,12
./balancer/population/population100real\12\321.jpg,12
./balancer/population/population100real\12\325.jpg,12
./balancer/population/population100real\12\328.jpg,12
./balancer/population/population100real\12\33.jpg,12
./balancer/population/population100real\12\330.jpg,12
./balancer/population/population100real\12\34.jpg,12
./balancer/population/population100real\12\340.jpg,12
./balancer/population/population100real\12\343.jpg,12
./balancer/population/population100real\12\358.jpg,12
./balancer/population/population100real\12\361.jpg,12
./balancer/population/population100real\12\363.jpg,12
./balancer/population/population100real\12\370.jpg,12
./balancer/population/population100real\12\372.jpg,12
./balancer/population/population100real\12\38.jpg,12
./balancer/population/population100real\12\381.jpg,12
./balancer/population/population100real\12\384.jpg,12
./balancer/population/population100real\12\39.jpg,12
./balancer/population/population100real\12\397.jpg,12
./balancer/population/population100real\12\401.jpg,12
./balancer/population/population100real\12\405.jpg,12
./balancer/population/population100real\12\406.jpg,12
./balancer/population/population100real\12\41.jpg,12
./balancer/population/population100real\12\412.jpg,12
./balancer/population/population100real\12\413.jpg,12
./balancer/population/population100real\12\414.jpg,12
./balancer/population/population100real\12\415.jpg,12
./balancer/population/population100real\12\419.JPG,12
./balancer/population/population100real\12\424.jpg,12
./balancer/population/population100real\12\429.jpg,12
./balancer/population/population100real\12\434.jpg,12
./balancer/population/population100real\12\450.jpg,12
./balancer/population/population100real\12\451.JPG,12
./balancer/population/population100real\12\453.jpg,12
./balancer/population/population100real\12\461.jpg,12
./balancer/population/population100real\12\462.jpg,12
./balancer/population/population100real\12\464.jpg,12
./balancer/population/population100real\12\468.jpg,12
./balancer/population/population100real\12\480.jpg,12
./balancer/population/population100real\12\482.jpg,12
./balancer/population/population100real\12\483.jpg,12
./balancer/population/population100real\12\484.jpg,12
./balancer/population/population100real\12\485.jpg,12
./balancer/population/population100real\12\489.jpg,12
./balancer/population/population100real\12\492.jpg,12
./balancer/population/population100real\12\494.jpg,12
./balancer/population/population100real\12\498.jpg,12
./balancer/population/population100real\12\499.jpg,12
./balancer/population/population100real\12\50.jpg,12
./balancer/population/population100real\12\503.jpg,12
./balancer/population/population100real\12\510.JPG,12
./balancer/population/population100real\12\516.jpg,12
./balancer/population/population100real\12\52.JPG,12
./balancer/population/population100real\12\520.jpg,12
./balancer/population/population100real\12\522.jpg,12
./balancer/population/population100real\12\524.jpg,12
./balancer/population/population100real\12\540.jpg,12
./balancer/population/population100real\12\541.jpg,12
./balancer/population/population100real\12\548.jpg,12
./balancer/population/population100real\12\561.jpg,12
./balancer/population/population100real\12\562.jpg,12
./balancer/population/population100real\12\565.jpg,12
./balancer/population/population100real\12\57.jpg,12
./balancer/population/population100real\12\570.jpg,12
./balancer/population/population100real\12\573.jpg,12
./balancer/population/population100real\12\575.JPG,12
./balancer/population/population100real\12\580.jpg,12
./balancer/population/population100real\12\585.jpg,12
./balancer/population/population100real\12\589.jpg,12
./balancer/population/population100real\12\598.jpg,12
./balancer/population/population100real\12\6.JPG,12
./balancer/population/population100real\12\614.jpg,12
./balancer/population/population100real\12\617.jpg,12
./balancer/population/population100real\12\618.jpg,12
./balancer/population/population100real\12\620.jpg,12
./balancer/population/population100real\12\631.jpg,12
./balancer/population/population100real\12\635.jpg,12
./balancer/population/population100real\12\636.jpg,12
./balancer/population/population100real\12\640.jpg,12
./balancer/population/population100real\12\641.jpg,12
./balancer/population/population100real\12\644.jpg,12
./balancer/population/population100real\12\646.jpg,12
./balancer/population/population100real\12\651.jpg,12
./balancer/population/population100real\12\656.jpg,12
./balancer/population/population100real\12\662.JPG,12
./balancer/population/population100real\12\663.jpg,12
./balancer/population/population100real\12\667.jpg,12
./balancer/population/population100real\12\67.jpg,12
./balancer/population/population100real\12\670.jpg,12
./balancer/population/population100real\12\671.jpg,12
./balancer/population/population100real\12\672.jpg,12
./balancer/population/population100real\12\675.jpg,12
./balancer/population/population100real\12\680.jpg,12
./balancer/population/population100real\12\684.jpg,12
./balancer/population/population100real\12\685.jpg,12
./balancer/population/population100real\12\690.jpg,12
./balancer/population/population100real\12\701.jpg,12
./balancer/population/population100real\12\708.jpg,12
./balancer/population/population100real\12\710.jpg,12
./balancer/population/population100real\12\711.jpg,12
./balancer/population/population100real\12\714.jpg,12
./balancer/population/population100real\12\715.jpg,12
./balancer/population/population100real\12\716.jpg,12
./balancer/population/population100real\12\719.jpg,12
./balancer/population/population100real\12\723.jpg,12
./balancer/population/population100real\12\725.jpg,12
./balancer/population/population100real\12\728.jpg,12
./balancer/population/population100real\12\732.jpg,12
./balancer/population/population100real\12\733.jpg,12
./balancer/population/population100real\12\736.jpg,12
./balancer/population/population100real\12\737.jpg,12
./balancer/population/population100real\12\741.jpg,12
./balancer/population/population100real\12\746.JPG,12
./balancer/population/population100real\12\747.jpg,12
./balancer/population/population100real\12\750.jpg,12
./balancer/population/population100real\12\751.jpg,12
./balancer/population/population100real\12\756.jpg,12
./balancer/population/population100real\12\758.JPG,12
./balancer/population/population100real\12\759.jpg,12
./balancer/population/population100real\12\765.jpg,12
./balancer/population/population100real\12\768.jpg,12
./balancer/population/population100real\12\771.jpg,12
./balancer/population/population100real\12\773.jpg,12
./balancer/population/population100real\12\777.jpg,12
./balancer/population/population100real\12\78.jpg,12
./balancer/population/population100real\12\785.jpg,12
./balancer/population/population100real\12\791.jpg,12
./balancer/population/population100real\12\793.jpg,12
./balancer/population/population100real\12\795.jpg,12
./balancer/population/population100real\12\797.jpg,12
./balancer/population/population100real\12\801.jpg,12
./balancer/population/population100real\12\812.jpg,12
./balancer/population/population100real\12\818.jpg,12
./balancer/population/population100real\12\821.jpg,12
./balancer/population/population100real\12\822.jpg,12
./balancer/population/population100real\12\825.jpg,12
./balancer/population/population100real\12\830.jpg,12
./balancer/population/population100real\12\833.jpg,12
./balancer/population/population100real\12\840.jpg,12
./balancer/population/population100real\12\848.jpg,12
./balancer/population/population100real\12\855.jpg,12
./balancer/population/population100real\12\857.jpg,12
./balancer/population/population100real\12\859.jpg,12
./balancer/population/population100real\12\865.jpg,12
./balancer/population/population100real\12\866.jpg,12
./balancer/population/population100real\12\867.jpg,12
./balancer/population/population100real\12\868.jpg,12
./balancer/population/population100real\12\870.JPG,12
./balancer/population/population100real\12\871.jpg,12
./balancer/population/population100real\12\92.jpg,12
./balancer/population/population100real\13\10.jpg,13
./balancer/population/population100real\13\102.jpg,13
./balancer/population/population100real\13\103.jpg,13
./balancer/population/population100real\13\108.jpg,13
./balancer/population/population100real\13\114.jpg,13
./balancer/population/population100real\13\115.jpg,13
./balancer/population/population100real\13\122.jpg,13
./balancer/population/population100real\13\123.jpg,13
./balancer/population/population100real\13\124.jpg,13
./balancer/population/population100real\13\128.jpg,13
./balancer/population/population100real\13\129.jpg,13
./balancer/population/population100real\13\132.jpg,13
./balancer/population/population100real\13\135.jpg,13
./balancer/population/population100real\13\140.jpg,13
./balancer/population/population100real\13\143.jpg,13
./balancer/population/population100real\13\145.jpg,13
./balancer/population/population100real\13\153.jpg,13
./balancer/population/population100real\13\155.jpg,13
./balancer/population/population100real\13\156.jpg,13
./balancer/population/population100real\13\159.jpg,13
./balancer/population/population100real\13\16.jpg,13
./balancer/population/population100real\13\163.jpg,13
./balancer/population/population100real\13\164.jpg,13
./balancer/population/population100real\13\166.jpg,13
./balancer/population/population100real\13\167.jpg,13
./balancer/population/population100real\13\171.jpg,13
./balancer/population/population100real\13\182.jpg,13
./balancer/population/population100real\13\186.jpg,13
./balancer/population/population100real\13\192.jpg,13
./balancer/population/population100real\13\194.jpg,13
./balancer/population/population100real\13\20.jpg,13
./balancer/population/population100real\13\200.jpg,13
./balancer/population/population100real\13\201.jpg,13
./balancer/population/population100real\13\203.jpg,13
./balancer/population/population100real\13\208.jpg,13
./balancer/population/population100real\13\211.jpg,13
./balancer/population/population100real\13\212.jpg,13
./balancer/population/population100real\13\22.jpg,13
./balancer/population/population100real\13\221.jpg,13
./balancer/population/population100real\13\226.jpg,13
./balancer/population/population100real\13\23.jpg,13
./balancer/population/population100real\13\231.jpg,13
./balancer/population/population100real\13\232.jpg,13
./balancer/population/population100real\13\235.jpg,13
./balancer/population/population100real\13\241.jpg,13
./balancer/population/population100real\13\246.jpg,13
./balancer/population/population100real\13\250.jpg,13
./balancer/population/population100real\13\253.jpg,13
./balancer/population/population100real\13\255.jpg,13
./balancer/population/population100real\13\257.jpg,13
./balancer/population/population100real\13\26.jpg,13
./balancer/population/population100real\13\264.jpg,13
./balancer/population/population100real\13\265.jpg,13
./balancer/population/population100real\13\267.jpg,13
./balancer/population/population100real\13\268.jpg,13
./balancer/population/population100real\13\270.jpg,13
./balancer/population/population100real\13\274.jpg,13
./balancer/population/population100real\13\280.jpg,13
./balancer/population/population100real\13\282.jpg,13
./balancer/population/population100real\13\283.jpg,13
./balancer/population/population100real\13\287.jpg,13
./balancer/population/population100real\13\29.jpg,13
./balancer/population/population100real\13\291.jpg,13
./balancer/population/population100real\13\302.jpg,13
./balancer/population/population100real\13\308.JPG,13
./balancer/population/population100real\13\31.jpg,13
./balancer/population/population100real\13\311.jpg,13
./balancer/population/population100real\13\315.jpg,13
./balancer/population/population100real\13\316.jpg,13
./balancer/population/population100real\13\318.jpg,13
./balancer/population/population100real\13\323.jpg,13
./balancer/population/population100real\13\326.jpg,13
./balancer/population/population100real\13\330.jpg,13
./balancer/population/population100real\13\331.jpg,13
./balancer/population/population100real\13\333.jpg,13
./balancer/population/population100real\13\336.jpg,13
./balancer/population/population100real\13\339.jpg,13
./balancer/population/population100real\13\341.jpg,13
./balancer/population/population100real\13\344.jpg,13
./balancer/population/population100real\13\349.jpg,13
./balancer/population/population100real\13\35.JPG,13
./balancer/population/population100real\13\351.jpg,13
./balancer/population/population100real\13\353.jpg,13
./balancer/population/population100real\13\354.jpg,13
./balancer/population/population100real\13\355.jpg,13
./balancer/population/population100real\13\360.JPG,13
./balancer/population/population100real\13\364.jpg,13
./balancer/population/population100real\13\370.jpg,13
./balancer/population/population100real\13\373.jpg,13
./balancer/population/population100real\13\376.jpg,13
./balancer/population/population100real\13\38.jpg,13
./balancer/population/population100real\13\383.jpg,13
./balancer/population/population100real\13\384.jpg,13
./balancer/population/population100real\13\385.jpg,13
./balancer/population/population100real\13\388.jpg,13
./balancer/population/population100real\13\39.jpg,13
./balancer/population/population100real\13\391.jpg,13
./balancer/population/population100real\13\392.jpg,13
./balancer/population/population100real\13\393.jpg,13
./balancer/population/population100real\13\396.jpg,13
./balancer/population/population100real\13\399.jpg,13
./balancer/population/population100real\13\402.jpg,13
./balancer/population/population100real\13\403.jpg,13
./balancer/population/population100real\13\404.jpg,13
./balancer/population/population100real\13\405.jpg,13
./balancer/population/population100real\13\408.jpg,13
./balancer/population/population100real\13\41.jpg,13
./balancer/population/population100real\13\411.jpg,13
./balancer/population/population100real\13\416.jpg,13
./balancer/population/population100real\13\42.jpg,13
./balancer/population/population100real\13\420.jpg,13
./balancer/population/population100real\13\423.jpg,13
./balancer/population/population100real\13\426.jpg,13
./balancer/population/population100real\13\427.jpg,13
./balancer/population/population100real\13\43.jpg,13
./balancer/population/population100real\13\430.jpg,13
./balancer/population/population100real\13\435.jpg,13
./balancer/population/population100real\13\436.jpg,13
./balancer/population/population100real\13\437.jpg,13
./balancer/population/population100real\13\438.jpg,13
./balancer/population/population100real\13\439.jpg,13
./balancer/population/population100real\13\44.jpg,13
./balancer/population/population100real\13\444.jpg,13
./balancer/population/population100real\13\445.jpg,13
./balancer/population/population100real\13\447.jpg,13
./balancer/population/population100real\13\448.jpg,13
./balancer/population/population100real\13\452.jpg,13
./balancer/population/population100real\13\453.jpg,13
./balancer/population/population100real\13\456.jpg,13
./balancer/population/population100real\13\459.jpg,13
./balancer/population/population100real\13\460.jpg,13
./balancer/population/population100real\13\471.jpg,13
./balancer/population/population100real\13\473.jpg,13
./balancer/population/population100real\13\475.jpg,13
./balancer/population/population100real\13\480.jpg,13
./balancer/population/population100real\13\483.jpg,13
./balancer/population/population100real\13\484.jpg,13
./balancer/population/population100real\13\486.jpg,13
./balancer/population/population100real\13\49.jpg,13
./balancer/population/population100real\13\490.jpg,13
./balancer/population/population100real\13\499.jpg,13
./balancer/population/population100real\13\501.jpg,13
./balancer/population/population100real\13\502.jpg,13
./balancer/population/population100real\13\507.jpg,13
./balancer/population/population100real\13\509.jpg,13
./balancer/population/population100real\13\51.jpg,13
./balancer/population/population100real\13\511.jpg,13
./balancer/population/population100real\13\513.jpg,13
./balancer/population/population100real\13\519.jpg,13
./balancer/population/population100real\13\52.jpg,13
./balancer/population/population100real\13\522.jpg,13
./balancer/population/population100real\13\525.jpg,13
./balancer/population/population100real\13\528.JPG,13
./balancer/population/population100real\13\531.jpg,13
./balancer/population/population100real\13\536.jpg,13
./balancer/population/population100real\13\541.jpg,13
./balancer/population/population100real\13\542.jpg,13
./balancer/population/population100real\13\543.jpg,13
./balancer/population/population100real\13\548.jpg,13
./balancer/population/population100real\13\553.jpg,13
./balancer/population/population100real\13\554.jpg,13
./balancer/population/population100real\13\559.jpg,13
./balancer/population/population100real\13\563.jpg,13
./balancer/population/population100real\13\565.jpg,13
./balancer/population/population100real\13\570.jpg,13
./balancer/population/population100real\13\574.jpg,13
./balancer/population/population100real\13\579.jpg,13
./balancer/population/population100real\13\58.jpg,13
./balancer/population/population100real\13\580.jpg,13
./balancer/population/population100real\13\585.jpg,13
./balancer/population/population100real\13\587.jpg,13
./balancer/population/population100real\13\592.jpg,13
./balancer/population/population100real\13\606.jpg,13
./balancer/population/population100real\13\61.jpg,13
./balancer/population/population100real\13\610.jpg,13
./balancer/population/population100real\13\611.jpg,13
./balancer/population/population100real\13\612.jpg,13
./balancer/population/population100real\13\614.jpg,13
./balancer/population/population100real\13\615.jpg,13
./balancer/population/population100real\13\618.jpg,13
./balancer/population/population100real\13\622.jpg,13
./balancer/population/population100real\13\630.jpg,13
./balancer/population/population100real\13\635.jpg,13
./balancer/population/population100real\13\653.jpg,13
./balancer/population/population100real\13\655.JPG,13
./balancer/population/population100real\13\656.jpg,13
./balancer/population/population100real\13\657.jpg,13
./balancer/population/population100real\13\658.jpg,13
./balancer/population/population100real\13\659.jpg,13
./balancer/population/population100real\13\66.jpg,13
./balancer/population/population100real\13\662.jpg,13
./balancer/population/population100real\13\665.jpg,13
./balancer/population/population100real\13\672.jpg,13
./balancer/population/population100real\13\675.jpg,13
./balancer/population/population100real\13\680.jpg,13
./balancer/population/population100real\13\682.jpg,13
./balancer/population/population100real\13\69.jpg,13
./balancer/population/population100real\13\690.jpg,13
./balancer/population/population100real\13\693.jpg,13
./balancer/population/population100real\13\698.jpg,13
./balancer/population/population100real\13\70.jpg,13
./balancer/population/population100real\13\707.jpg,13
./balancer/population/population100real\13\709.jpg,13
./balancer/population/population100real\13\71.jpg,13
./balancer/population/population100real\13\710.jpg,13
./balancer/population/population100real\13\72.jpg,13
./balancer/population/population100real\13\73.jpg,13
./balancer/population/population100real\13\74.jpg,13
./balancer/population/population100real\13\77.JPG,13
./balancer/population/population100real\13\78.jpg,13
./balancer/population/population100real\13\80.jpg,13
./balancer/population/population100real\13\9.jpg,13
./balancer/population/population100real\13\98.jpg,13
./balancer/population/population100real\13\99.jpg,13
./balancer/population/population100real\14\1005.jpg,14
./balancer/population/population100real\14\1011.jpg,14
./balancer/population/population100real\14\1015.jpg,14
./balancer/population/population100real\14\1016.jpg,14
./balancer/population/population100real\14\1028.jpg,14
./balancer/population/population100real\14\1031.jpg,14
./balancer/population/population100real\14\1049.jpg,14
./balancer/population/population100real\14\1050.jpg,14
./balancer/population/population100real\14\106.jpg,14
./balancer/population/population100real\14\1065.jpg,14
./balancer/population/population100real\14\1066.jpg,14
./balancer/population/population100real\14\107.jpg,14
./balancer/population/population100real\14\1094.jpg,14
./balancer/population/population100real\14\1104.jpg,14
./balancer/population/population100real\14\1107.jpg,14
./balancer/population/population100real\14\1112.jpg,14
./balancer/population/population100real\14\1114.jpg,14
./balancer/population/population100real\14\1116.jpg,14
./balancer/population/population100real\14\1120.jpg,14
./balancer/population/population100real\14\1125.jpg,14
./balancer/population/population100real\14\1126.jpg,14
./balancer/population/population100real\14\1133.jpg,14
./balancer/population/population100real\14\1136.jpg,14
./balancer/population/population100real\14\1150.jpg,14
./balancer/population/population100real\14\1160.jpg,14
./balancer/population/population100real\14\1161.jpg,14
./balancer/population/population100real\14\1163.jpg,14
./balancer/population/population100real\14\121.jpg,14
./balancer/population/population100real\14\1225.jpg,14
./balancer/population/population100real\14\1232.jpg,14
./balancer/population/population100real\14\124.jpg,14
./balancer/population/population100real\14\1255.jpg,14
./balancer/population/population100real\14\1260.jpg,14
./balancer/population/population100real\14\1263.jpg,14
./balancer/population/population100real\14\1270.jpg,14
./balancer/population/population100real\14\128.jpg,14
./balancer/population/population100real\14\130.jpg,14
./balancer/population/population100real\14\1333.jpg,14
./balancer/population/population100real\14\1340.jpg,14
./balancer/population/population100real\14\1342.jpg,14
./balancer/population/population100real\14\1365.jpg,14
./balancer/population/population100real\14\1368.jpg,14
./balancer/population/population100real\14\1373.jpg,14
./balancer/population/population100real\14\1376.jpg,14
./balancer/population/population100real\14\1379.jpg,14
./balancer/population/population100real\14\1380.jpg,14
./balancer/population/population100real\14\1384.jpg,14
./balancer/population/population100real\14\1402.jpg,14
./balancer/population/population100real\14\142.jpg,14
./balancer/population/population100real\14\1425.jpg,14
./balancer/population/population100real\14\1429.jpg,14
./balancer/population/population100real\14\1435.jpg,14
./balancer/population/population100real\14\1441.jpg,14
./balancer/population/population100real\14\1442.jpg,14
./balancer/population/population100real\14\1449.jpg,14
./balancer/population/population100real\14\1456.jpg,14
./balancer/population/population100real\14\1458.jpg,14
./balancer/population/population100real\14\1462.jpg,14
./balancer/population/population100real\14\1463.jpg,14
./balancer/population/population100real\14\149.jpg,14
./balancer/population/population100real\14\1504.jpg,14
./balancer/population/population100real\14\1520.jpg,14
./balancer/population/population100real\14\1551.jpg,14
./balancer/population/population100real\14\1556.jpg,14
./balancer/population/population100real\14\1558.jpg,14
./balancer/population/population100real\14\1575.jpg,14
./balancer/population/population100real\14\1576.jpg,14
./balancer/population/population100real\14\1592.jpg,14
./balancer/population/population100real\14\1594.jpg,14
./balancer/population/population100real\14\1597.jpg,14
./balancer/population/population100real\14\1600.jpg,14
./balancer/population/population100real\14\1605.jpg,14
./balancer/population/population100real\14\1608.jpg,14
./balancer/population/population100real\14\161.jpg,14
./balancer/population/population100real\14\1616.jpg,14
./balancer/population/population100real\14\1625.jpg,14
./balancer/population/population100real\14\1629.jpg,14
./balancer/population/population100real\14\1632.jpg,14
./balancer/population/population100real\14\1640.jpg,14
./balancer/population/population100real\14\1648.jpg,14
./balancer/population/population100real\14\1652.jpg,14
./balancer/population/population100real\14\1655.jpg,14
./balancer/population/population100real\14\166.jpg,14
./balancer/population/population100real\14\1671.jpg,14
./balancer/population/population100real\14\1679.jpg,14
./balancer/population/population100real\14\1681.jpg,14
./balancer/population/population100real\14\1691.jpg,14
./balancer/population/population100real\14\170.jpg,14
./balancer/population/population100real\14\1709.jpg,14
./balancer/population/population100real\14\1719.jpg,14
./balancer/population/population100real\14\1728.jpg,14
./balancer/population/population100real\14\1732.jpg,14
./balancer/population/population100real\14\1751.jpg,14
./balancer/population/population100real\14\1755.jpg,14
./balancer/population/population100real\14\1760.jpg,14
./balancer/population/population100real\14\1770.jpg,14
./balancer/population/population100real\14\1781.jpg,14
./balancer/population/population100real\14\1784.jpg,14
./balancer/population/population100real\14\1788.jpg,14
./balancer/population/population100real\14\1808.jpg,14
./balancer/population/population100real\14\181.jpg,14
./balancer/population/population100real\14\1823.jpg,14
./balancer/population/population100real\14\1824.jpg,14
./balancer/population/population100real\14\1828.jpg,14
./balancer/population/population100real\14\1841.jpg,14
./balancer/population/population100real\14\1861.jpg,14
./balancer/population/population100real\14\1864.jpg,14
./balancer/population/population100real\14\1879.jpg,14
./balancer/population/population100real\14\1882.jpg,14
./balancer/population/population100real\14\1896.jpg,14
./balancer/population/population100real\14\19.jpg,14
./balancer/population/population100real\14\193.jpg,14
./balancer/population/population100real\14\195.jpg,14
./balancer/population/population100real\14\204.jpg,14
./balancer/population/population100real\14\227.jpg,14
./balancer/population/population100real\14\235.jpg,14
./balancer/population/population100real\14\241.jpg,14
./balancer/population/population100real\14\245.jpg,14
./balancer/population/population100real\14\262.jpg,14
./balancer/population/population100real\14\269.jpg,14
./balancer/population/population100real\14\281.jpg,14
./balancer/population/population100real\14\283.jpg,14
./balancer/population/population100real\14\287.jpg,14
./balancer/population/population100real\14\29.jpg,14
./balancer/population/population100real\14\299.jpg,14
./balancer/population/population100real\14\306.jpg,14
./balancer/population/population100real\14\338.jpg,14
./balancer/population/population100real\14\371.jpg,14
./balancer/population/population100real\14\38.jpg,14
./balancer/population/population100real\14\380.jpg,14
./balancer/population/population100real\14\39.jpg,14
./balancer/population/population100real\14\390.jpg,14
./balancer/population/population100real\14\392.jpg,14
./balancer/population/population100real\14\401.jpg,14
./balancer/population/population100real\14\408.jpg,14
./balancer/population/population100real\14\418.jpg,14
./balancer/population/population100real\14\425.jpg,14
./balancer/population/population100real\14\429.jpg,14
./balancer/population/population100real\14\435.jpg,14
./balancer/population/population100real\14\437.JPG,14
./balancer/population/population100real\14\442.jpg,14
./balancer/population/population100real\14\448.jpg,14
./balancer/population/population100real\14\454.jpg,14
./balancer/population/population100real\14\466.jpg,14
./balancer/population/population100real\14\474.jpg,14
./balancer/population/population100real\14\493.jpg,14
./balancer/population/population100real\14\500.jpg,14
./balancer/population/population100real\14\507.jpg,14
./balancer/population/population100real\14\51.jpg,14
./balancer/population/population100real\14\523.jpg,14
./balancer/population/population100real\14\524.jpg,14
./balancer/population/population100real\14\526.jpg,14
./balancer/population/population100real\14\547.jpg,14
./balancer/population/population100real\14\554.jpg,14
./balancer/population/population100real\14\56.jpg,14
./balancer/population/population100real\14\565.jpg,14
./balancer/population/population100real\14\566.jpg,14
./balancer/population/population100real\14\567.jpg,14
./balancer/population/population100real\14\590.jpg,14
./balancer/population/population100real\14\596.jpg,14
./balancer/population/population100real\14\606.jpg,14
./balancer/population/population100real\14\611.jpg,14
./balancer/population/population100real\14\62.jpg,14
./balancer/population/population100real\14\622.jpg,14
./balancer/population/population100real\14\63.jpg,14
./balancer/population/population100real\14\635.jpg,14
./balancer/population/population100real\14\641.jpg,14
./balancer/population/population100real\14\642.jpg,14
./balancer/population/population100real\14\647.jpg,14
./balancer/population/population100real\14\65.jpg,14
./balancer/population/population100real\14\654.jpg,14
./balancer/population/population100real\14\658.jpg,14
./balancer/population/population100real\14\663.jpg,14
./balancer/population/population100real\14\667.jpg,14
./balancer/population/population100real\14\668.jpg,14
./balancer/population/population100real\14\677.jpg,14
./balancer/population/population100real\14\694.jpg,14
./balancer/population/population100real\14\695.jpg,14
./balancer/population/population100real\14\704.jpg,14
./balancer/population/population100real\14\706.jpg,14
./balancer/population/population100real\14\709.jpg,14
./balancer/population/population100real\14\713.jpg,14
./balancer/population/population100real\14\737.jpg,14
./balancer/population/population100real\14\738.jpg,14
./balancer/population/population100real\14\74.jpg,14
./balancer/population/population100real\14\744.jpg,14
./balancer/population/population100real\14\759.jpg,14
./balancer/population/population100real\14\77.jpg,14
./balancer/population/population100real\14\776.jpg,14
./balancer/population/population100real\14\78.JPG,14
./balancer/population/population100real\14\781.jpg,14
./balancer/population/population100real\14\795.jpg,14
./balancer/population/population100real\14\803.jpg,14
./balancer/population/population100real\14\821.jpg,14
./balancer/population/population100real\14\828.jpg,14
./balancer/population/population100real\14\844.jpg,14
./balancer/population/population100real\14\845.jpg,14
./balancer/population/population100real\14\850.jpg,14
./balancer/population/population100real\14\862.jpg,14
./balancer/population/population100real\14\863.jpg,14
./balancer/population/population100real\14\879.jpg,14
./balancer/population/population100real\14\881.jpg,14
./balancer/population/population100real\14\909.jpg,14
./balancer/population/population100real\14\911.jpg,14
./balancer/population/population100real\14\922.jpg,14
./balancer/population/population100real\14\935.jpg,14
./balancer/population/population100real\14\942.jpg,14
./balancer/population/population100real\14\953.jpg,14
./balancer/population/population100real\14\957.jpg,14
./balancer/population/population100real\14\961.jpg,14
./balancer/population/population100real\14\962.jpg,14
./balancer/population/population100real\14\964.jpg,14
./balancer/population/population100real\14\969.jpg,14
./balancer/population/population100real\14\987.jpg,14
./balancer/population/population100real\14\988.jpg,14
./balancer/population/population100real\14\989.jpg,14
./balancer/population/population100real\14\99.jpg,14
./balancer/population/population100real\14\992.jpg,14
./balancer/population/population100real\15\1012.jpg,15
./balancer/population/population100real\15\1013.jpg,15
./balancer/population/population100real\15\1023.jpg,15
./balancer/population/population100real\15\1036.jpg,15
./balancer/population/population100real\15\1038.jpg,15
./balancer/population/population100real\15\1064.jpg,15
./balancer/population/population100real\15\1065.jpg,15
./balancer/population/population100real\15\1083.jpg,15
./balancer/population/population100real\15\1105.jpg,15
./balancer/population/population100real\15\1107.jpg,15
./balancer/population/population100real\15\1135.jpg,15
./balancer/population/population100real\15\1137.jpg,15
./balancer/population/population100real\15\1157.jpg,15
./balancer/population/population100real\15\1170.JPG,15
./balancer/population/population100real\15\1184.jpg,15
./balancer/population/population100real\15\1185.jpg,15
./balancer/population/population100real\15\1208.jpg,15
./balancer/population/population100real\15\1211.jpg,15
./balancer/population/population100real\15\1225.jpg,15
./balancer/population/population100real\15\1239.jpg,15
./balancer/population/population100real\15\125.jpg,15
./balancer/population/population100real\15\1255.jpg,15
./balancer/population/population100real\15\1261.jpg,15
./balancer/population/population100real\15\1263.jpg,15
./balancer/population/population100real\15\1267.jpg,15
./balancer/population/population100real\15\1269.jpg,15
./balancer/population/population100real\15\1271.jpg,15
./balancer/population/population100real\15\1278.jpg,15
./balancer/population/population100real\15\1279.jpg,15
./balancer/population/population100real\15\128.jpg,15
./balancer/population/population100real\15\1285.jpg,15
./balancer/population/population100real\15\1290.jpg,15
./balancer/population/population100real\15\1296.jpg,15
./balancer/population/population100real\15\1301.jpg,15
./balancer/population/population100real\15\1314.jpg,15
./balancer/population/population100real\15\1332.jpg,15
./balancer/population/population100real\15\1341.jpg,15
./balancer/population/population100real\15\1353.jpg,15
./balancer/population/population100real\15\1354.jpg,15
./balancer/population/population100real\15\1391.jpg,15
./balancer/population/population100real\15\140.jpg,15
./balancer/population/population100real\15\1402.jpg,15
./balancer/population/population100real\15\1426.jpg,15
./balancer/population/population100real\15\1452.jpg,15
./balancer/population/population100real\15\1455.jpg,15
./balancer/population/population100real\15\1480.jpg,15
./balancer/population/population100real\15\1493.jpg,15
./balancer/population/population100real\15\1494.jpg,15
./balancer/population/population100real\15\1499.jpg,15
./balancer/population/population100real\15\1507.jpg,15
./balancer/population/population100real\15\1527.jpg,15
./balancer/population/population100real\15\1528.jpg,15
./balancer/population/population100real\15\1529.jpg,15
./balancer/population/population100real\15\1536.jpg,15
./balancer/population/population100real\15\1541.jpg,15
./balancer/population/population100real\15\1549.jpg,15
./balancer/population/population100real\15\1559.jpg,15
./balancer/population/population100real\15\1561.jpg,15
./balancer/population/population100real\15\1565.jpg,15
./balancer/population/population100real\15\1569.jpg,15
./balancer/population/population100real\15\1579.jpg,15
./balancer/population/population100real\15\1587.jpg,15
./balancer/population/population100real\15\1594.jpg,15
./balancer/population/population100real\15\16.jpg,15
./balancer/population/population100real\15\1614.jpg,15
./balancer/population/population100real\15\1650.jpg,15
./balancer/population/population100real\15\1660.jpg,15
./balancer/population/population100real\15\1669.jpg,15
./balancer/population/population100real\15\1672.jpg,15
./balancer/population/population100real\15\169.jpg,15
./balancer/population/population100real\15\1691.jpg,15
./balancer/population/population100real\15\1706.jpg,15
./balancer/population/population100real\15\1719.jpg,15
./balancer/population/population100real\15\1727.jpg,15
./balancer/population/population100real\15\1733.jpg,15
./balancer/population/population100real\15\1779.jpg,15
./balancer/population/population100real\15\1780.jpg,15
./balancer/population/population100real\15\1794.jpg,15
./balancer/population/population100real\15\1801.jpg,15
./balancer/population/population100real\15\1813.jpg,15
./balancer/population/population100real\15\1815.jpg,15
./balancer/population/population100real\15\1824.jpg,15
./balancer/population/population100real\15\1837.jpg,15
./balancer/population/population100real\15\1847.jpg,15
./balancer/population/population100real\15\1861.jpg,15
./balancer/population/population100real\15\1872.jpg,15
./balancer/population/population100real\15\1873.jpg,15
./balancer/population/population100real\15\1880.jpg,15
./balancer/population/population100real\15\1883.jpg,15
./balancer/population/population100real\15\1885.jpg,15
./balancer/population/population100real\15\1890.jpg,15
./balancer/population/population100real\15\1894.jpg,15
./balancer/population/population100real\15\190.jpg,15
./balancer/population/population100real\15\1911.jpg,15
./balancer/population/population100real\15\1916.jpg,15
./balancer/population/population100real\15\1919.jpg,15
./balancer/population/population100real\15\1921.jpg,15
./balancer/population/population100real\15\1924.jpg,15
./balancer/population/population100real\15\193.jpg,15
./balancer/population/population100real\15\1937.jpg,15
./balancer/population/population100real\15\1947.jpg,15
./balancer/population/population100real\15\1967.jpg,15
./balancer/population/population100real\15\199.jpg,15
./balancer/population/population100real\15\2.jpg,15
./balancer/population/population100real\15\2009.jpg,15
./balancer/population/population100real\15\2012.jpg,15
./balancer/population/population100real\15\2013.jpg,15
./balancer/population/population100real\15\2020.jpg,15
./balancer/population/population100real\15\2031.jpg,15
./balancer/population/population100real\15\2038.jpg,15
./balancer/population/population100real\15\2060.jpg,15
./balancer/population/population100real\15\2075.jpg,15
./balancer/population/population100real\15\2076.jpg,15
./balancer/population/population100real\15\2090.jpg,15
./balancer/population/population100real\15\21.jpg,15
./balancer/population/population100real\15\2112.jpg,15
./balancer/population/population100real\15\2116.jpg,15
./balancer/population/population100real\15\2131.jpg,15
./balancer/population/population100real\15\2147.jpg,15
./balancer/population/population100real\15\2153.jpg,15
./balancer/population/population100real\15\216.jpg,15
./balancer/population/population100real\15\2169.jpg,15
./balancer/population/population100real\15\2172.jpg,15
./balancer/population/population100real\15\2183.jpg,15
./balancer/population/population100real\15\220.jpg,15
./balancer/population/population100real\15\2230.jpg,15
./balancer/population/population100real\15\2234.jpg,15
./balancer/population/population100real\15\2238.jpg,15
./balancer/population/population100real\15\2243.jpg,15
./balancer/population/population100real\15\245.jpg,15
./balancer/population/population100real\15\268.jpg,15
./balancer/population/population100real\15\272.jpg,15
./balancer/population/population100real\15\281.jpg,15
./balancer/population/population100real\15\283.jpg,15
./balancer/population/population100real\15\29.jpg,15
./balancer/population/population100real\15\292.jpg,15
./balancer/population/population100real\15\301.jpg,15
./balancer/population/population100real\15\32.jpg,15
./balancer/population/population100real\15\321.jpg,15
./balancer/population/population100real\15\326.jpg,15
./balancer/population/population100real\15\332.jpg,15
./balancer/population/population100real\15\346.jpg,15
./balancer/population/population100real\15\347.jpg,15
./balancer/population/population100real\15\395.jpg,15
./balancer/population/population100real\15\396.jpg,15
./balancer/population/population100real\15\4.jpg,15
./balancer/population/population100real\15\418.jpg,15
./balancer/population/population100real\15\421.jpg,15
./balancer/population/population100real\15\427.jpg,15
./balancer/population/population100real\15\432.jpg,15
./balancer/population/population100real\15\433.jpg,15
./balancer/population/population100real\15\439.jpg,15
./balancer/population/population100real\15\443.jpg,15
./balancer/population/population100real\15\444.jpg,15
./balancer/population/population100real\15\445.jpg,15
./balancer/population/population100real\15\459.jpg,15
./balancer/population/population100real\15\484.jpg,15
./balancer/population/population100real\15\488.jpg,15
./balancer/population/population100real\15\495.jpg,15
./balancer/population/population100real\15\501.jpg,15
./balancer/population/population100real\15\505.jpg,15
./balancer/population/population100real\15\511.jpg,15
./balancer/population/population100real\15\513.jpg,15
./balancer/population/population100real\15\514.jpg,15
./balancer/population/population100real\15\521.jpg,15
./balancer/population/population100real\15\526.jpg,15
./balancer/population/population100real\15\527.jpg,15
./balancer/population/population100real\15\547.jpg,15
./balancer/population/population100real\15\55.jpg,15
./balancer/population/population100real\15\559.jpg,15
./balancer/population/population100real\15\570.jpg,15
./balancer/population/population100real\15\575.jpg,15
./balancer/population/population100real\15\577.jpg,15
./balancer/population/population100real\15\587.jpg,15
./balancer/population/population100real\15\590.jpg,15
./balancer/population/population100real\15\61.jpg,15
./balancer/population/population100real\15\622.jpg,15
./balancer/population/population100real\15\624.jpg,15
./balancer/population/population100real\15\63.jpg,15
./balancer/population/population100real\15\630.jpg,15
./balancer/population/population100real\15\633.jpg,15
./balancer/population/population100real\15\642.jpg,15
./balancer/population/population100real\15\645.jpg,15
./balancer/population/population100real\15\654.jpg,15
./balancer/population/population100real\15\657.jpg,15
./balancer/population/population100real\15\675.jpg,15
./balancer/population/population100real\15\701.jpg,15
./balancer/population/population100real\15\738.jpg,15
./balancer/population/population100real\15\740.jpg,15
./balancer/population/population100real\15\742.jpg,15
./balancer/population/population100real\15\75.jpg,15
./balancer/population/population100real\15\756.jpg,15
./balancer/population/population100real\15\758.jpg,15
./balancer/population/population100real\15\760.jpg,15
./balancer/population/population100real\15\762.jpg,15
./balancer/population/population100real\15\766.jpg,15
./balancer/population/population100real\15\767.jpg,15
./balancer/population/population100real\15\792.jpg,15
./balancer/population/population100real\15\805.jpg,15
./balancer/population/population100real\15\813.jpg,15
./balancer/population/population100real\15\814.jpg,15
./balancer/population/population100real\15\819.jpg,15
./balancer/population/population100real\15\824.jpg,15
./balancer/population/population100real\15\828.jpg,15
./balancer/population/population100real\15\829.jpg,15
./balancer/population/population100real\15\830.jpg,15
./balancer/population/population100real\15\841.jpg,15
./balancer/population/population100real\15\853.jpg,15
./balancer/population/population100real\15\854.jpg,15
./balancer/population/population100real\15\871.jpg,15
./balancer/population/population100real\15\9.jpg,15
./balancer/population/population100real\15\920.jpg,15
./balancer/population/population100real\15\929.jpg,15
./balancer/population/population100real\15\933.jpg,15
./balancer/population/population100real\15\946.jpg,15
./balancer/population/population100real\15\960.jpg,15
./balancer/population/population100real\15\961.jpg,15
./balancer/population/population100real\15\967.jpg,15
./balancer/population/population100real\15\97.jpg,15
./balancer/population/population100real\15\979.jpg,15
./balancer/population/population100real\15\987.jpg,15
./balancer/population/population100real\15\996.jpg,15
./balancer/population/population100real\15\997.jpg,15
./balancer/population/population100real\16\100.jpg,16
./balancer/population/population100real\16\1008.jpg,16
./balancer/population/population100real\16\1027.jpg,16
./balancer/population/population100real\16\104.jpg,16
./balancer/population/population100real\16\1058.jpg,16
./balancer/population/population100real\16\1082.JPG,16
./balancer/population/population100real\16\1094.JPG,16
./balancer/population/population100real\16\1109.JPG,16
./balancer/population/population100real\16\1123.jpg,16
./balancer/population/population100real\16\1136.jpg,16
./balancer/population/population100real\16\1153.JPG,16
./balancer/population/population100real\16\1156.jpg,16
./balancer/population/population100real\16\1178.jpg,16
./balancer/population/population100real\16\1179.jpg,16
./balancer/population/population100real\16\1184.JPG,16
./balancer/population/population100real\16\1190.JPG,16
./balancer/population/population100real\16\1222.jpg,16
./balancer/population/population100real\16\1226.jpg,16
./balancer/population/population100real\16\1239.jpg,16
./balancer/population/population100real\16\1242.jpg,16
./balancer/population/population100real\16\127.jpg,16
./balancer/population/population100real\16\128.jpg,16
./balancer/population/population100real\16\1291.JPG,16
./balancer/population/population100real\16\1294.jpg,16
./balancer/population/population100real\16\1309.JPG,16
./balancer/population/population100real\16\1312.jpg,16
./balancer/population/population100real\16\1343.jpg,16
./balancer/population/population100real\16\1345.jpg,16
./balancer/population/population100real\16\1366.JPG,16
./balancer/population/population100real\16\1379.JPG,16
./balancer/population/population100real\16\1402.jpg,16
./balancer/population/population100real\16\1406.jpg,16
./balancer/population/population100real\16\1418.jpg,16
./balancer/population/population100real\16\1432.jpg,16
./balancer/population/population100real\16\146.jpg,16
./balancer/population/population100real\16\1474.JPG,16
./balancer/population/population100real\16\1475.JPG,16
./balancer/population/population100real\16\1495.jpg,16
./balancer/population/population100real\16\1502.jpg,16
./balancer/population/population100real\16\1532.JPG,16
./balancer/population/population100real\16\1539.JPG,16
./balancer/population/population100real\16\1542.JPG,16
./balancer/population/population100real\16\1549.jpg,16
./balancer/population/population100real\16\1585.JPG,16
./balancer/population/population100real\16\1596.jpg,16
./balancer/population/population100real\16\1597.JPG,16
./balancer/population/population100real\16\1600.jpg,16
./balancer/population/population100real\16\1609.JPG,16
./balancer/population/population100real\16\1664.jpg,16
./balancer/population/population100real\16\1670.JPG,16
./balancer/population/population100real\16\1676.JPG,16
./balancer/population/population100real\16\1684.jpg,16
./balancer/population/population100real\16\1717.jpg,16
./balancer/population/population100real\16\1723.jpg,16
./balancer/population/population100real\16\174.jpg,16
./balancer/population/population100real\16\1746.jpg,16
./balancer/population/population100real\16\1818.JPG,16
./balancer/population/population100real\16\183.jpg,16
./balancer/population/population100real\16\1851.JPG,16
./balancer/population/population100real\16\1858.JPG,16
./balancer/population/population100real\16\187.jpg,16
./balancer/population/population100real\16\1873.JPG,16
./balancer/population/population100real\16\1881.JPG,16
./balancer/population/population100real\16\1922.jpg,16
./balancer/population/population100real\16\1928.jpg,16
./balancer/population/population100real\16\193.jpg,16
./balancer/population/population100real\16\1934.jpg,16
./balancer/population/population100real\16\2032.jpg,16
./balancer/population/population100real\16\2043.jpg,16
./balancer/population/population100real\16\2048.jpg,16
./balancer/population/population100real\16\2051.JPG,16
./balancer/population/population100real\16\2069.jpg,16
./balancer/population/population100real\16\2100.jpg,16
./balancer/population/population100real\16\2127.JPG,16
./balancer/population/population100real\16\2131.jpg,16
./balancer/population/population100real\16\2189.jpg,16
./balancer/population/population100real\16\2192.jpg,16
./balancer/population/population100real\16\2193.jpg,16
./balancer/population/population100real\16\2194.jpg,16
./balancer/population/population100real\16\2239.JPG,16
./balancer/population/population100real\16\2288.JPG,16
./balancer/population/population100real\16\2303.jpg,16
./balancer/population/population100real\16\2305.jpg,16
./balancer/population/population100real\16\2352.jpg,16
./balancer/population/population100real\16\2366.JPG,16
./balancer/population/population100real\16\2381.jpg,16
./balancer/population/population100real\16\2396.JPG,16
./balancer/population/population100real\16\2398.JPG,16
./balancer/population/population100real\16\2436.JPG,16
./balancer/population/population100real\16\245.JPG,16
./balancer/population/population100real\16\2463.jpg,16
./balancer/population/population100real\16\2484.jpg,16
./balancer/population/population100real\16\2506.jpg,16
./balancer/population/population100real\16\2528.jpg,16
./balancer/population/population100real\16\2542.JPG,16
./balancer/population/population100real\16\2580.jpg,16
./balancer/population/population100real\16\2584.jpg,16
./balancer/population/population100real\16\2607.jpg,16
./balancer/population/population100real\16\2611.JPG,16
./balancer/population/population100real\16\2651.jpg,16
./balancer/population/population100real\16\2675.JPG,16
./balancer/population/population100real\16\2676.jpg,16
./balancer/population/population100real\16\2693.jpg,16
./balancer/population/population100real\16\2713.jpg,16
./balancer/population/population100real\16\273.jpg,16
./balancer/population/population100real\16\2765.jpg,16
./balancer/population/population100real\16\278.jpg,16
./balancer/population/population100real\16\2793.JPG,16
./balancer/population/population100real\16\2808.jpg,16
./balancer/population/population100real\16\2812.jpg,16
./balancer/population/population100real\16\2825.JPG,16
./balancer/population/population100real\16\2850.jpg,16
./balancer/population/population100real\16\2885.JPG,16
./balancer/population/population100real\16\2888.jpg,16
./balancer/population/population100real\16\2890.JPG,16
./balancer/population/population100real\16\2920.jpg,16
./balancer/population/population100real\16\2924.JPG,16
./balancer/population/population100real\16\2940.jpg,16
./balancer/population/population100real\16\2955.jpg,16
./balancer/population/population100real\16\2958.jpg,16
./balancer/population/population100real\16\2965.jpg,16
./balancer/population/population100real\16\2976.jpg,16
./balancer/population/population100real\16\3005.jpg,16
./balancer/population/population100real\16\3013.jpg,16
./balancer/population/population100real\16\3018.jpg,16
./balancer/population/population100real\16\3050.JPG,16
./balancer/population/population100real\16\3072.JPG,16
./balancer/population/population100real\16\3081.JPG,16
./balancer/population/population100real\16\3105.jpg,16
./balancer/population/population100real\16\3109.JPG,16
./balancer/population/population100real\16\311.jpg,16
./balancer/population/population100real\16\3110.JPG,16
./balancer/population/population100real\16\3126.JPG,16
./balancer/population/population100real\16\3132.JPG,16
./balancer/population/population100real\16\3156.jpg,16
./balancer/population/population100real\16\3159.jpg,16
./balancer/population/population100real\16\316.jpg,16
./balancer/population/population100real\16\3169.jpg,16
./balancer/population/population100real\16\3175.JPG,16
./balancer/population/population100real\16\3176.jpg,16
./balancer/population/population100real\16\320.jpg,16
./balancer/population/population100real\16\3203.jpg,16
./balancer/population/population100real\16\3206.jpg,16
./balancer/population/population100real\16\3211.JPG,16
./balancer/population/population100real\16\3212.jpg,16
./balancer/population/population100real\16\3219.jpg,16
./balancer/population/population100real\16\322.jpg,16
./balancer/population/population100real\16\3277.jpg,16
./balancer/population/population100real\16\3293.jpg,16
./balancer/population/population100real\16\3326.JPG,16
./balancer/population/population100real\16\3339.jpg,16
./balancer/population/population100real\16\334.jpg,16
./balancer/population/population100real\16\3368.jpg,16
./balancer/population/population100real\16\3369.jpg,16
./balancer/population/population100real\16\3426.JPG,16
./balancer/population/population100real\16\3434.JPG,16
./balancer/population/population100real\16\3464.jpg,16
./balancer/population/population100real\16\3475.jpg,16
./balancer/population/population100real\16\3486.jpg,16
./balancer/population/population100real\16\3497.jpg,16
./balancer/population/population100real\16\3518.jpg,16
./balancer/population/population100real\16\3533.JPG,16
./balancer/population/population100real\16\3627.jpg,16
./balancer/population/population100real\16\3633.JPG,16
./balancer/population/population100real\16\3653.jpg,16
./balancer/population/population100real\16\3668.jpg,16
./balancer/population/population100real\16\3703.jpg,16
./balancer/population/population100real\16\3712.jpg,16
./balancer/population/population100real\16\3718.JPG,16
./balancer/population/population100real\16\373.jpg,16
./balancer/population/population100real\16\3747.jpg,16
./balancer/population/population100real\16\3778.jpg,16
./balancer/population/population100real\16\3787.JPG,16
./balancer/population/population100real\16\3792.JPG,16
./balancer/population/population100real\16\3809.JPG,16
./balancer/population/population100real\16\3812.jpg,16
./balancer/population/population100real\16\3829.jpg,16
./balancer/population/population100real\16\3830.JPG,16
./balancer/population/population100real\16\3876.jpg,16
./balancer/population/population100real\16\3882.jpg,16
./balancer/population/population100real\16\3890.jpg,16
./balancer/population/population100real\16\3895.jpg,16
./balancer/population/population100real\16\3912.jpg,16
./balancer/population/population100real\16\3913.jpg,16
./balancer/population/population100real\16\3931.jpg,16
./balancer/population/population100real\16\3978.jpg,16
./balancer/population/population100real\16\398.jpg,16
./balancer/population/population100real\16\3983.jpg,16
./balancer/population/population100real\16\3989.jpg,16
./balancer/population/population100real\16\4013.JPG,16
./balancer/population/population100real\16\4041.jpg,16
./balancer/population/population100real\16\4071.jpg,16
./balancer/population/population100real\16\423.JPG,16
./balancer/population/population100real\16\424.jpg,16
./balancer/population/population100real\16\459.JPG,16
./balancer/population/population100real\16\469.jpg,16
./balancer/population/population100real\16\478.jpg,16
./balancer/population/population100real\16\499.jpg,16
./balancer/population/population100real\16\515.jpg,16
./balancer/population/population100real\16\522.JPG,16
./balancer/population/population100real\16\531.jpg,16
./balancer/population/population100real\16\554.jpg,16
./balancer/population/population100real\16\560.jpg,16
./balancer/population/population100real\16\577.jpg,16
./balancer/population/population100real\16\599.jpg,16
./balancer/population/population100real\16\603.jpg,16
./balancer/population/population100real\16\606.JPG,16
./balancer/population/population100real\16\613.jpg,16
./balancer/population/population100real\16\625.jpg,16
./balancer/population/population100real\16\685.JPG,16
./balancer/population/population100real\16\692.jpg,16
./balancer/population/population100real\16\711.jpg,16
./balancer/population/population100real\16\726.JPG,16
./balancer/population/population100real\16\773.JPG,16
./balancer/population/population100real\16\775.jpg,16
./balancer/population/population100real\16\83.jpg,16
./balancer/population/population100real\16\832.jpg,16
./balancer/population/population100real\16\850.jpg,16
./balancer/population/population100real\16\865.JPG,16
./balancer/population/population100real\16\881.jpg,16
./balancer/population/population100real\16\893.jpg,16
./balancer/population/population100real\16\898.jpg,16
./balancer/population/population100real\16\90.jpg,16
./balancer/population/population100real\16\905.jpg,16
./balancer/population/population100real\16\910.jpg,16
./balancer/population/population100real\16\916.jpg,16
./balancer/population/population100real\16\918.jpg,16
./balancer/population/population100real\16\927.jpg,16
./balancer/population/population100real\16\944.JPG,16
./balancer/population/population100real\16\955.jpg,16
./balancer/population/population100real\16\967.JPG,16
./balancer/population/population100real\17\1022.jpg,17
./balancer/population/population100real\17\1028.jpg,17
./balancer/population/population100real\17\1055.JPG,17
./balancer/population/population100real\17\1057.JPG,17
./balancer/population/population100real\17\1068.JPG,17
./balancer/population/population100real\17\1075.jpg,17
./balancer/population/population100real\17\1087.jpg,17
./balancer/population/population100real\17\1093.JPG,17
./balancer/population/population100real\17\1095.JPG,17
./balancer/population/population100real\17\1099.JPG,17
./balancer/population/population100real\17\1114.jpg,17
./balancer/population/population100real\17\1116.jpg,17
./balancer/population/population100real\17\1118.jpg,17
./balancer/population/population100real\17\1134.jpg,17
./balancer/population/population100real\17\1177.jpg,17
./balancer/population/population100real\17\1190.jpg,17
./balancer/population/population100real\17\1197.jpg,17
./balancer/population/population100real\17\1198.JPG,17
./balancer/population/population100real\17\1219.JPG,17
./balancer/population/population100real\17\1271.jpg,17
./balancer/population/population100real\17\1275.jpg,17
./balancer/population/population100real\17\1339.jpg,17
./balancer/population/population100real\17\1365.jpg,17
./balancer/population/population100real\17\1367.jpg,17
./balancer/population/population100real\17\1396.JPG,17
./balancer/population/population100real\17\1441.jpg,17
./balancer/population/population100real\17\1450.JPG,17
./balancer/population/population100real\17\1458.JPG,17
./balancer/population/population100real\17\147.JPG,17
./balancer/population/population100real\17\1477.JPG,17
./balancer/population/population100real\17\1504.jpg,17
./balancer/population/population100real\17\1523.jpg,17
./balancer/population/population100real\17\1539.jpg,17
./balancer/population/population100real\17\1542.jpg,17
./balancer/population/population100real\17\1569.jpg,17
./balancer/population/population100real\17\1586.jpg,17
./balancer/population/population100real\17\1607.jpg,17
./balancer/population/population100real\17\1614.jpg,17
./balancer/population/population100real\17\1623.jpg,17
./balancer/population/population100real\17\1634.jpg,17
./balancer/population/population100real\17\1664.jpg,17
./balancer/population/population100real\17\1683.JPG,17
./balancer/population/population100real\17\1709.jpg,17
./balancer/population/population100real\17\1713.jpg,17
./balancer/population/population100real\17\1770.JPG,17
./balancer/population/population100real\17\1776.jpg,17
./balancer/population/population100real\17\18.JPG,17
./balancer/population/population100real\17\1804.JPG,17
./balancer/population/population100real\17\1834.jpg,17
./balancer/population/population100real\17\1840.JPG,17
./balancer/population/population100real\17\1879.JPG,17
./balancer/population/population100real\17\1883.JPG,17
./balancer/population/population100real\17\190.jpg,17
./balancer/population/population100real\17\1904.jpg,17
./balancer/population/population100real\17\1927.JPG,17
./balancer/population/population100real\17\1945.jpg,17
./balancer/population/population100real\17\1963.jpg,17
./balancer/population/population100real\17\1996.jpg,17
./balancer/population/population100real\17\201.jpg,17
./balancer/population/population100real\17\2011.jpg,17
./balancer/population/population100real\17\2041.jpg,17
./balancer/population/population100real\17\207.jpg,17
./balancer/population/population100real\17\2082.jpg,17
./balancer/population/population100real\17\2086.jpg,17
./balancer/population/population100real\17\2089.JPG,17
./balancer/population/population100real\17\209.jpg,17
./balancer/population/population100real\17\2109.JPG,17
./balancer/population/population100real\17\2152.jpg,17
./balancer/population/population100real\17\2164.JPG,17
./balancer/population/population100real\17\217.JPG,17
./balancer/population/population100real\17\2209.jpg,17
./balancer/population/population100real\17\2238.jpg,17
./balancer/population/population100real\17\2274.JPG,17
./balancer/population/population100real\17\2277.jpg,17
./balancer/population/population100real\17\2317.jpg,17
./balancer/population/population100real\17\2337.JPG,17
./balancer/population/population100real\17\2404.JPG,17
./balancer/population/population100real\17\2414.jpg,17
./balancer/population/population100real\17\2424.jpg,17
./balancer/population/population100real\17\2468.jpg,17
./balancer/population/population100real\17\2486.JPG,17
./balancer/population/population100real\17\2508.jpg,17
./balancer/population/population100real\17\2546.jpg,17
./balancer/population/population100real\17\2562.jpg,17
./balancer/population/population100real\17\2573.jpg,17
./balancer/population/population100real\17\2590.JPG,17
./balancer/population/population100real\17\2598.jpg,17
./balancer/population/population100real\17\2599.jpg,17
./balancer/population/population100real\17\2600.jpg,17
./balancer/population/population100real\17\2611.jpg,17
./balancer/population/population100real\17\2626.jpg,17
./balancer/population/population100real\17\2640.jpg,17
./balancer/population/population100real\17\2641.JPG,17
./balancer/population/population100real\17\2647.jpg,17
./balancer/population/population100real\17\2653.jpg,17
./balancer/population/population100real\17\2668.jpg,17
./balancer/population/population100real\17\2714.JPG,17
./balancer/population/population100real\17\2716.jpg,17
./balancer/population/population100real\17\2721.jpg,17
./balancer/population/population100real\17\278.jpg,17
./balancer/population/population100real\17\2808.JPG,17
./balancer/population/population100real\17\2817.jpg,17
./balancer/population/population100real\17\2829.JPG,17
./balancer/population/population100real\17\2853.JPG,17
./balancer/population/population100real\17\2877.JPG,17
./balancer/population/population100real\17\2881.jpg,17
./balancer/population/population100real\17\2905.jpg,17
./balancer/population/population100real\17\2940.jpg,17
./balancer/population/population100real\17\2951.jpg,17
./balancer/population/population100real\17\2987.jpg,17
./balancer/population/population100real\17\299.jpg,17
./balancer/population/population100real\17\2990.JPG,17
./balancer/population/population100real\17\3007.jpg,17
./balancer/population/population100real\17\301.JPG,17
./balancer/population/population100real\17\3086.JPG,17
./balancer/population/population100real\17\3091.jpg,17
./balancer/population/population100real\17\3097.jpg,17
./balancer/population/population100real\17\3099.JPG,17
./balancer/population/population100real\17\3125.jpg,17
./balancer/population/population100real\17\3141.jpg,17
./balancer/population/population100real\17\3150.jpg,17
./balancer/population/population100real\17\3186.jpg,17
./balancer/population/population100real\17\3210.jpg,17
./balancer/population/population100real\17\3226.JPG,17
./balancer/population/population100real\17\324.jpg,17
./balancer/population/population100real\17\3240.JPG,17
./balancer/population/population100real\17\3256.JPG,17
./balancer/population/population100real\17\3288.JPG,17
./balancer/population/population100real\17\3297.jpg,17
./balancer/population/population100real\17\3327.jpg,17
./balancer/population/population100real\17\3364.jpg,17
./balancer/population/population100real\17\3366.jpg,17
./balancer/population/population100real\17\3397.jpg,17
./balancer/population/population100real\17\3414.JPG,17
./balancer/population/population100real\17\3437.JPG,17
./balancer/population/population100real\17\3448.jpg,17
./balancer/population/population100real\17\3465.jpg,17
./balancer/population/population100real\17\3507.JPG,17
./balancer/population/population100real\17\3553.jpg,17
./balancer/population/population100real\17\3573.jpg,17
./balancer/population/population100real\17\3578.JPG,17
./balancer/population/population100real\17\359.jpg,17
./balancer/population/population100real\17\3590.JPG,17
./balancer/population/population100real\17\3606.jpg,17
./balancer/population/population100real\17\3635.jpg,17
./balancer/population/population100real\17\3651.JPG,17
./balancer/population/population100real\17\3665.jpg,17
./balancer/population/population100real\17\3680.jpg,17
./balancer/population/population100real\17\3686.JPG,17
./balancer/population/population100real\17\369.JPG,17
./balancer/population/population100real\17\3692.JPG,17
./balancer/population/population100real\17\373.jpg,17
./balancer/population/population100real\17\3731.JPG,17
./balancer/population/population100real\17\375.jpg,17
./balancer/population/population100real\17\3789.JPG,17
./balancer/population/population100real\17\3812.JPG,17
./balancer/population/population100real\17\3863.jpg,17
./balancer/population/population100real\17\3873.jpg,17
./balancer/population/population100real\17\3902.jpg,17
./balancer/population/population100real\17\3934.JPG,17
./balancer/population/population100real\17\394.jpg,17
./balancer/population/population100real\17\3955.JPG,17
./balancer/population/population100real\17\3988.jpg,17
./balancer/population/population100real\17\4012.jpg,17
./balancer/population/population100real\17\4027.jpg,17
./balancer/population/population100real\17\4101.JPG,17
./balancer/population/population100real\17\4147.jpg,17
./balancer/population/population100real\17\4149.jpg,17
./balancer/population/population100real\17\4160.jpg,17
./balancer/population/population100real\17\4161.jpg,17
./balancer/population/population100real\17\4162.jpg,17
./balancer/population/population100real\17\4178.jpg,17
./balancer/population/population100real\17\418.jpg,17
./balancer/population/population100real\17\4190.jpg,17
./balancer/population/population100real\17\4203.jpg,17
./balancer/population/population100real\17\4257.JPG,17
./balancer/population/population100real\17\4259.JPG,17
./balancer/population/population100real\17\4268.jpg,17
./balancer/population/population100real\17\4297.jpg,17
./balancer/population/population100real\17\4300.jpg,17
./balancer/population/population100real\17\4307.jpg,17
./balancer/population/population100real\17\4322.jpg,17
./balancer/population/population100real\17\4323.JPG,17
./balancer/population/population100real\17\4361.JPG,17
./balancer/population/population100real\17\4391.JPG,17
./balancer/population/population100real\17\4400.jpg,17
./balancer/population/population100real\17\4426.jpg,17
./balancer/population/population100real\17\443.jpg,17
./balancer/population/population100real\17\4444.jpg,17
./balancer/population/population100real\17\4460.jpg,17
./balancer/population/population100real\17\4511.JPG,17
./balancer/population/population100real\17\4528.jpg,17
./balancer/population/population100real\17\46.jpg,17
./balancer/population/population100real\17\4612.jpg,17
./balancer/population/population100real\17\4617.jpg,17
./balancer/population/population100real\17\4622.jpg,17
./balancer/population/population100real\17\4638.JPG,17
./balancer/population/population100real\17\4649.jpg,17
./balancer/population/population100real\17\4674.jpg,17
./balancer/population/population100real\17\4705.jpg,17
./balancer/population/population100real\17\4726.jpg,17
./balancer/population/population100real\17\4749.jpg,17
./balancer/population/population100real\17\4753.jpg,17
./balancer/population/population100real\17\4754.jpg,17
./balancer/population/population100real\17\4778.jpg,17
./balancer/population/population100real\17\4780.JPG,17
./balancer/population/population100real\17\4795.jpg,17
./balancer/population/population100real\17\527.jpg,17
./balancer/population/population100real\17\541.jpg,17
./balancer/population/population100real\17\557.jpg,17
./balancer/population/population100real\17\59.jpg,17
./balancer/population/population100real\17\591.jpg,17
./balancer/population/population100real\17\608.JPG,17
./balancer/population/population100real\17\630.jpg,17
./balancer/population/population100real\17\689.JPG,17
./balancer/population/population100real\17\695.jpg,17
./balancer/population/population100real\17\740.JPG,17
./balancer/population/population100real\17\749.jpg,17
./balancer/population/population100real\17\756.JPG,17
./balancer/population/population100real\17\806.JPG,17
./balancer/population/population100real\17\842.jpg,17
./balancer/population/population100real\17\849.JPG,17
./balancer/population/population100real\17\850.jpg,17
./balancer/population/population100real\17\853.jpg,17
./balancer/population/population100real\17\861.jpg,17
./balancer/population/population100real\17\866.jpg,17
./balancer/population/population100real\17\875.jpg,17
./balancer/population/population100real\17\90.JPG,17
./balancer/population/population100real\17\905.jpg,17
./balancer/population/population100real\17\978.jpg,17
./balancer/population/population100real\17\982.JPG,17
./balancer/population/population100real\17\994.jpg,17
./balancer/population/population100real\18\1006.JPG,18
./balancer/population/population100real\18\1012.jpg,18
./balancer/population/population100real\18\1019.JPG,18
./balancer/population/population100real\18\1033.JPG,18
./balancer/population/population100real\18\1080.jpg,18
./balancer/population/population100real\18\1083.jpg,18
./balancer/population/population100real\18\1092.JPG,18
./balancer/population/population100real\18\1110.JPG,18
./balancer/population/population100real\18\1123.jpg,18
./balancer/population/population100real\18\114.jpg,18
./balancer/population/population100real\18\1147.jpg,18
./balancer/population/population100real\18\1151.jpg,18
./balancer/population/population100real\18\1156.jpg,18
./balancer/population/population100real\18\1266.jpg,18
./balancer/population/population100real\18\1269.jpg,18
./balancer/population/population100real\18\1306.JPG,18
./balancer/population/population100real\18\1342.jpg,18
./balancer/population/population100real\18\1387.jpg,18
./balancer/population/population100real\18\1427.jpg,18
./balancer/population/population100real\18\1435.jpg,18
./balancer/population/population100real\18\144.jpg,18
./balancer/population/population100real\18\1490.JPG,18
./balancer/population/population100real\18\1496.JPG,18
./balancer/population/population100real\18\1507.JPG,18
./balancer/population/population100real\18\1516.jpg,18
./balancer/population/population100real\18\1546.jpg,18
./balancer/population/population100real\18\1569.jpg,18
./balancer/population/population100real\18\1572.JPG,18
./balancer/population/population100real\18\1579.jpg,18
./balancer/population/population100real\18\1702.jpg,18
./balancer/population/population100real\18\1709.jpg,18
./balancer/population/population100real\18\1712.jpg,18
./balancer/population/population100real\18\1786.jpg,18
./balancer/population/population100real\18\1813.jpg,18
./balancer/population/population100real\18\1817.jpg,18
./balancer/population/population100real\18\1882.jpg,18
./balancer/population/population100real\18\1924.jpg,18
./balancer/population/population100real\18\1925.jpg,18
./balancer/population/population100real\18\1940.jpg,18
./balancer/population/population100real\18\1957.JPG,18
./balancer/population/population100real\18\1981.jpg,18
./balancer/population/population100real\18\201.jpg,18
./balancer/population/population100real\18\2024.jpg,18
./balancer/population/population100real\18\2035.jpg,18
./balancer/population/population100real\18\2037.JPG,18
./balancer/population/population100real\18\205.JPG,18
./balancer/population/population100real\18\2053.jpg,18
./balancer/population/population100real\18\2057.jpg,18
./balancer/population/population100real\18\2061.jpg,18
./balancer/population/population100real\18\2085.JPG,18
./balancer/population/population100real\18\2129.jpg,18
./balancer/population/population100real\18\2164.jpg,18
./balancer/population/population100real\18\2228.jpg,18
./balancer/population/population100real\18\2251.jpg,18
./balancer/population/population100real\18\2285.jpg,18
./balancer/population/population100real\18\2318.jpg,18
./balancer/population/population100real\18\2333.jpg,18
./balancer/population/population100real\18\2380.jpg,18
./balancer/population/population100real\18\246.jpg,18
./balancer/population/population100real\18\2501.jpg,18
./balancer/population/population100real\18\2524.jpg,18
./balancer/population/population100real\18\2534.jpg,18
./balancer/population/population100real\18\2554.jpg,18
./balancer/population/population100real\18\2603.jpg,18
./balancer/population/population100real\18\2616.jpg,18
./balancer/population/population100real\18\2626.jpg,18
./balancer/population/population100real\18\2643.JPG,18
./balancer/population/population100real\18\2645.jpg,18
./balancer/population/population100real\18\2648.JPG,18
./balancer/population/population100real\18\2695.jpg,18
./balancer/population/population100real\18\2727.jpg,18
./balancer/population/population100real\18\2732.jpg,18
./balancer/population/population100real\18\2735.JPG,18
./balancer/population/population100real\18\2768.jpg,18
./balancer/population/population100real\18\2811.jpg,18
./balancer/population/population100real\18\2824.jpg,18
./balancer/population/population100real\18\2825.jpg,18
./balancer/population/population100real\18\2834.jpg,18
./balancer/population/population100real\18\2838.jpg,18
./balancer/population/population100real\18\2852.jpg,18
./balancer/population/population100real\18\2857.jpg,18
./balancer/population/population100real\18\2912.JPG,18
./balancer/population/population100real\18\295.JPG,18
./balancer/population/population100real\18\3036.JPG,18
./balancer/population/population100real\18\3116.jpg,18
./balancer/population/population100real\18\3119.jpg,18
./balancer/population/population100real\18\3124.JPG,18
./balancer/population/population100real\18\3129.JPG,18
./balancer/population/population100real\18\3168.jpg,18
./balancer/population/population100real\18\3218.jpg,18
./balancer/population/population100real\18\3223.jpg,18
./balancer/population/population100real\18\3230.JPG,18
./balancer/population/population100real\18\3239.jpg,18
./balancer/population/population100real\18\325.jpg,18
./balancer/population/population100real\18\3267.JPG,18
./balancer/population/population100real\18\3272.jpg,18
./balancer/population/population100real\18\3289.jpg,18
./balancer/population/population100real\18\330.jpg,18
./balancer/population/population100real\18\3311.JPG,18
./balancer/population/population100real\18\3363.jpg,18
./balancer/population/population100real\18\3376.jpg,18
./balancer/population/population100real\18\3382.JPG,18
./balancer/population/population100real\18\34.jpg,18
./balancer/population/population100real\18\3493.jpg,18
./balancer/population/population100real\18\3508.jpg,18
./balancer/population/population100real\18\3510.jpg,18
./balancer/population/population100real\18\3520.jpg,18
./balancer/population/population100real\18\3528.jpg,18
./balancer/population/population100real\18\3550.jpg,18
./balancer/population/population100real\18\3659.jpg,18
./balancer/population/population100real\18\3716.jpg,18
./balancer/population/population100real\18\3723.JPG,18
./balancer/population/population100real\18\3725.JPG,18
./balancer/population/population100real\18\3743.jpg,18
./balancer/population/population100real\18\3766.jpg,18
./balancer/population/population100real\18\3772.JPG,18
./balancer/population/population100real\18\3793.jpg,18
./balancer/population/population100real\18\380.jpg,18
./balancer/population/population100real\18\3817.JPG,18
./balancer/population/population100real\18\3842.JPG,18
./balancer/population/population100real\18\3871.jpg,18
./balancer/population/population100real\18\3889.JPG,18
./balancer/population/population100real\18\3899.JPG,18
./balancer/population/population100real\18\3918.jpg,18
./balancer/population/population100real\18\4053.jpg,18
./balancer/population/population100real\18\4066.JPG,18
./balancer/population/population100real\18\4072.JPG,18
./balancer/population/population100real\18\4073.jpg,18
./balancer/population/population100real\18\4075.jpg,18
./balancer/population/population100real\18\409.jpg,18
./balancer/population/population100real\18\4096.jpg,18
./balancer/population/population100real\18\4135.jpg,18
./balancer/population/population100real\18\4139.jpg,18
./balancer/population/population100real\18\4155.jpg,18
./balancer/population/population100real\18\4159.JPG,18
./balancer/population/population100real\18\4167.JPG,18
./balancer/population/population100real\18\420.JPG,18
./balancer/population/population100real\18\4218.jpg,18
./balancer/population/population100real\18\4228.jpg,18
./balancer/population/population100real\18\4273.JPG,18
./balancer/population/population100real\18\428.jpg,18
./balancer/population/population100real\18\4309.JPG,18
./balancer/population/population100real\18\434.JPG,18
./balancer/population/population100real\18\4367.jpg,18
./balancer/population/population100real\18\4389.jpg,18
./balancer/population/population100real\18\4392.jpg,18
./balancer/population/population100real\18\4396.JPG,18
./balancer/population/population100real\18\4424.jpg,18
./balancer/population/population100real\18\4452.jpg,18
./balancer/population/population100real\18\4466.jpg,18
./balancer/population/population100real\18\4471.JPG,18
./balancer/population/population100real\18\4500.jpg,18
./balancer/population/population100real\18\4512.jpg,18
./balancer/population/population100real\18\456.jpg,18
./balancer/population/population100real\18\4578.jpg,18
./balancer/population/population100real\18\4599.jpg,18
./balancer/population/population100real\18\4606.JPG,18
./balancer/population/population100real\18\4613.jpg,18
./balancer/population/population100real\18\4622.JPG,18
./balancer/population/population100real\18\4639.jpg,18
./balancer/population/population100real\18\4698.jpg,18
./balancer/population/population100real\18\4720.jpg,18
./balancer/population/population100real\18\4722.JPG,18
./balancer/population/population100real\18\4746.jpg,18
./balancer/population/population100real\18\4757.JPG,18
./balancer/population/population100real\18\4760.jpg,18
./balancer/population/population100real\18\4799.jpg,18
./balancer/population/population100real\18\481.jpg,18
./balancer/population/population100real\18\485.jpg,18
./balancer/population/population100real\18\4858.jpg,18
./balancer/population/population100real\18\4866.jpg,18
./balancer/population/population100real\18\4882.jpg,18
./balancer/population/population100real\18\4923.jpg,18
./balancer/population/population100real\18\4943.JPG,18
./balancer/population/population100real\18\4995.jpg,18
./balancer/population/population100real\18\50.jpg,18
./balancer/population/population100real\18\5022.jpg,18
./balancer/population/population100real\18\5043.jpg,18
./balancer/population/population100real\18\5084.jpg,18
./balancer/population/population100real\18\5087.jpg,18
./balancer/population/population100real\18\5150.JPG,18
./balancer/population/population100real\18\5161.JPG,18
./balancer/population/population100real\18\5173.jpg,18
./balancer/population/population100real\18\5319.jpg,18
./balancer/population/population100real\18\5370.JPG,18
./balancer/population/population100real\18\543.jpg,18
./balancer/population/population100real\18\544.JPG,18
./balancer/population/population100real\18\5509.jpg,18
./balancer/population/population100real\18\5529.JPG,18
./balancer/population/population100real\18\5539.jpg,18
./balancer/population/population100real\18\5546.jpg,18
./balancer/population/population100real\18\5549.JPG,18
./balancer/population/population100real\18\5627.jpg,18
./balancer/population/population100real\18\567.jpg,18
./balancer/population/population100real\18\5670.jpg,18
./balancer/population/population100real\18\5671.JPG,18
./balancer/population/population100real\18\5701.jpg,18
./balancer/population/population100real\18\5712.JPG,18
./balancer/population/population100real\18\5751.jpg,18
./balancer/population/population100real\18\5752.jpg,18
./balancer/population/population100real\18\580.JPG,18
./balancer/population/population100real\18\5804.jpg,18
./balancer/population/population100real\18\5883.JPG,18
./balancer/population/population100real\18\5904.jpg,18
./balancer/population/population100real\18\5912.JPG,18
./balancer/population/population100real\18\5915.jpg,18
./balancer/population/population100real\18\5972.JPG,18
./balancer/population/population100real\18\5976.jpg,18
./balancer/population/population100real\18\5987.JPG,18
./balancer/population/population100real\18\5992.JPG,18
./balancer/population/population100real\18\6009.JPG,18
./balancer/population/population100real\18\6101.jpg,18
./balancer/population/population100real\18\6109.jpg,18
./balancer/population/population100real\18\6128.JPG,18
./balancer/population/population100real\18\6132.jpg,18
./balancer/population/population100real\18\6139.JPG,18
./balancer/population/population100real\18\6145.JPG,18
./balancer/population/population100real\18\661.jpg,18
./balancer/population/population100real\18\669.JPG,18
./balancer/population/population100real\18\723.jpg,18
./balancer/population/population100real\18\726.JPG,18
./balancer/population/population100real\18\732.jpg,18
./balancer/population/population100real\18\796.jpg,18
./balancer/population/population100real\18\897.jpg,18
./balancer/population/population100real\18\91.jpg,18
./balancer/population/population100real\18\942.jpg,18
./balancer/population/population100real\18\944.jpg,18
./balancer/population/population100real\18\962.jpg,18
./balancer/population/population100real\18\967.jpg,18
./balancer/population/population100real\19\1.jpg,19
./balancer/population/population100real\19\10.jpg,19
./balancer/population/population100real\19\1038.jpg,19
./balancer/population/population100real\19\1113.JPG,19
./balancer/population/population100real\19\1129.jpg,19
./balancer/population/population100real\19\114.jpg,19
./balancer/population/population100real\19\115.jpg,19
./balancer/population/population100real\19\1160.jpg,19
./balancer/population/population100real\19\118.JPG,19
./balancer/population/population100real\19\1212.jpg,19
./balancer/population/population100real\19\1312.jpg,19
./balancer/population/population100real\19\1326.JPG,19
./balancer/population/population100real\19\1327.jpg,19
./balancer/population/population100real\19\1347.JPG,19
./balancer/population/population100real\19\1355.jpg,19
./balancer/population/population100real\19\136.jpg,19
./balancer/population/population100real\19\139.jpg,19
./balancer/population/population100real\19\1398.JPG,19
./balancer/population/population100real\19\1427.jpg,19
./balancer/population/population100real\19\1573.jpg,19
./balancer/population/population100real\19\1587.jpg,19
./balancer/population/population100real\19\1639.jpg,19
./balancer/population/population100real\19\1683.JPG,19
./balancer/population/population100real\19\1685.jpg,19
./balancer/population/population100real\19\1717.jpg,19
./balancer/population/population100real\19\1770.jpg,19
./balancer/population/population100real\19\1837.jpg,19
./balancer/population/population100real\19\1853.jpg,19
./balancer/population/population100real\19\1870.jpg,19
./balancer/population/population100real\19\1897.JPG,19
./balancer/population/population100real\19\1920.jpg,19
./balancer/population/population100real\19\199.jpg,19
./balancer/population/population100real\19\2001.jpg,19
./balancer/population/population100real\19\2021.jpg,19
./balancer/population/population100real\19\2041.jpg,19
./balancer/population/population100real\19\2050.jpg,19
./balancer/population/population100real\19\2121.jpg,19
./balancer/population/population100real\19\2145.jpg,19
./balancer/population/population100real\19\2163.jpg,19
./balancer/population/population100real\19\217.jpg,19
./balancer/population/population100real\19\2209.jpg,19
./balancer/population/population100real\19\2217.JPG,19
./balancer/population/population100real\19\2239.JPG,19
./balancer/population/population100real\19\2250.jpg,19
./balancer/population/population100real\19\2315.jpg,19
./balancer/population/population100real\19\2356.JPG,19
./balancer/population/population100real\19\2371.jpg,19
./balancer/population/population100real\19\2461.JPG,19
./balancer/population/population100real\19\2462.JPG,19
./balancer/population/population100real\19\2564.JPG,19
./balancer/population/population100real\19\2569.JPG,19
./balancer/population/population100real\19\2572.jpg,19
./balancer/population/population100real\19\2586.jpg,19
./balancer/population/population100real\19\2669.jpg,19
./balancer/population/population100real\19\271.jpg,19
./balancer/population/population100real\19\2716.jpg,19
./balancer/population/population100real\19\2736.jpg,19
./balancer/population/population100real\19\2781.JPG,19
./balancer/population/population100real\19\2884.jpg,19
./balancer/population/population100real\19\291.jpg,19
./balancer/population/population100real\19\2942.jpg,19
./balancer/population/population100real\19\2964.jpg,19
./balancer/population/population100real\19\2969.jpg,19
./balancer/population/population100real\19\3.jpg,19
./balancer/population/population100real\19\3007.jpg,19
./balancer/population/population100real\19\3061.jpg,19
./balancer/population/population100real\19\3089.jpg,19
./balancer/population/population100real\19\312.JPG,19
./balancer/population/population100real\19\3198.jpg,19
./balancer/population/population100real\19\32.jpg,19
./balancer/population/population100real\19\3268.jpg,19
./balancer/population/population100real\19\3339.jpg,19
./balancer/population/population100real\19\3343.jpg,19
./balancer/population/population100real\19\3347.JPG,19
./balancer/population/population100real\19\3371.JPG,19
./balancer/population/population100real\19\3372.jpg,19
./balancer/population/population100real\19\3389.jpg,19
./balancer/population/population100real\19\3396.jpg,19
./balancer/population/population100real\19\3415.jpg,19
./balancer/population/population100real\19\3416.jpg,19
./balancer/population/population100real\19\3417.jpg,19
./balancer/population/population100real\19\3438.jpg,19
./balancer/population/population100real\19\3583.jpg,19
./balancer/population/population100real\19\3594.jpg,19
./balancer/population/population100real\19\3642.JPG,19
./balancer/population/population100real\19\3658.jpg,19
./balancer/population/population100real\19\3751.jpg,19
./balancer/population/population100real\19\3759.jpg,19
./balancer/population/population100real\19\3766.jpg,19
./balancer/population/population100real\19\3832.JPG,19
./balancer/population/population100real\19\3846.JPG,19
./balancer/population/population100real\19\3915.jpg,19
./balancer/population/population100real\19\3939.jpg,19
./balancer/population/population100real\19\4004.jpg,19
./balancer/population/population100real\19\4063.jpg,19
./balancer/population/population100real\19\4083.JPG,19
./balancer/population/population100real\19\4086.JPG,19
./balancer/population/population100real\19\4102.JPG,19
./balancer/population/population100real\19\4148.jpg,19
./balancer/population/population100real\19\4162.JPG,19
./balancer/population/population100real\19\4165.jpg,19
./balancer/population/population100real\19\4167.JPG,19
./balancer/population/population100real\19\4171.jpg,19
./balancer/population/population100real\19\4285.jpg,19
./balancer/population/population100real\19\4320.jpg,19
./balancer/population/population100real\19\4322.jpg,19
./balancer/population/population100real\19\4325.jpg,19
./balancer/population/population100real\19\4327.jpg,19
./balancer/population/population100real\19\4352.jpg,19
./balancer/population/population100real\19\437.jpg,19
./balancer/population/population100real\19\4379.jpg,19
./balancer/population/population100real\19\4381.jpg,19
./balancer/population/population100real\19\4403.jpg,19
./balancer/population/population100real\19\4418.jpg,19
./balancer/population/population100real\19\4444.jpg,19
./balancer/population/population100real\19\4454.jpg,19
./balancer/population/population100real\19\4458.jpg,19
./balancer/population/population100real\19\4481.jpg,19
./balancer/population/population100real\19\4496.jpg,19
./balancer/population/population100real\19\4570.jpg,19
./balancer/population/population100real\19\4633.JPG,19
./balancer/population/population100real\19\4646.JPG,19
./balancer/population/population100real\19\4658.JPG,19
./balancer/population/population100real\19\4662.JPG,19
./balancer/population/population100real\19\4685.jpg,19
./balancer/population/population100real\19\4705.JPG,19
./balancer/population/population100real\19\471.jpg,19
./balancer/population/population100real\19\4730.jpg,19
./balancer/population/population100real\19\4761.jpg,19
./balancer/population/population100real\19\4763.JPG,19
./balancer/population/population100real\19\4782.jpg,19
./balancer/population/population100real\19\4862.jpg,19
./balancer/population/population100real\19\487.jpg,19
./balancer/population/population100real\19\494.jpg,19
./balancer/population/population100real\19\4947.jpg,19
./balancer/population/population100real\19\5034.jpg,19
./balancer/population/population100real\19\5041.jpg,19
./balancer/population/population100real\19\5049.jpg,19
./balancer/population/population100real\19\5056.jpg,19
./balancer/population/population100real\19\5094.JPG,19
./balancer/population/population100real\19\510.jpg,19
./balancer/population/population100real\19\512.JPG,19
./balancer/population/population100real\19\5146.jpg,19
./balancer/population/population100real\19\5149.JPG,19
./balancer/population/population100real\19\5330.jpg,19
./balancer/population/population100real\19\5363.JPG,19
./balancer/population/population100real\19\5411.jpg,19
./balancer/population/population100real\19\5417.jpg,19
./balancer/population/population100real\19\5455.jpg,19
./balancer/population/population100real\19\5497.JPG,19
./balancer/population/population100real\19\550.jpg,19
./balancer/population/population100real\19\5508.jpg,19
./balancer/population/population100real\19\551.jpg,19
./balancer/population/population100real\19\5552.jpg,19
./balancer/population/population100real\19\5588.JPG,19
./balancer/population/population100real\19\561.jpg,19
./balancer/population/population100real\19\5668.jpg,19
./balancer/population/population100real\19\5705.jpg,19
./balancer/population/population100real\19\5707.JPG,19
./balancer/population/population100real\19\5736.jpg,19
./balancer/population/population100real\19\5758.jpg,19
./balancer/population/population100real\19\5790.jpg,19
./balancer/population/population100real\19\5810.jpg,19
./balancer/population/population100real\19\5886.jpg,19
./balancer/population/population100real\19\5921.jpg,19
./balancer/population/population100real\19\593.jpg,19
./balancer/population/population100real\19\5945.jpg,19
./balancer/population/population100real\19\5963.JPG,19
./balancer/population/population100real\19\5983.jpg,19
./balancer/population/population100real\19\6028.jpg,19
./balancer/population/population100real\19\6085.JPG,19
./balancer/population/population100real\19\6098.jpg,19
./balancer/population/population100real\19\6114.jpg,19
./balancer/population/population100real\19\6201.jpg,19
./balancer/population/population100real\19\6291.JPG,19
./balancer/population/population100real\19\6385.jpg,19
./balancer/population/population100real\19\6403.JPG,19
./balancer/population/population100real\19\6405.jpg,19
./balancer/population/population100real\19\643.jpg,19
./balancer/population/population100real\19\6434.JPG,19
./balancer/population/population100real\19\6436.jpg,19
./balancer/population/population100real\19\6439.jpg,19
./balancer/population/population100real\19\6471.jpg,19
./balancer/population/population100real\19\648.jpg,19
./balancer/population/population100real\19\6499.JPG,19
./balancer/population/population100real\19\6591.JPG,19
./balancer/population/population100real\19\6614.JPG,19
./balancer/population/population100real\19\6647.jpg,19
./balancer/population/population100real\19\6681.JPG,19
./balancer/population/population100real\19\6702.jpg,19
./balancer/population/population100real\19\6704.jpg,19
./balancer/population/population100real\19\6735.jpg,19
./balancer/population/population100real\19\678.jpg,19
./balancer/population/population100real\19\6798.jpg,19
./balancer/population/population100real\19\6836.jpg,19
./balancer/population/population100real\19\6859.JPG,19
./balancer/population/population100real\19\6866.JPG,19
./balancer/population/population100real\19\6867.jpg,19
./balancer/population/population100real\19\6895.jpg,19
./balancer/population/population100real\19\690.jpg,19
./balancer/population/population100real\19\6906.JPG,19
./balancer/population/population100real\19\6924.jpg,19
./balancer/population/population100real\19\6932.JPG,19
./balancer/population/population100real\19\6976.jpg,19
./balancer/population/population100real\19\706.jpg,19
./balancer/population/population100real\19\7067.jpg,19
./balancer/population/population100real\19\7110.jpg,19
./balancer/population/population100real\19\7135.JPG,19
./balancer/population/population100real\19\7150.jpg,19
./balancer/population/population100real\19\7232.JPG,19
./balancer/population/population100real\19\7280.JPG,19
./balancer/population/population100real\19\729.JPG,19
./balancer/population/population100real\19\7290.JPG,19
./balancer/population/population100real\19\734.jpg,19
./balancer/population/population100real\19\7380.jpg,19
./balancer/population/population100real\19\7420.jpg,19
./balancer/population/population100real\19\7472.jpg,19
./balancer/population/population100real\19\7537.jpg,19
./balancer/population/population100real\19\7562.jpg,19
./balancer/population/population100real\19\7608.jpg,19
./balancer/population/population100real\19\7640.jpg,19
./balancer/population/population100real\19\7661.jpg,19
./balancer/population/population100real\19\786.jpg,19
./balancer/population/population100real\19\822.jpg,19
./balancer/population/population100real\19\878.jpg,19
./balancer/population/population100real\19\882.jpg,19
./balancer/population/population100real\19\957.JPG,19
./balancer/population/population100real\19\966.jpg,19
./balancer/population/population100real\20\1077.jpg,20
./balancer/population/population100real\20\1100.jpg,20
./balancer/population/population100real\20\1125.jpg,20
./balancer/population/population100real\20\1127.jpg,20
./balancer/population/population100real\20\1166.jpg,20
./balancer/population/population100real\20\1241.jpg,20
./balancer/population/population100real\20\126.jpg,20
./balancer/population/population100real\20\1283.JPG,20
./balancer/population/population100real\20\1332.jpg,20
./balancer/population/population100real\20\1333.jpg,20
./balancer/population/population100real\20\1337.jpg,20
./balancer/population/population100real\20\1421.jpg,20
./balancer/population/population100real\20\1430.jpg,20
./balancer/population/population100real\20\1460.jpg,20
./balancer/population/population100real\20\149.jpg,20
./balancer/population/population100real\20\1565.jpg,20
./balancer/population/population100real\20\1598.JPG,20
./balancer/population/population100real\20\161.JPG,20
./balancer/population/population100real\20\1636.jpg,20
./balancer/population/population100real\20\171.jpg,20
./balancer/population/population100real\20\175.jpg,20
./balancer/population/population100real\20\1779.jpg,20
./balancer/population/population100real\20\1780.jpg,20
./balancer/population/population100real\20\1810.jpg,20
./balancer/population/population100real\20\1835.jpg,20
./balancer/population/population100real\20\1841.JPG,20
./balancer/population/population100real\20\1871.jpg,20
./balancer/population/population100real\20\1877.JPG,20
./balancer/population/population100real\20\1954.jpg,20
./balancer/population/population100real\20\2027.jpg,20
./balancer/population/population100real\20\203.JPG,20
./balancer/population/population100real\20\2031.jpg,20
./balancer/population/population100real\20\2053.jpg,20
./balancer/population/population100real\20\21.jpg,20
./balancer/population/population100real\20\2112.jpg,20
./balancer/population/population100real\20\214.jpg,20
./balancer/population/population100real\20\2195.JPG,20
./balancer/population/population100real\20\2209.JPG,20
./balancer/population/population100real\20\2215.jpg,20
./balancer/population/population100real\20\2216.jpg,20
./balancer/population/population100real\20\2229.JPG,20
./balancer/population/population100real\20\2302.jpg,20
./balancer/population/population100real\20\2327.jpg,20
./balancer/population/population100real\20\2348.JPG,20
./balancer/population/population100real\20\2356.jpg,20
./balancer/population/population100real\20\236.jpg,20
./balancer/population/population100real\20\238.jpg,20
./balancer/population/population100real\20\2396.jpg,20
./balancer/population/population100real\20\2409.jpg,20
./balancer/population/population100real\20\247.jpg,20
./balancer/population/population100real\20\2472.jpg,20
./balancer/population/population100real\20\2567.JPG,20
./balancer/population/population100real\20\2634.jpg,20
./balancer/population/population100real\20\2636.jpg,20
./balancer/population/population100real\20\2676.JPG,20
./balancer/population/population100real\20\268.jpg,20
./balancer/population/population100real\20\2706.jpg,20
./balancer/population/population100real\20\2756.jpg,20
./balancer/population/population100real\20\2793.jpg,20
./balancer/population/population100real\20\2845.jpg,20
./balancer/population/population100real\20\2897.JPG,20
./balancer/population/population100real\20\2936.JPG,20
./balancer/population/population100real\20\2963.jpg,20
./balancer/population/population100real\20\2992.jpg,20
./balancer/population/population100real\20\3089.jpg,20
./balancer/population/population100real\20\3094.jpg,20
./balancer/population/population100real\20\3170.jpg,20
./balancer/population/population100real\20\32.jpg,20
./balancer/population/population100real\20\3242.jpg,20
./balancer/population/population100real\20\3296.jpg,20
./balancer/population/population100real\20\3315.jpg,20
./balancer/population/population100real\20\3321.JPG,20
./balancer/population/population100real\20\3327.jpg,20
./balancer/population/population100real\20\3353.jpg,20
./balancer/population/population100real\20\3457.JPG,20
./balancer/population/population100real\20\349.jpg,20
./balancer/population/population100real\20\35.jpg,20
./balancer/population/population100real\20\3514.JPG,20
./balancer/population/population100real\20\3610.jpg,20
./balancer/population/population100real\20\3612.jpg,20
./balancer/population/population100real\20\3624.jpg,20
./balancer/population/population100real\20\3677.jpg,20
./balancer/population/population100real\20\3703.JPG,20
./balancer/population/population100real\20\371.jpg,20
./balancer/population/population100real\20\3732.jpg,20
./balancer/population/population100real\20\3747.jpg,20
./balancer/population/population100real\20\3794.jpg,20
./balancer/population/population100real\20\3810.jpg,20
./balancer/population/population100real\20\3928.jpg,20
./balancer/population/population100real\20\3942.JPG,20
./balancer/population/population100real\20\396.jpg,20
./balancer/population/population100real\20\3960.jpg,20
./balancer/population/population100real\20\3963.jpg,20
./balancer/population/population100real\20\3984.JPG,20
./balancer/population/population100real\20\4114.jpg,20
./balancer/population/population100real\20\4142.jpg,20
./balancer/population/population100real\20\4164.jpg,20
./balancer/population/population100real\20\4204.jpg,20
./balancer/population/population100real\20\4311.jpg,20
./balancer/population/population100real\20\4353.jpg,20
./balancer/population/population100real\20\4379.JPG,20
./balancer/population/population100real\20\4414.jpg,20
./balancer/population/population100real\20\4439.jpg,20
./balancer/population/population100real\20\4446.JPG,20
./balancer/population/population100real\20\4572.jpg,20
./balancer/population/population100real\20\4619.jpg,20
./balancer/population/population100real\20\4629.jpg,20
./balancer/population/population100real\20\4665.JPG,20
./balancer/population/population100real\20\4690.jpg,20
./balancer/population/population100real\20\4706.JPG,20
./balancer/population/population100real\20\4767.JPG,20
./balancer/population/population100real\20\4806.jpg,20
./balancer/population/population100real\20\4817.jpg,20
./balancer/population/population100real\20\4867.jpg,20
./balancer/population/population100real\20\4894.jpg,20
./balancer/population/population100real\20\4929.jpg,20
./balancer/population/population100real\20\4932.jpg,20
./balancer/population/population100real\20\4969.JPG,20
./balancer/population/population100real\20\5000.jpg,20
./balancer/population/population100real\20\5018.jpg,20
./balancer/population/population100real\20\5049.jpg,20
./balancer/population/population100real\20\5133.JPG,20
./balancer/population/population100real\20\519.jpg,20
./balancer/population/population100real\20\5212.jpg,20
./balancer/population/population100real\20\5220.jpg,20
./balancer/population/population100real\20\5226.jpg,20
./balancer/population/population100real\20\5282.jpg,20
./balancer/population/population100real\20\5314.jpg,20
./balancer/population/population100real\20\5345.jpg,20
./balancer/population/population100real\20\5449.jpg,20
./balancer/population/population100real\20\5456.JPG,20
./balancer/population/population100real\20\555.jpg,20
./balancer/population/population100real\20\5608.jpg,20
./balancer/population/population100real\20\5627.jpg,20
./balancer/population/population100real\20\5637.JPG,20
./balancer/population/population100real\20\5641.jpg,20
./balancer/population/population100real\20\5642.jpg,20
./balancer/population/population100real\20\5672.JPG,20
./balancer/population/population100real\20\5888.jpg,20
./balancer/population/population100real\20\5968.jpg,20
./balancer/population/population100real\20\597.JPG,20
./balancer/population/population100real\20\5998.jpg,20
./balancer/population/population100real\20\6027.jpg,20
./balancer/population/population100real\20\6032.jpg,20
./balancer/population/population100real\20\6042.JPG,20
./balancer/population/population100real\20\6055.JPG,20
./balancer/population/population100real\20\6070.jpg,20
./balancer/population/population100real\20\6071.jpg,20
./balancer/population/population100real\20\6109.jpg,20
./balancer/population/population100real\20\617.jpg,20
./balancer/population/population100real\20\6170.jpg,20
./balancer/population/population100real\20\6198.jpg,20
./balancer/population/population100real\20\6200.jpg,20
./balancer/population/population100real\20\6255.jpg,20
./balancer/population/population100real\20\6275.JPG,20
./balancer/population/population100real\20\6299.jpg,20
./balancer/population/population100real\20\6342.jpg,20
./balancer/population/population100real\20\6373.jpg,20
./balancer/population/population100real\20\6382.jpg,20
./balancer/population/population100real\20\6449.jpg,20
./balancer/population/population100real\20\6509.jpg,20
./balancer/population/population100real\20\6535.JPG,20
./balancer/population/population100real\20\6543.jpg,20
./balancer/population/population100real\20\6546.jpg,20
./balancer/population/population100real\20\6570.jpg,20
./balancer/population/population100real\20\665.jpg,20
./balancer/population/population100real\20\6655.JPG,20
./balancer/population/population100real\20\6657.jpg,20
./balancer/population/population100real\20\6703.jpg,20
./balancer/population/population100real\20\6726.jpg,20
./balancer/population/population100real\20\6745.JPG,20
./balancer/population/population100real\20\6784.jpg,20
./balancer/population/population100real\20\6802.jpg,20
./balancer/population/population100real\20\7019.jpg,20
./balancer/population/population100real\20\7020.jpg,20
./balancer/population/population100real\20\7047.jpg,20
./balancer/population/population100real\20\7076.JPG,20
./balancer/population/population100real\20\7114.jpg,20
./balancer/population/population100real\20\7141.jpg,20
./balancer/population/population100real\20\7187.jpg,20
./balancer/population/population100real\20\7189.jpg,20
./balancer/population/population100real\20\7214.jpg,20
./balancer/population/population100real\20\722.jpg,20
./balancer/population/population100real\20\723.jpg,20
./balancer/population/population100real\20\7265.JPG,20
./balancer/population/population100real\20\7281.jpg,20
./balancer/population/population100real\20\7284.jpg,20
./balancer/population/population100real\20\7307.JPG,20
./balancer/population/population100real\20\732.JPG,20
./balancer/population/population100real\20\7328.JPG,20
./balancer/population/population100real\20\7366.jpg,20
./balancer/population/population100real\20\7402.jpg,20
./balancer/population/population100real\20\7518.jpg,20
./balancer/population/population100real\20\7573.JPG,20
./balancer/population/population100real\20\7607.jpg,20
./balancer/population/population100real\20\7722.jpg,20
./balancer/population/population100real\20\7759.jpg,20
./balancer/population/population100real\20\776.jpg,20
./balancer/population/population100real\20\7845.jpg,20
./balancer/population/population100real\20\79.jpg,20
./balancer/population/population100real\20\7937.JPG,20
./balancer/population/population100real\20\7948.jpg,20
./balancer/population/population100real\20\7956.jpg,20
./balancer/population/population100real\20\7980.jpg,20
./balancer/population/population100real\20\818.jpg,20
./balancer/population/population100real\20\8211.jpg,20
./balancer/population/population100real\20\8238.jpg,20
./balancer/population/population100real\20\8300.jpg,20
./balancer/population/population100real\20\8313.jpg,20
./balancer/population/population100real\20\8317.jpg,20
./balancer/population/population100real\20\8320.jpg,20
./balancer/population/population100real\20\8334.JPG,20
./balancer/population/population100real\20\8335.JPG,20
./balancer/population/population100real\20\8355.jpg,20
./balancer/population/population100real\20\8380.jpg,20
./balancer/population/population100real\20\8505.jpg,20
./balancer/population/population100real\20\8507.jpg,20
./balancer/population/population100real\20\8562.jpg,20
./balancer/population/population100real\20\8565.JPG,20
./balancer/population/population100real\20\8591.jpg,20
./balancer/population/population100real\20\86.JPG,20
./balancer/population/population100real\20\861.JPG,20
./balancer/population/population100real\20\8650.jpg,20
./balancer/population/population100real\20\892.jpg,20
./balancer/population/population100real\20\9.jpg,20
./balancer/population/population100real\20\959.jpg,20
./balancer/population/population100real\20\967.jpg,20
./balancer/population/population100real\21\101.jpg,21
./balancer/population/population100real\21\1042.jpg,21
./balancer/population/population100real\21\1068.jpg,21
./balancer/population/population100real\21\1118.jpg,21
./balancer/population/population100real\21\1132.jpg,21
./balancer/population/population100real\21\1137.jpg,21
./balancer/population/population100real\21\1140.jpg,21
./balancer/population/population100real\21\1162.jpg,21
./balancer/population/population100real\21\1186.jpg,21
./balancer/population/population100real\21\1238.jpg,21
./balancer/population/population100real\21\1271.jpg,21
./balancer/population/population100real\21\1292.JPG,21
./balancer/population/population100real\21\1421.jpg,21
./balancer/population/population100real\21\1468.jpg,21
./balancer/population/population100real\21\1502.jpg,21
./balancer/population/population100real\21\1561.jpg,21
./balancer/population/population100real\21\1586.JPG,21
./balancer/population/population100real\21\1587.jpg,21
./balancer/population/population100real\21\1599.jpg,21
./balancer/population/population100real\21\1624.jpg,21
./balancer/population/population100real\21\1656.JPG,21
./balancer/population/population100real\21\1692.jpg,21
./balancer/population/population100real\21\1713.jpg,21
./balancer/population/population100real\21\1782.jpg,21
./balancer/population/population100real\21\1785.jpg,21
./balancer/population/population100real\21\1912.jpg,21
./balancer/population/population100real\21\1926.jpg,21
./balancer/population/population100real\21\1969.jpg,21
./balancer/population/population100real\21\2037.JPG,21
./balancer/population/population100real\21\2084.JPG,21
./balancer/population/population100real\21\21.jpg,21
./balancer/population/population100real\21\2105.JPG,21
./balancer/population/population100real\21\2113.jpg,21
./balancer/population/population100real\21\2124.JPG,21
./balancer/population/population100real\21\213.jpg,21
./balancer/population/population100real\21\2171.jpg,21
./balancer/population/population100real\21\2216.JPG,21
./balancer/population/population100real\21\2253.jpg,21
./balancer/population/population100real\21\2255.jpg,21
./balancer/population/population100real\21\2319.jpg,21
./balancer/population/population100real\21\2375.jpg,21
./balancer/population/population100real\21\2404.JPG,21
./balancer/population/population100real\21\2430.jpg,21
./balancer/population/population100real\21\2444.jpg,21
./balancer/population/population100real\21\2468.JPG,21
./balancer/population/population100real\21\2488.jpg,21
./balancer/population/population100real\21\2654.JPG,21
./balancer/population/population100real\21\2760.JPG,21
./balancer/population/population100real\21\2791.jpg,21
./balancer/population/population100real\21\2868.jpg,21
./balancer/population/population100real\21\2871.jpg,21
./balancer/population/population100real\21\2885.jpg,21
./balancer/population/population100real\21\2916.jpg,21
./balancer/population/population100real\21\2953.jpg,21
./balancer/population/population100real\21\298.jpg,21
./balancer/population/population100real\21\3034.jpg,21
./balancer/population/population100real\21\3098.jpg,21
./balancer/population/population100real\21\3135.jpg,21
./balancer/population/population100real\21\3154.jpg,21
./balancer/population/population100real\21\3155.jpg,21
./balancer/population/population100real\21\3170.jpg,21
./balancer/population/population100real\21\3201.jpg,21
./balancer/population/population100real\21\3227.jpg,21
./balancer/population/population100real\21\326.jpg,21
./balancer/population/population100real\21\3266.jpg,21
./balancer/population/population100real\21\3316.jpg,21
./balancer/population/population100real\21\3328.jpg,21
./balancer/population/population100real\21\3338.jpg,21
./balancer/population/population100real\21\3350.jpg,21
./balancer/population/population100real\21\3375.jpg,21
./balancer/population/population100real\21\341.jpg,21
./balancer/population/population100real\21\3439.jpg,21
./balancer/population/population100real\21\3442.jpg,21
./balancer/population/population100real\21\3497.jpg,21
./balancer/population/population100real\21\351.jpg,21
./balancer/population/population100real\21\3558.jpg,21
./balancer/population/population100real\21\359.jpg,21
./balancer/population/population100real\21\3632.JPG,21
./balancer/population/population100real\21\3642.jpg,21
./balancer/population/population100real\21\3670.jpg,21
./balancer/population/population100real\21\3677.JPG,21
./balancer/population/population100real\21\3694.jpg,21
./balancer/population/population100real\21\3703.jpg,21
./balancer/population/population100real\21\3740.jpg,21
./balancer/population/population100real\21\3776.JPG,21
./balancer/population/population100real\21\3800.JPG,21
./balancer/population/population100real\21\3845.jpg,21
./balancer/population/population100real\21\3865.JPG,21
./balancer/population/population100real\21\3872.jpg,21
./balancer/population/population100real\21\3923.jpg,21
./balancer/population/population100real\21\3946.jpg,21
./balancer/population/population100real\21\4027.JPG,21
./balancer/population/population100real\21\4050.jpg,21
./balancer/population/population100real\21\4084.jpg,21
./balancer/population/population100real\21\4136.JPG,21
./balancer/population/population100real\21\4330.jpg,21
./balancer/population/population100real\21\4366.jpg,21
./balancer/population/population100real\21\4374.jpg,21
./balancer/population/population100real\21\4376.jpg,21
./balancer/population/population100real\21\4458.jpg,21
./balancer/population/population100real\21\4536.jpg,21
./balancer/population/population100real\21\4569.JPG,21
./balancer/population/population100real\21\46.jpg,21
./balancer/population/population100real\21\4662.jpg,21
./balancer/population/population100real\21\4759.jpg,21
./balancer/population/population100real\21\4861.JPG,21
./balancer/population/population100real\21\4862.jpg,21
./balancer/population/population100real\21\4870.JPG,21
./balancer/population/population100real\21\4949.JPG,21
./balancer/population/population100real\21\5000.jpg,21
./balancer/population/population100real\21\5031.jpg,21
./balancer/population/population100real\21\5067.jpg,21
./balancer/population/population100real\21\5093.jpg,21
./balancer/population/population100real\21\5113.jpg,21
./balancer/population/population100real\21\5224.jpg,21
./balancer/population/population100real\21\5246.JPG,21
./balancer/population/population100real\21\5288.jpg,21
./balancer/population/population100real\21\5309.jpg,21
./balancer/population/population100real\21\540.jpg,21
./balancer/population/population100real\21\5440.jpg,21
./balancer/population/population100real\21\5444.jpg,21
./balancer/population/population100real\21\5456.jpg,21
./balancer/population/population100real\21\5527.jpg,21
./balancer/population/population100real\21\5583.jpg,21
./balancer/population/population100real\21\5636.jpg,21
./balancer/population/population100real\21\5639.jpg,21
./balancer/population/population100real\21\5647.JPG,21
./balancer/population/population100real\21\5652.jpg,21
./balancer/population/population100real\21\5656.JPG,21
./balancer/population/population100real\21\5715.jpg,21
./balancer/population/population100real\21\5746.jpg,21
./balancer/population/population100real\21\5817.jpg,21
./balancer/population/population100real\21\5901.jpg,21
./balancer/population/population100real\21\5953.JPG,21
./balancer/population/population100real\21\600.jpg,21
./balancer/population/population100real\21\6026.jpg,21
./balancer/population/population100real\21\6047.jpg,21
./balancer/population/population100real\21\6144.jpg,21
./balancer/population/population100real\21\6191.jpg,21
./balancer/population/population100real\21\6216.JPG,21
./balancer/population/population100real\21\6231.JPG,21
./balancer/population/population100real\21\6282.jpg,21
./balancer/population/population100real\21\6294.jpg,21
./balancer/population/population100real\21\632.jpg,21
./balancer/population/population100real\21\6401.JPG,21
./balancer/population/population100real\21\6428.jpg,21
./balancer/population/population100real\21\6438.jpg,21
./balancer/population/population100real\21\6439.jpg,21
./balancer/population/population100real\21\6484.jpg,21
./balancer/population/population100real\21\6506.jpg,21
./balancer/population/population100real\21\6548.jpg,21
./balancer/population/population100real\21\6566.jpg,21
./balancer/population/population100real\21\6585.jpg,21
./balancer/population/population100real\21\6596.jpg,21
./balancer/population/population100real\21\6605.jpg,21
./balancer/population/population100real\21\6660.jpg,21
./balancer/population/population100real\21\6696.jpg,21
./balancer/population/population100real\21\6698.jpg,21
./balancer/population/population100real\21\6729.JPG,21
./balancer/population/population100real\21\673.jpg,21
./balancer/population/population100real\21\6749.jpg,21
./balancer/population/population100real\21\6783.jpg,21
./balancer/population/population100real\21\6876.jpg,21
./balancer/population/population100real\21\6879.jpg,21
./balancer/population/population100real\21\6884.jpg,21
./balancer/population/population100real\21\689.jpg,21
./balancer/population/population100real\21\6944.jpg,21
./balancer/population/population100real\21\7014.jpg,21
./balancer/population/population100real\21\7096.JPG,21
./balancer/population/population100real\21\7200.jpg,21
./balancer/population/population100real\21\7226.jpg,21
./balancer/population/population100real\21\7329.jpg,21
./balancer/population/population100real\21\7351.jpg,21
./balancer/population/population100real\21\7399.jpg,21
./balancer/population/population100real\21\7402.jpg,21
./balancer/population/population100real\21\7407.jpg,21
./balancer/population/population100real\21\7457.jpg,21
./balancer/population/population100real\21\7490.jpg,21
./balancer/population/population100real\21\7498.jpg,21
./balancer/population/population100real\21\7505.jpg,21
./balancer/population/population100real\21\7519.jpg,21
./balancer/population/population100real\21\7524.JPG,21
./balancer/population/population100real\21\7526.jpg,21
./balancer/population/population100real\21\7559.jpg,21
./balancer/population/population100real\21\7560.jpg,21
./balancer/population/population100real\21\7589.jpg,21
./balancer/population/population100real\21\7626.jpg,21
./balancer/population/population100real\21\7630.JPG,21
./balancer/population/population100real\21\7631.jpg,21
./balancer/population/population100real\21\7698.jpg,21
./balancer/population/population100real\21\7751.jpg,21
./balancer/population/population100real\21\7776.jpg,21
./balancer/population/population100real\21\7781.JPG,21
./balancer/population/population100real\21\7808.jpg,21
./balancer/population/population100real\21\7898.jpg,21
./balancer/population/population100real\21\7953.jpg,21
./balancer/population/population100real\21\7974.jpg,21
./balancer/population/population100real\21\7997.jpg,21
./balancer/population/population100real\21\8002.JPG,21
./balancer/population/population100real\21\8022.JPG,21
./balancer/population/population100real\21\8049.JPG,21
./balancer/population/population100real\21\8119.JPG,21
./balancer/population/population100real\21\8131.jpg,21
./balancer/population/population100real\21\8207.jpg,21
./balancer/population/population100real\21\8217.jpg,21
./balancer/population/population100real\21\8233.jpg,21
./balancer/population/population100real\21\8289.jpg,21
./balancer/population/population100real\21\8295.jpg,21
./balancer/population/population100real\21\8301.jpg,21
./balancer/population/population100real\21\832.jpg,21
./balancer/population/population100real\21\8334.jpg,21
./balancer/population/population100real\21\8374.jpg,21
./balancer/population/population100real\21\8406.jpg,21
./balancer/population/population100real\21\8464.jpg,21
./balancer/population/population100real\21\8540.jpg,21
./balancer/population/population100real\21\8587.jpg,21
./balancer/population/population100real\21\8602.JPG,21
./balancer/population/population100real\21\8634.jpg,21
./balancer/population/population100real\21\8641.jpg,21
./balancer/population/population100real\21\8669.jpg,21
./balancer/population/population100real\21\8702.jpg,21
./balancer/population/population100real\21\8758.jpg,21
./balancer/population/population100real\21\8830.jpg,21
./balancer/population/population100real\21\8862.jpg,21
./balancer/population/population100real\21\9.jpg,21
./balancer/population/population100real\21\923.jpg,21
./balancer/population/population100real\21\998.jpg,21
./balancer/population/population100real\22\10160.jpg,22
./balancer/population/population100real\22\10161.jpg,22
./balancer/population/population100real\22\10212.jpg,22
./balancer/population/population100real\22\10234.jpg,22
./balancer/population/population100real\22\1030.jpg,22
./balancer/population/population100real\22\1042.jpg,22
./balancer/population/population100real\22\1062.jpg,22
./balancer/population/population100real\22\1106.jpg,22
./balancer/population/population100real\22\1239.JPG,22
./balancer/population/population100real\22\1267.jpg,22
./balancer/population/population100real\22\1314.jpg,22
./balancer/population/population100real\22\1402.jpg,22
./balancer/population/population100real\22\1404.jpg,22
./balancer/population/population100real\22\144.JPG,22
./balancer/population/population100real\22\155.jpg,22
./balancer/population/population100real\22\1554.jpg,22
./balancer/population/population100real\22\1567.jpg,22
./balancer/population/population100real\22\1574.jpg,22
./balancer/population/population100real\22\1587.JPG,22
./balancer/population/population100real\22\1589.jpg,22
./balancer/population/population100real\22\1634.jpg,22
./balancer/population/population100real\22\1696.jpg,22
./balancer/population/population100real\22\1697.jpg,22
./balancer/population/population100real\22\173.jpg,22
./balancer/population/population100real\22\1820.jpg,22
./balancer/population/population100real\22\1835.JPG,22
./balancer/population/population100real\22\1837.jpg,22
./balancer/population/population100real\22\1842.JPG,22
./balancer/population/population100real\22\1886.jpg,22
./balancer/population/population100real\22\2019.JPG,22
./balancer/population/population100real\22\2111.JPG,22
./balancer/population/population100real\22\2124.jpg,22
./balancer/population/population100real\22\2138.jpg,22
./balancer/population/population100real\22\2165.JPG,22
./balancer/population/population100real\22\2182.jpg,22
./balancer/population/population100real\22\2206.JPG,22
./balancer/population/population100real\22\2308.jpg,22
./balancer/population/population100real\22\241.jpg,22
./balancer/population/population100real\22\2432.jpg,22
./balancer/population/population100real\22\244.jpg,22
./balancer/population/population100real\22\2520.jpg,22
./balancer/population/population100real\22\2535.JPG,22
./balancer/population/population100real\22\2587.JPG,22
./balancer/population/population100real\22\2608.jpg,22
./balancer/population/population100real\22\2611.jpg,22
./balancer/population/population100real\22\2636.jpg,22
./balancer/population/population100real\22\2638.JPG,22
./balancer/population/population100real\22\2748.jpg,22
./balancer/population/population100real\22\2754.jpg,22
./balancer/population/population100real\22\2760.jpg,22
./balancer/population/population100real\22\2782.jpg,22
./balancer/population/population100real\22\2873.jpg,22
./balancer/population/population100real\22\2959.jpg,22
./balancer/population/population100real\22\2976.jpg,22
./balancer/population/population100real\22\2985.jpg,22
./balancer/population/population100real\22\3017.jpg,22
./balancer/population/population100real\22\3038.jpg,22
./balancer/population/population100real\22\3059.jpg,22
./balancer/population/population100real\22\31.jpg,22
./balancer/population/population100real\22\3154.JPG,22
./balancer/population/population100real\22\3197.JPG,22
./balancer/population/population100real\22\3219.JPG,22
./balancer/population/population100real\22\3225.jpg,22
./balancer/population/population100real\22\3234.jpg,22
./balancer/population/population100real\22\3306.jpg,22
./balancer/population/population100real\22\3314.jpg,22
./balancer/population/population100real\22\3372.jpg,22
./balancer/population/population100real\22\3476.jpg,22
./balancer/population/population100real\22\3520.jpg,22
./balancer/population/population100real\22\3558.JPG,22
./balancer/population/population100real\22\3632.JPG,22
./balancer/population/population100real\22\3655.jpg,22
./balancer/population/population100real\22\37.jpg,22
./balancer/population/population100real\22\3705.jpg,22
./balancer/population/population100real\22\375.jpg,22
./balancer/population/population100real\22\3771.jpg,22
./balancer/population/population100real\22\3773.jpg,22
./balancer/population/population100real\22\3810.jpg,22
./balancer/population/population100real\22\3821.jpg,22
./balancer/population/population100real\22\3832.jpg,22
./balancer/population/population100real\22\3840.jpg,22
./balancer/population/population100real\22\3856.jpg,22
./balancer/population/population100real\22\3886.jpg,22
./balancer/population/population100real\22\3893.jpg,22
./balancer/population/population100real\22\392.jpg,22
./balancer/population/population100real\22\3991.jpg,22
./balancer/population/population100real\22\4057.jpg,22
./balancer/population/population100real\22\4090.jpg,22
./balancer/population/population100real\22\4162.jpg,22
./balancer/population/population100real\22\4165.jpg,22
./balancer/population/population100real\22\4186.jpg,22
./balancer/population/population100real\22\4198.jpg,22
./balancer/population/population100real\22\4221.jpg,22
./balancer/population/population100real\22\4244.jpg,22
./balancer/population/population100real\22\4283.jpg,22
./balancer/population/population100real\22\4287.jpg,22
./balancer/population/population100real\22\4314.jpg,22
./balancer/population/population100real\22\4334.jpg,22
./balancer/population/population100real\22\4367.JPG,22
./balancer/population/population100real\22\4373.jpg,22
./balancer/population/population100real\22\4396.jpg,22
./balancer/population/population100real\22\4407.jpg,22
./balancer/population/population100real\22\4598.jpg,22
./balancer/population/population100real\22\4634.jpg,22
./balancer/population/population100real\22\4640.jpg,22
./balancer/population/population100real\22\474.JPG,22
./balancer/population/population100real\22\4760.jpg,22
./balancer/population/population100real\22\4780.jpg,22
./balancer/population/population100real\22\4799.JPG,22
./balancer/population/population100real\22\4812.jpg,22
./balancer/population/population100real\22\504.jpg,22
./balancer/population/population100real\22\5135.jpg,22
./balancer/population/population100real\22\5137.jpg,22
./balancer/population/population100real\22\5143.JPG,22
./balancer/population/population100real\22\5362.jpg,22
./balancer/population/population100real\22\5536.jpg,22
./balancer/population/population100real\22\5583.JPG,22
./balancer/population/population100real\22\5617.jpg,22
./balancer/population/population100real\22\5632.jpg,22
./balancer/population/population100real\22\565.jpg,22
./balancer/population/population100real\22\5651.jpg,22
./balancer/population/population100real\22\5663.jpg,22
./balancer/population/population100real\22\5665.jpg,22
./balancer/population/population100real\22\5679.jpg,22
./balancer/population/population100real\22\5683.jpg,22
./balancer/population/population100real\22\5690.jpg,22
./balancer/population/population100real\22\571.jpg,22
./balancer/population/population100real\22\5719.jpg,22
./balancer/population/population100real\22\5750.jpg,22
./balancer/population/population100real\22\5757.jpg,22
./balancer/population/population100real\22\5840.jpg,22
./balancer/population/population100real\22\5905.jpg,22
./balancer/population/population100real\22\5916.jpg,22
./balancer/population/population100real\22\5947.jpg,22
./balancer/population/population100real\22\5964.jpg,22
./balancer/population/population100real\22\5976.jpg,22
./balancer/population/population100real\22\6049.jpg,22
./balancer/population/population100real\22\6096.jpg,22
./balancer/population/population100real\22\6108.jpg,22
./balancer/population/population100real\22\6109.jpg,22
./balancer/population/population100real\22\611.jpg,22
./balancer/population/population100real\22\6180.JPG,22
./balancer/population/population100real\22\62.jpg,22
./balancer/population/population100real\22\626.jpg,22
./balancer/population/population100real\22\6290.jpg,22
./balancer/population/population100real\22\6338.jpg,22
./balancer/population/population100real\22\6549.jpg,22
./balancer/population/population100real\22\6556.jpg,22
./balancer/population/population100real\22\6581.jpg,22
./balancer/population/population100real\22\6605.jpg,22
./balancer/population/population100real\22\6678.jpg,22
./balancer/population/population100real\22\6687.jpg,22
./balancer/population/population100real\22\6690.JPG,22
./balancer/population/population100real\22\6704.jpg,22
./balancer/population/population100real\22\6728.JPG,22
./balancer/population/population100real\22\6773.jpg,22
./balancer/population/population100real\22\6897.jpg,22
./balancer/population/population100real\22\6921.jpg,22
./balancer/population/population100real\22\696.jpg,22
./balancer/population/population100real\22\697.JPG,22
./balancer/population/population100real\22\6993.jpg,22
./balancer/population/population100real\22\700.jpg,22
./balancer/population/population100real\22\7013.jpg,22
./balancer/population/population100real\22\7035.jpg,22
./balancer/population/population100real\22\7144.JPG,22
./balancer/population/population100real\22\7169.jpg,22
./balancer/population/population100real\22\7176.jpg,22
./balancer/population/population100real\22\727.jpg,22
./balancer/population/population100real\22\7408.jpg,22
./balancer/population/population100real\22\748.jpg,22
./balancer/population/population100real\22\7515.jpg,22
./balancer/population/population100real\22\7564.JPG,22
./balancer/population/population100real\22\759.jpg,22
./balancer/population/population100real\22\76.JPG,22
./balancer/population/population100real\22\7640.jpg,22
./balancer/population/population100real\22\7642.jpg,22
./balancer/population/population100real\22\7678.jpg,22
./balancer/population/population100real\22\7860.jpg,22
./balancer/population/population100real\22\7867.jpg,22
./balancer/population/population100real\22\7899.jpg,22
./balancer/population/population100real\22\7923.jpg,22
./balancer/population/population100real\22\7952.jpg,22
./balancer/population/population100real\22\7995.jpg,22
./balancer/population/population100real\22\8035.jpg,22
./balancer/population/population100real\22\806.jpg,22
./balancer/population/population100real\22\809.jpg,22
./balancer/population/population100real\22\8094.jpg,22
./balancer/population/population100real\22\8124.jpg,22
./balancer/population/population100real\22\8140.jpg,22
./balancer/population/population100real\22\8154.jpg,22
./balancer/population/population100real\22\8207.jpg,22
./balancer/population/population100real\22\8261.jpg,22
./balancer/population/population100real\22\8275.jpg,22
./balancer/population/population100real\22\8291.jpg,22
./balancer/population/population100real\22\8337.jpg,22
./balancer/population/population100real\22\8371.JPG,22
./balancer/population/population100real\22\8380.jpg,22
./balancer/population/population100real\22\8457.JPG,22
./balancer/population/population100real\22\847.jpg,22
./balancer/population/population100real\22\8471.jpg,22
./balancer/population/population100real\22\8478.jpg,22
./balancer/population/population100real\22\8689.jpg,22
./balancer/population/population100real\22\8794.JPG,22
./balancer/population/population100real\22\8911.JPG,22
./balancer/population/population100real\22\894.jpg,22
./balancer/population/population100real\22\9085.jpg,22
./balancer/population/population100real\22\914.jpg,22
./balancer/population/population100real\22\9165.jpg,22
./balancer/population/population100real\22\9233.jpg,22
./balancer/population/population100real\22\9240.jpg,22
./balancer/population/population100real\22\9288.jpg,22
./balancer/population/population100real\22\9331.jpg,22
./balancer/population/population100real\22\9345.jpg,22
./balancer/population/population100real\22\9357.jpg,22
./balancer/population/population100real\22\9384.JPG,22
./balancer/population/population100real\22\942.jpg,22
./balancer/population/population100real\22\9455.jpg,22
./balancer/population/population100real\22\9570.jpg,22
./balancer/population/population100real\22\9647.jpg,22
./balancer/population/population100real\22\9649.jpg,22
./balancer/population/population100real\22\9705.JPG,22
./balancer/population/population100real\22\9784.jpg,22
./balancer/population/population100real\22\9789.jpg,22
./balancer/population/population100real\22\9853.jpg,22
./balancer/population/population100real\22\9915.jpg,22
./balancer/population/population100real\22\9939.jpg,22
./balancer/population/population100real\23\10032.jpg,23
./balancer/population/population100real\23\10082.jpg,23
./balancer/population/population100real\23\10164.jpg,23
./balancer/population/population100real\23\10168.jpg,23
./balancer/population/population100real\23\10257.jpg,23
./balancer/population/population100real\23\10276.jpg,23
./balancer/population/population100real\23\10336.JPG,23
./balancer/population/population100real\23\10444.JPG,23
./balancer/population/population100real\23\10449.jpg,23
./balancer/population/population100real\23\1048.jpg,23
./balancer/population/population100real\23\10510.jpg,23
./balancer/population/population100real\23\10642.jpg,23
./balancer/population/population100real\23\10705.jpg,23
./balancer/population/population100real\23\10711.JPG,23
./balancer/population/population100real\23\109.jpg,23
./balancer/population/population100real\23\1095.jpg,23
./balancer/population/population100real\23\1113.JPG,23
./balancer/population/population100real\23\1212.JPG,23
./balancer/population/population100real\23\1384.JPG,23
./balancer/population/population100real\23\139.jpg,23
./balancer/population/population100real\23\1434.JPG,23
./balancer/population/population100real\23\1441.jpg,23
./balancer/population/population100real\23\1498.jpg,23
./balancer/population/population100real\23\1506.jpg,23
./balancer/population/population100real\23\1522.JPG,23
./balancer/population/population100real\23\1580.jpg,23
./balancer/population/population100real\23\1633.JPG,23
./balancer/population/population100real\23\1662.JPG,23
./balancer/population/population100real\23\1681.jpg,23
./balancer/population/population100real\23\1816.jpg,23
./balancer/population/population100real\23\1862.jpg,23
./balancer/population/population100real\23\1873.JPG,23
./balancer/population/population100real\23\1941.jpg,23
./balancer/population/population100real\23\1944.JPG,23
./balancer/population/population100real\23\1980.jpg,23
./balancer/population/population100real\23\2045.JPG,23
./balancer/population/population100real\23\2062.jpg,23
./balancer/population/population100real\23\2157.jpg,23
./balancer/population/population100real\23\217.jpg,23
./balancer/population/population100real\23\2193.JPG,23
./balancer/population/population100real\23\2245.JPG,23
./balancer/population/population100real\23\2264.jpg,23
./balancer/population/population100real\23\2344.jpg,23
./balancer/population/population100real\23\2354.jpg,23
./balancer/population/population100real\23\2380.jpg,23
./balancer/population/population100real\23\2384.jpg,23
./balancer/population/population100real\23\2403.jpg,23
./balancer/population/population100real\23\2423.JPG,23
./balancer/population/population100real\23\2471.JPG,23
./balancer/population/population100real\23\2504.jpg,23
./balancer/population/population100real\23\2547.jpg,23
./balancer/population/population100real\23\2556.jpg,23
./balancer/population/population100real\23\2566.jpg,23
./balancer/population/population100real\23\2585.jpg,23
./balancer/population/population100real\23\2627.jpg,23
./balancer/population/population100real\23\2637.jpg,23
./balancer/population/population100real\23\2648.jpg,23
./balancer/population/population100real\23\2654.jpg,23
./balancer/population/population100real\23\267.jpg,23
./balancer/population/population100real\23\2670.jpg,23
./balancer/population/population100real\23\274.jpg,23
./balancer/population/population100real\23\2760.jpg,23
./balancer/population/population100real\23\2767.jpg,23
./balancer/population/population100real\23\2843.jpg,23
./balancer/population/population100real\23\2908.JPG,23
./balancer/population/population100real\23\2931.jpg,23
./balancer/population/population100real\23\2932.jpg,23
./balancer/population/population100real\23\2935.JPG,23
./balancer/population/population100real\23\2946.jpg,23
./balancer/population/population100real\23\2968.jpg,23
./balancer/population/population100real\23\2978.JPG,23
./balancer/population/population100real\23\3188.jpg,23
./balancer/population/population100real\23\3226.jpg,23
./balancer/population/population100real\23\331.JPG,23
./balancer/population/population100real\23\332.jpg,23
./balancer/population/population100real\23\3324.jpg,23
./balancer/population/population100real\23\3331.JPG,23
./balancer/population/population100real\23\3350.jpg,23
./balancer/population/population100real\23\3385.jpg,23
./balancer/population/population100real\23\3427.JPG,23
./balancer/population/population100real\23\3485.jpg,23
./balancer/population/population100real\23\3573.jpg,23
./balancer/population/population100real\23\3587.jpg,23
./balancer/population/population100real\23\3589.jpg,23
./balancer/population/population100real\23\3651.jpg,23
./balancer/population/population100real\23\3693.jpg,23
./balancer/population/population100real\23\3740.jpg,23
./balancer/population/population100real\23\3896.jpg,23
./balancer/population/population100real\23\3915.jpg,23
./balancer/population/population100real\23\3979.jpg,23
./balancer/population/population100real\23\4006.jpg,23
./balancer/population/population100real\23\4045.jpg,23
./balancer/population/population100real\23\409.JPG,23
./balancer/population/population100real\23\4141.jpg,23
./balancer/population/population100real\23\4167.jpg,23
./balancer/population/population100real\23\4184.jpg,23
./balancer/population/population100real\23\4282.jpg,23
./balancer/population/population100real\23\431.jpg,23
./balancer/population/population100real\23\4427.jpg,23
./balancer/population/population100real\23\4456.jpg,23
./balancer/population/population100real\23\4516.jpg,23
./balancer/population/population100real\23\4670.JPG,23
./balancer/population/population100real\23\4675.jpg,23
./balancer/population/population100real\23\4712.jpg,23
./balancer/population/population100real\23\4789.JPG,23
./balancer/population/population100real\23\480.jpg,23
./balancer/population/population100real\23\4805.jpg,23
./balancer/population/population100real\23\4870.jpg,23
./balancer/population/population100real\23\4924.jpg,23
./balancer/population/population100real\23\4936.jpg,23
./balancer/population/population100real\23\4977.jpg,23
./balancer/population/population100real\23\4981.jpg,23
./balancer/population/population100real\23\5109.JPG,23
./balancer/population/population100real\23\5170.jpg,23
./balancer/population/population100real\23\5185.jpg,23
./balancer/population/population100real\23\5229.JPG,23
./balancer/population/population100real\23\528.jpg,23
./balancer/population/population100real\23\5350.jpg,23
./balancer/population/population100real\23\541.jpg,23
./balancer/population/population100real\23\5435.JPG,23
./balancer/population/population100real\23\5447.jpg,23
./balancer/population/population100real\23\5480.jpg,23
./balancer/population/population100real\23\5516.jpg,23
./balancer/population/population100real\23\5547.jpg,23
./balancer/population/population100real\23\5548.jpg,23
./balancer/population/population100real\23\5565.jpg,23
./balancer/population/population100real\23\5624.jpg,23
./balancer/population/population100real\23\5633.JPG,23
./balancer/population/population100real\23\5688.jpg,23
./balancer/population/population100real\23\5734.JPG,23
./balancer/population/population100real\23\574.jpg,23
./balancer/population/population100real\23\5781.jpg,23
./balancer/population/population100real\23\58.jpg,23
./balancer/population/population100real\23\5821.jpg,23
./balancer/population/population100real\23\5825.jpg,23
./balancer/population/population100real\23\5895.jpg,23
./balancer/population/population100real\23\5921.jpg,23
./balancer/population/population100real\23\5975.jpg,23
./balancer/population/population100real\23\6001.jpg,23
./balancer/population/population100real\23\6004.jpg,23
./balancer/population/population100real\23\6029.JPG,23
./balancer/population/population100real\23\6040.jpg,23
./balancer/population/population100real\23\6063.jpg,23
./balancer/population/population100real\23\6069.jpg,23
./balancer/population/population100real\23\6124.jpg,23
./balancer/population/population100real\23\6173.jpg,23
./balancer/population/population100real\23\6176.jpg,23
./balancer/population/population100real\23\6246.jpg,23
./balancer/population/population100real\23\6253.jpg,23
./balancer/population/population100real\23\6278.jpg,23
./balancer/population/population100real\23\634.jpg,23
./balancer/population/population100real\23\6347.jpg,23
./balancer/population/population100real\23\6357.jpg,23
./balancer/population/population100real\23\637.JPG,23
./balancer/population/population100real\23\6446.JPG,23
./balancer/population/population100real\23\6447.jpg,23
./balancer/population/population100real\23\6469.jpg,23
./balancer/population/population100real\23\6524.jpg,23
./balancer/population/population100real\23\6581.jpg,23
./balancer/population/population100real\23\6660.jpg,23
./balancer/population/population100real\23\669.JPG,23
./balancer/population/population100real\23\671.jpg,23
./balancer/population/population100real\23\6739.jpg,23
./balancer/population/population100real\23\6792.JPG,23
./balancer/population/population100real\23\6821.jpg,23
./balancer/population/population100real\23\6911.JPG,23
./balancer/population/population100real\23\6923.jpg,23
./balancer/population/population100real\23\6938.jpg,23
./balancer/population/population100real\23\6941.jpg,23
./balancer/population/population100real\23\6942.jpg,23
./balancer/population/population100real\23\6944.jpg,23
./balancer/population/population100real\23\7004.jpg,23
./balancer/population/population100real\23\7006.jpg,23
./balancer/population/population100real\23\7069.JPG,23
./balancer/population/population100real\23\7088.jpg,23
./balancer/population/population100real\23\7105.jpg,23
./balancer/population/population100real\23\7132.jpg,23
./balancer/population/population100real\23\7308.JPG,23
./balancer/population/population100real\23\7388.jpg,23
./balancer/population/population100real\23\7449.jpg,23
./balancer/population/population100real\23\7540.jpg,23
./balancer/population/population100real\23\7546.jpg,23
./balancer/population/population100real\23\7573.jpg,23
./balancer/population/population100real\23\7685.jpg,23
./balancer/population/population100real\23\7702.jpg,23
./balancer/population/population100real\23\7842.JPG,23
./balancer/population/population100real\23\7847.jpg,23
./balancer/population/population100real\23\7848.JPG,23
./balancer/population/population100real\23\7900.jpg,23
./balancer/population/population100real\23\7943.jpg,23
./balancer/population/population100real\23\8011.jpg,23
./balancer/population/population100real\23\8075.jpg,23
./balancer/population/population100real\23\8103.jpg,23
./balancer/population/population100real\23\8109.jpg,23
./balancer/population/population100real\23\8118.jpg,23
./balancer/population/population100real\23\8162.jpg,23
./balancer/population/population100real\23\8240.jpg,23
./balancer/population/population100real\23\829.jpg,23
./balancer/population/population100real\23\8300.jpg,23
./balancer/population/population100real\23\8326.jpg,23
./balancer/population/population100real\23\8348.jpg,23
./balancer/population/population100real\23\8366.jpg,23
./balancer/population/population100real\23\8474.JPG,23
./balancer/population/population100real\23\8475.jpg,23
./balancer/population/population100real\23\8503.JPG,23
./balancer/population/population100real\23\86.jpg,23
./balancer/population/population100real\23\8658.jpg,23
./balancer/population/population100real\23\8694.jpg,23
./balancer/population/population100real\23\8774.jpg,23
./balancer/population/population100real\23\879.JPG,23
./balancer/population/population100real\23\8845.JPG,23
./balancer/population/population100real\23\8879.jpg,23
./balancer/population/population100real\23\8940.jpg,23
./balancer/population/population100real\23\9083.jpg,23
./balancer/population/population100real\23\9094.jpg,23
./balancer/population/population100real\23\9149.jpg,23
./balancer/population/population100real\23\9154.jpg,23
./balancer/population/population100real\23\9192.jpg,23
./balancer/population/population100real\23\9320.jpg,23
./balancer/population/population100real\23\9393.jpg,23
./balancer/population/population100real\23\9433.jpg,23
./balancer/population/population100real\23\944.jpg,23
./balancer/population/population100real\23\9458.JPG,23
./balancer/population/population100real\23\9506.jpg,23
./balancer/population/population100real\23\9577.jpg,23
./balancer/population/population100real\23\9799.jpg,23
./balancer/population/population100real\23\9824.jpg,23
./balancer/population/population100real\23\9890.jpg,23
./balancer/population/population100real\23\9917.jpg,23
./balancer/population/population100real\23\9936.jpg,23
./balancer/population/population100real\23\9971.jpg,23
./balancer/population/population100real\24\10013.jpg,24
./balancer/population/population100real\24\10017.jpg,24
./balancer/population/population100real\24\10134.jpg,24
./balancer/population/population100real\24\10197.JPG,24
./balancer/population/population100real\24\10212.jpg,24
./balancer/population/population100real\24\10266.jpg,24
./balancer/population/population100real\24\10274.jpg,24
./balancer/population/population100real\24\10350.jpg,24
./balancer/population/population100real\24\10403.jpg,24
./balancer/population/population100real\24\10546.jpg,24
./balancer/population/population100real\24\1057.jpg,24
./balancer/population/population100real\24\10700.JPG,24
./balancer/population/population100real\24\10802.jpg,24
./balancer/population/population100real\24\10882.jpg,24
./balancer/population/population100real\24\11053.jpg,24
./balancer/population/population100real\24\11065.jpg,24
./balancer/population/population100real\24\11083.jpg,24
./balancer/population/population100real\24\11128.JPG,24
./balancer/population/population100real\24\11129.jpg,24
./balancer/population/population100real\24\11135.jpg,24
./balancer/population/population100real\24\11156.jpg,24
./balancer/population/population100real\24\11180.jpg,24
./balancer/population/population100real\24\11397.JPG,24
./balancer/population/population100real\24\11406.jpg,24
./balancer/population/population100real\24\11450.jpg,24
./balancer/population/population100real\24\11452.jpg,24
./balancer/population/population100real\24\11584.jpg,24
./balancer/population/population100real\24\11597.JPG,24
./balancer/population/population100real\24\1161.jpg,24
./balancer/population/population100real\24\1162.jpg,24
./balancer/population/population100real\24\11715.jpg,24
./balancer/population/population100real\24\11733.jpg,24
./balancer/population/population100real\24\11763.jpg,24
./balancer/population/population100real\24\11768.JPG,24
./balancer/population/population100real\24\11931.JPG,24
./balancer/population/population100real\24\11961.JPG,24
./balancer/population/population100real\24\11995.jpg,24
./balancer/population/population100real\24\12033.jpg,24
./balancer/population/population100real\24\12058.jpg,24
./balancer/population/population100real\24\12089.jpg,24
./balancer/population/population100real\24\12140.jpg,24
./balancer/population/population100real\24\12165.JPG,24
./balancer/population/population100real\24\12166.jpg,24
./balancer/population/population100real\24\1225.jpg,24
./balancer/population/population100real\24\12314.jpg,24
./balancer/population/population100real\24\12329.jpg,24
./balancer/population/population100real\24\1236.jpg,24
./balancer/population/population100real\24\12366.JPG,24
./balancer/population/population100real\24\12446.jpg,24
./balancer/population/population100real\24\12541.jpg,24
./balancer/population/population100real\24\12588.jpg,24
./balancer/population/population100real\24\1292.jpg,24
./balancer/population/population100real\24\1346.jpg,24
./balancer/population/population100real\24\1371.jpg,24
./balancer/population/population100real\24\1570.jpg,24
./balancer/population/population100real\24\1619.jpg,24
./balancer/population/population100real\24\1642.jpg,24
./balancer/population/population100real\24\1721.jpg,24
./balancer/population/population100real\24\1774.jpg,24
./balancer/population/population100real\24\1777.jpg,24
./balancer/population/population100real\24\1834.jpg,24
./balancer/population/population100real\24\1842.jpg,24
./balancer/population/population100real\24\1851.jpg,24
./balancer/population/population100real\24\1865.jpg,24
./balancer/population/population100real\24\1877.jpg,24
./balancer/population/population100real\24\1910.jpg,24
./balancer/population/population100real\24\197.jpg,24
./balancer/population/population100real\24\2093.jpg,24
./balancer/population/population100real\24\2096.jpg,24
./balancer/population/population100real\24\2106.jpg,24
./balancer/population/population100real\24\2153.jpg,24
./balancer/population/population100real\24\23.jpg,24
./balancer/population/population100real\24\2343.jpg,24
./balancer/population/population100real\24\2358.jpg,24
./balancer/population/population100real\24\2361.jpg,24
./balancer/population/population100real\24\2381.jpg,24
./balancer/population/population100real\24\2443.jpg,24
./balancer/population/population100real\24\2472.jpg,24
./balancer/population/population100real\24\2510.jpg,24
./balancer/population/population100real\24\2605.jpg,24
./balancer/population/population100real\24\2675.jpg,24
./balancer/population/population100real\24\2766.jpg,24
./balancer/population/population100real\24\2790.jpg,24
./balancer/population/population100real\24\2918.jpg,24
./balancer/population/population100real\24\2989.JPG,24
./balancer/population/population100real\24\2992.jpg,24
./balancer/population/population100real\24\3060.jpg,24
./balancer/population/population100real\24\3087.jpg,24
./balancer/population/population100real\24\3136.jpg,24
./balancer/population/population100real\24\3168.jpg,24
./balancer/population/population100real\24\3187.jpg,24
./balancer/population/population100real\24\3224.jpg,24
./balancer/population/population100real\24\3369.jpg,24
./balancer/population/population100real\24\3421.JPG,24
./balancer/population/population100real\24\3479.jpg,24
./balancer/population/population100real\24\3498.jpg,24
./balancer/population/population100real\24\3516.jpg,24
./balancer/population/population100real\24\3526.jpg,24
./balancer/population/population100real\24\3529.JPG,24
./balancer/population/population100real\24\3557.jpg,24
./balancer/population/population100real\24\3563.jpg,24
./balancer/population/population100real\24\3680.jpg,24
./balancer/population/population100real\24\3685.JPG,24
./balancer/population/population100real\24\3795.jpg,24
./balancer/population/population100real\24\3844.jpg,24
./balancer/population/population100real\24\3893.jpg,24
./balancer/population/population100real\24\3974.JPG,24
./balancer/population/population100real\24\3984.jpg,24
./balancer/population/population100real\24\4056.jpg,24
./balancer/population/population100real\24\4076.jpg,24
./balancer/population/population100real\24\4123.jpg,24
./balancer/population/population100real\24\4179.JPG,24
./balancer/population/population100real\24\4271.jpg,24
./balancer/population/population100real\24\4305.jpg,24
./balancer/population/population100real\24\4327.jpg,24
./balancer/population/population100real\24\4407.jpg,24
./balancer/population/population100real\24\442.jpg,24
./balancer/population/population100real\24\4458.jpg,24
./balancer/population/population100real\24\4492.jpg,24
./balancer/population/population100real\24\4524.jpg,24
./balancer/population/population100real\24\4589.jpg,24
./balancer/population/population100real\24\459.jpg,24
./balancer/population/population100real\24\4596.JPG,24
./balancer/population/population100real\24\4613.jpg,24
./balancer/population/population100real\24\4638.jpg,24
./balancer/population/population100real\24\4644.jpg,24
./balancer/population/population100real\24\4707.jpg,24
./balancer/population/population100real\24\4725.jpg,24
./balancer/population/population100real\24\4794.jpg,24
./balancer/population/population100real\24\5018.jpg,24
./balancer/population/population100real\24\5030.jpg,24
./balancer/population/population100real\24\5037.jpg,24
./balancer/population/population100real\24\511.jpg,24
./balancer/population/population100real\24\5184.jpg,24
./balancer/population/population100real\24\5214.jpg,24
./balancer/population/population100real\24\5229.jpg,24
./balancer/population/population100real\24\5256.jpg,24
./balancer/population/population100real\24\5292.jpg,24
./balancer/population/population100real\24\5330.jpg,24
./balancer/population/population100real\24\5431.jpg,24
./balancer/population/population100real\24\5485.jpg,24
./balancer/population/population100real\24\5593.jpg,24
./balancer/population/population100real\24\5656.jpg,24
./balancer/population/population100real\24\5661.JPG,24
./balancer/population/population100real\24\5664.jpg,24
./balancer/population/population100real\24\5740.jpg,24
./balancer/population/population100real\24\5761.jpg,24
./balancer/population/population100real\24\5811.jpg,24
./balancer/population/population100real\24\5918.jpg,24
./balancer/population/population100real\24\5939.JPG,24
./balancer/population/population100real\24\5948.jpg,24
./balancer/population/population100real\24\5975.JPG,24
./balancer/population/population100real\24\604.jpg,24
./balancer/population/population100real\24\6050.JPG,24
./balancer/population/population100real\24\6204.jpg,24
./balancer/population/population100real\24\6225.jpg,24
./balancer/population/population100real\24\6260.jpg,24
./balancer/population/population100real\24\6261.jpg,24
./balancer/population/population100real\24\6316.jpg,24
./balancer/population/population100real\24\6347.jpg,24
./balancer/population/population100real\24\6362.jpg,24
./balancer/population/population100real\24\6511.JPG,24
./balancer/population/population100real\24\6522.JPG,24
./balancer/population/population100real\24\6566.jpg,24
./balancer/population/population100real\24\6615.jpg,24
./balancer/population/population100real\24\6631.jpg,24
./balancer/population/population100real\24\6769.jpg,24
./balancer/population/population100real\24\6781.jpg,24
./balancer/population/population100real\24\6807.jpg,24
./balancer/population/population100real\24\681.JPG,24
./balancer/population/population100real\24\6811.jpg,24
./balancer/population/population100real\24\6831.jpg,24
./balancer/population/population100real\24\689.jpg,24
./balancer/population/population100real\24\6947.jpg,24
./balancer/population/population100real\24\7158.jpg,24
./balancer/population/population100real\24\717.jpg,24
./balancer/population/population100real\24\7231.jpg,24
./balancer/population/population100real\24\728.JPG,24
./balancer/population/population100real\24\74.jpg,24
./balancer/population/population100real\24\7474.jpg,24
./balancer/population/population100real\24\7488.jpg,24
./balancer/population/population100real\24\7557.JPG,24
./balancer/population/population100real\24\7575.jpg,24
./balancer/population/population100real\24\7596.jpg,24
./balancer/population/population100real\24\7770.jpg,24
./balancer/population/population100real\24\7788.jpg,24
./balancer/population/population100real\24\7803.jpg,24
./balancer/population/population100real\24\7808.jpg,24
./balancer/population/population100real\24\7837.jpg,24
./balancer/population/population100real\24\7842.jpg,24
./balancer/population/population100real\24\7861.jpg,24
./balancer/population/population100real\24\7902.jpg,24
./balancer/population/population100real\24\7943.JPG,24
./balancer/population/population100real\24\8333.jpg,24
./balancer/population/population100real\24\8354.jpg,24
./balancer/population/population100real\24\8398.jpg,24
./balancer/population/population100real\24\8513.jpg,24
./balancer/population/population100real\24\8525.jpg,24
./balancer/population/population100real\24\8531.jpg,24
./balancer/population/population100real\24\8556.jpg,24
./balancer/population/population100real\24\8589.JPG,24
./balancer/population/population100real\24\8603.jpg,24
./balancer/population/population100real\24\8713.jpg,24
./balancer/population/population100real\24\8805.JPG,24
./balancer/population/population100real\24\8819.jpg,24
./balancer/population/population100real\24\8848.jpg,24
./balancer/population/population100real\24\8857.jpg,24
./balancer/population/population100real\24\8913.jpg,24
./balancer/population/population100real\24\8924.jpg,24
./balancer/population/population100real\24\8960.jpg,24
./balancer/population/population100real\24\9002.JPG,24
./balancer/population/population100real\24\9009.JPG,24
./balancer/population/population100real\24\9033.JPG,24
./balancer/population/population100real\24\9117.jpg,24
./balancer/population/population100real\24\9136.JPG,24
./balancer/population/population100real\24\9227.jpg,24
./balancer/population/population100real\24\9322.jpg,24
./balancer/population/population100real\24\9350.jpg,24
./balancer/population/population100real\24\9364.jpg,24
./balancer/population/population100real\24\9365.jpg,24
./balancer/population/population100real\24\9421.JPG,24
./balancer/population/population100real\24\9440.jpg,24
./balancer/population/population100real\24\9490.jpg,24
./balancer/population/population100real\24\9547.jpg,24
./balancer/population/population100real\24\9549.jpg,24
./balancer/population/population100real\24\9598.jpg,24
./balancer/population/population100real\24\9623.jpg,24
./balancer/population/population100real\24\9685.JPG,24
./balancer/population/population100real\24\9864.JPG,24
./balancer/population/population100real\24\996.jpg,24
./balancer/population/population100real\24\998.jpg,24
./balancer/population/population100real\25\10046.jpg,25
./balancer/population/population100real\25\10092.JPG,25
./balancer/population/population100real\25\10109.jpg,25
./balancer/population/population100real\25\10135.jpg,25
./balancer/population/population100real\25\10169.jpg,25
./balancer/population/population100real\25\10269.jpg,25
./balancer/population/population100real\25\10360.jpg,25
./balancer/population/population100real\25\10411.jpg,25
./balancer/population/population100real\25\10491.jpg,25
./balancer/population/population100real\25\10501.jpg,25
./balancer/population/population100real\25\10576.jpg,25
./balancer/population/population100real\25\10599.jpg,25
./balancer/population/population100real\25\10614.jpg,25
./balancer/population/population100real\25\10699.jpg,25
./balancer/population/population100real\25\10725.jpg,25
./balancer/population/population100real\25\10739.jpg,25
./balancer/population/population100real\25\10760.JPG,25
./balancer/population/population100real\25\10797.jpg,25
./balancer/population/population100real\25\10812.jpg,25
./balancer/population/population100real\25\10892.jpg,25
./balancer/population/population100real\25\10945.jpg,25
./balancer/population/population100real\25\11024.jpg,25
./balancer/population/population100real\25\1113.jpg,25
./balancer/population/population100real\25\11246.jpg,25
./balancer/population/population100real\25\113.jpg,25
./balancer/population/population100real\25\1130.jpg,25
./balancer/population/population100real\25\11312.jpg,25
./balancer/population/population100real\25\11323.jpg,25
./balancer/population/population100real\25\11332.jpg,25
./balancer/population/population100real\25\11358.jpg,25
./balancer/population/population100real\25\11390.jpg,25
./balancer/population/population100real\25\11430.JPG,25
./balancer/population/population100real\25\11434.jpg,25
./balancer/population/population100real\25\11437.jpg,25
./balancer/population/population100real\25\11545.jpg,25
./balancer/population/population100real\25\11546.jpg,25
./balancer/population/population100real\25\11560.jpg,25
./balancer/population/population100real\25\1157.jpg,25
./balancer/population/population100real\25\11602.jpg,25
./balancer/population/population100real\25\11626.jpg,25
./balancer/population/population100real\25\11628.jpg,25
./balancer/population/population100real\25\11641.JPG,25
./balancer/population/population100real\25\11708.jpg,25
./balancer/population/population100real\25\1209.jpg,25
./balancer/population/population100real\25\1307.jpg,25
./balancer/population/population100real\25\1355.JPG,25
./balancer/population/population100real\25\1361.jpg,25
./balancer/population/population100real\25\1375.jpg,25
./balancer/population/population100real\25\1419.JPG,25
./balancer/population/population100real\25\1472.JPG,25
./balancer/population/population100real\25\1510.jpg,25
./balancer/population/population100real\25\1514.JPG,25
./balancer/population/population100real\25\1531.jpg,25
./balancer/population/population100real\25\1580.jpg,25
./balancer/population/population100real\25\1592.jpg,25
./balancer/population/population100real\25\16.JPG,25
./balancer/population/population100real\25\1605.JPG,25
./balancer/population/population100real\25\1671.jpg,25
./balancer/population/population100real\25\1672.JPG,25
./balancer/population/population100real\25\1936.jpg,25
./balancer/population/population100real\25\1991.JPG,25
./balancer/population/population100real\25\2047.jpg,25
./balancer/population/population100real\25\2166.jpg,25
./balancer/population/population100real\25\2252.JPG,25
./balancer/population/population100real\25\2327.jpg,25
./balancer/population/population100real\25\24.jpg,25
./balancer/population/population100real\25\2423.jpg,25
./balancer/population/population100real\25\2474.JPG,25
./balancer/population/population100real\25\2476.jpg,25
./balancer/population/population100real\25\2493.jpg,25
./balancer/population/population100real\25\2631.JPG,25
./balancer/population/population100real\25\267.jpg,25
./balancer/population/population100real\25\2778.jpg,25
./balancer/population/population100real\25\2786.jpg,25
./balancer/population/population100real\25\2788.jpg,25
./balancer/population/population100real\25\2841.jpg,25
./balancer/population/population100real\25\2950.JPG,25
./balancer/population/population100real\25\2954.jpg,25
./balancer/population/population100real\25\297.JPG,25
./balancer/population/population100real\25\2981.jpg,25
./balancer/population/population100real\25\3026.jpg,25
./balancer/population/population100real\25\3045.jpg,25
./balancer/population/population100real\25\3046.jpg,25
./balancer/population/population100real\25\311.jpg,25
./balancer/population/population100real\25\3146.jpg,25
./balancer/population/population100real\25\3192.jpg,25
./balancer/population/population100real\25\3250.jpg,25
./balancer/population/population100real\25\3357.jpg,25
./balancer/population/population100real\25\3400.jpg,25
./balancer/population/population100real\25\3476.jpg,25
./balancer/population/population100real\25\3505.jpg,25
./balancer/population/population100real\25\3551.jpg,25
./balancer/population/population100real\25\3595.jpg,25
./balancer/population/population100real\25\3608.jpg,25
./balancer/population/population100real\25\3753.jpg,25
./balancer/population/population100real\25\3754.jpg,25
./balancer/population/population100real\25\3763.jpg,25
./balancer/population/population100real\25\3793.jpg,25
./balancer/population/population100real\25\3801.jpg,25
./balancer/population/population100real\25\3868.jpg,25
./balancer/population/population100real\25\3889.jpg,25
./balancer/population/population100real\25\3920.jpg,25
./balancer/population/population100real\25\397.jpg,25
./balancer/population/population100real\25\4049.jpg,25
./balancer/population/population100real\25\4053.jpg,25
./balancer/population/population100real\25\4060.JPG,25
./balancer/population/population100real\25\4184.jpg,25
./balancer/population/population100real\25\4210.jpg,25
./balancer/population/population100real\25\4224.jpg,25
./balancer/population/population100real\25\4225.jpg,25
./balancer/population/population100real\25\4281.jpg,25
./balancer/population/population100real\25\4361.jpg,25
./balancer/population/population100real\25\445.jpg,25
./balancer/population/population100real\25\4475.jpg,25
./balancer/population/population100real\25\4544.jpg,25
./balancer/population/population100real\25\4584.jpg,25
./balancer/population/population100real\25\4611.jpg,25
./balancer/population/population100real\25\4612.JPG,25
./balancer/population/population100real\25\4629.jpg,25
./balancer/population/population100real\25\4691.jpg,25
./balancer/population/population100real\25\4724.JPG,25
./balancer/population/population100real\25\4730.jpg,25
./balancer/population/population100real\25\4733.JPG,25
./balancer/population/population100real\25\4806.JPG,25
./balancer/population/population100real\25\4825.jpg,25
./balancer/population/population100real\25\4854.jpg,25
./balancer/population/population100real\25\4862.JPG,25
./balancer/population/population100real\25\4871.jpg,25
./balancer/population/population100real\25\4924.jpg,25
./balancer/population/population100real\25\4958.jpg,25
./balancer/population/population100real\25\4959.jpg,25
./balancer/population/population100real\25\4964.jpg,25
./balancer/population/population100real\25\4980.jpg,25
./balancer/population/population100real\25\4982.jpg,25
./balancer/population/population100real\25\5173.jpg,25
./balancer/population/population100real\25\518.JPG,25
./balancer/population/population100real\25\524.jpg,25
./balancer/population/population100real\25\5252.jpg,25
./balancer/population/population100real\25\5334.jpg,25
./balancer/population/population100real\25\5468.jpg,25
./balancer/population/population100real\25\5544.jpg,25
./balancer/population/population100real\25\5605.jpg,25
./balancer/population/population100real\25\5620.jpg,25
./balancer/population/population100real\25\5662.jpg,25
./balancer/population/population100real\25\571.jpg,25
./balancer/population/population100real\25\5836.jpg,25
./balancer/population/population100real\25\5856.jpg,25
./balancer/population/population100real\25\5886.jpg,25
./balancer/population/population100real\25\5942.jpg,25
./balancer/population/population100real\25\5968.jpg,25
./balancer/population/population100real\25\597.jpg,25
./balancer/population/population100real\25\6159.jpg,25
./balancer/population/population100real\25\6161.jpg,25
./balancer/population/population100real\25\6166.jpg,25
./balancer/population/population100real\25\6176.jpg,25
./balancer/population/population100real\25\6200.jpg,25
./balancer/population/population100real\25\6356.jpg,25
./balancer/population/population100real\25\6358.jpg,25
./balancer/population/population100real\25\6584.jpg,25
./balancer/population/population100real\25\6657.jpg,25
./balancer/population/population100real\25\6697.jpg,25
./balancer/population/population100real\25\6719.jpg,25
./balancer/population/population100real\25\676.jpg,25
./balancer/population/population100real\25\6813.jpg,25
./balancer/population/population100real\25\6914.jpg,25
./balancer/population/population100real\25\6933.jpg,25
./balancer/population/population100real\25\6974.jpg,25
./balancer/population/population100real\25\7008.jpg,25
./balancer/population/population100real\25\7071.JPG,25
./balancer/population/population100real\25\7074.jpg,25
./balancer/population/population100real\25\7081.JPG,25
./balancer/population/population100real\25\7103.JPG,25
./balancer/population/population100real\25\7310.jpg,25
./balancer/population/population100real\25\7439.jpg,25
./balancer/population/population100real\25\7475.jpg,25
./balancer/population/population100real\25\7478.jpg,25
./balancer/population/population100real\25\7558.JPG,25
./balancer/population/population100real\25\7568.jpg,25
./balancer/population/population100real\25\7603.jpg,25
./balancer/population/population100real\25\7637.jpg,25
./balancer/population/population100real\25\7655.jpg,25
./balancer/population/population100real\25\7657.jpg,25
./balancer/population/population100real\25\782.JPG,25
./balancer/population/population100real\25\7830.jpg,25
./balancer/population/population100real\25\7875.jpg,25
./balancer/population/population100real\25\8005.jpg,25
./balancer/population/population100real\25\8008.jpg,25
./balancer/population/population100real\25\810.jpg,25
./balancer/population/population100real\25\8113.jpg,25
./balancer/population/population100real\25\8128.jpg,25
./balancer/population/population100real\25\8182.jpg,25
./balancer/population/population100real\25\82.jpg,25
./balancer/population/population100real\25\8278.JPG,25
./balancer/population/population100real\25\8296.JPG,25
./balancer/population/population100real\25\8335.jpg,25
./balancer/population/population100real\25\8433.jpg,25
./balancer/population/population100real\25\8525.jpg,25
./balancer/population/population100real\25\8620.jpg,25
./balancer/population/population100real\25\868.jpg,25
./balancer/population/population100real\25\8706.jpg,25
./balancer/population/population100real\25\8806.jpg,25
./balancer/population/population100real\25\882.jpg,25
./balancer/population/population100real\25\8823.jpg,25
./balancer/population/population100real\25\8848.JPG,25
./balancer/population/population100real\25\8906.jpg,25
./balancer/population/population100real\25\8936.jpg,25
./balancer/population/population100real\25\896.jpg,25
./balancer/population/population100real\25\8964.jpg,25
./balancer/population/population100real\25\9.jpg,25
./balancer/population/population100real\25\9026.jpg,25
./balancer/population/population100real\25\9034.jpg,25
./balancer/population/population100real\25\9046.jpg,25
./balancer/population/population100real\25\9084.jpg,25
./balancer/population/population100real\25\9107.jpg,25
./balancer/population/population100real\25\9110.jpg,25
./balancer/population/population100real\25\9173.jpg,25
./balancer/population/population100real\25\9411.jpg,25
./balancer/population/population100real\25\9447.JPG,25
./balancer/population/population100real\25\9466.jpg,25
./balancer/population/population100real\25\9583.jpg,25
./balancer/population/population100real\25\9589.jpg,25
./balancer/population/population100real\25\9690.jpg,25
./balancer/population/population100real\25\9699.jpg,25
./balancer/population/population100real\25\9774.jpg,25
./balancer/population/population100real\25\9945.jpg,25
./balancer/population/population100real\25\9978.JPG,25
./balancer/population/population100real\25\9993.jpg,25
./balancer/population/population100real\25\9995.jpg,25
./balancer/population/population100real\26\10005.jpg,26
./balancer/population/population100real\26\10039.jpg,26
./balancer/population/population100real\26\10048.jpg,26
./balancer/population/population100real\26\1019.jpg,26
./balancer/population/population100real\26\10309.jpg,26
./balancer/population/population100real\26\10331.jpg,26
./balancer/population/population100real\26\10384.jpg,26
./balancer/population/population100real\26\10459.jpg,26
./balancer/population/population100real\26\10506.jpg,26
./balancer/population/population100real\26\1054.jpg,26
./balancer/population/population100real\26\10541.jpg,26
./balancer/population/population100real\26\10635.jpg,26
./balancer/population/population100real\26\10661.jpg,26
./balancer/population/population100real\26\10852.jpg,26
./balancer/population/population100real\26\10909.jpg,26
./balancer/population/population100real\26\10994.jpg,26
./balancer/population/population100real\26\11143.jpg,26
./balancer/population/population100real\26\11201.jpg,26
./balancer/population/population100real\26\11222.jpg,26
./balancer/population/population100real\26\11251.jpg,26
./balancer/population/population100real\26\11252.jpg,26
./balancer/population/population100real\26\11260.jpg,26
./balancer/population/population100real\26\11359.jpg,26
./balancer/population/population100real\26\11374.jpg,26
./balancer/population/population100real\26\11432.jpg,26
./balancer/population/population100real\26\11489.jpg,26
./balancer/population/population100real\26\11570.jpg,26
./balancer/population/population100real\26\11585.JPG,26
./balancer/population/population100real\26\11706.jpg,26
./balancer/population/population100real\26\11736.jpg,26
./balancer/population/population100real\26\11829.jpg,26
./balancer/population/population100real\26\1183.jpg,26
./balancer/population/population100real\26\11845.jpg,26
./balancer/population/population100real\26\11882.jpg,26
./balancer/population/population100real\26\11992.jpg,26
./balancer/population/population100real\26\12035.jpg,26
./balancer/population/population100real\26\12059.jpg,26
./balancer/population/population100real\26\12122.jpg,26
./balancer/population/population100real\26\12297.jpg,26
./balancer/population/population100real\26\12350.jpg,26
./balancer/population/population100real\26\12501.JPG,26
./balancer/population/population100real\26\12507.jpg,26
./balancer/population/population100real\26\12630.jpg,26
./balancer/population/population100real\26\1265.jpg,26
./balancer/population/population100real\26\12654.jpg,26
./balancer/population/population100real\26\1269.jpg,26
./balancer/population/population100real\26\12706.jpg,26
./balancer/population/population100real\26\12709.jpg,26
./balancer/population/population100real\26\12736.jpg,26
./balancer/population/population100real\26\12737.jpg,26
./balancer/population/population100real\26\12829.jpg,26
./balancer/population/population100real\26\12839.jpg,26
./balancer/population/population100real\26\1287.jpg,26
./balancer/population/population100real\26\12898.jpg,26
./balancer/population/population100real\26\12908.jpg,26
./balancer/population/population100real\26\13040.jpg,26
./balancer/population/population100real\26\13131.jpg,26
./balancer/population/population100real\26\13183.jpg,26
./balancer/population/population100real\26\13207.jpg,26
./balancer/population/population100real\26\13242.JPG,26
./balancer/population/population100real\26\13279.jpg,26
./balancer/population/population100real\26\1331.jpg,26
./balancer/population/population100real\26\13379.jpg,26
./balancer/population/population100real\26\13404.jpg,26
./balancer/population/population100real\26\1342.jpg,26
./balancer/population/population100real\26\13652.jpg,26
./balancer/population/population100real\26\13697.jpg,26
./balancer/population/population100real\26\13717.jpg,26
./balancer/population/population100real\26\13723.jpg,26
./balancer/population/population100real\26\13840.jpg,26
./balancer/population/population100real\26\13852.jpg,26
./balancer/population/population100real\26\14011.jpg,26
./balancer/population/population100real\26\14122.jpg,26
./balancer/population/population100real\26\14139.jpg,26
./balancer/population/population100real\26\14172.JPG,26
./balancer/population/population100real\26\14235.jpg,26
./balancer/population/population100real\26\14242.jpg,26
./balancer/population/population100real\26\1440.jpg,26
./balancer/population/population100real\26\14404.jpg,26
./balancer/population/population100real\26\14414.jpg,26
./balancer/population/population100real\26\14539.jpg,26
./balancer/population/population100real\26\14575.jpg,26
./balancer/population/population100real\26\1477.jpg,26
./balancer/population/population100real\26\1511.jpg,26
./balancer/population/population100real\26\1579.jpg,26
./balancer/population/population100real\26\1630.jpg,26
./balancer/population/population100real\26\1632.jpg,26
./balancer/population/population100real\26\1747.jpg,26
./balancer/population/population100real\26\1947.jpg,26
./balancer/population/population100real\26\1976.jpg,26
./balancer/population/population100real\26\2047.jpg,26
./balancer/population/population100real\26\2215.jpg,26
./balancer/population/population100real\26\2313.jpg,26
./balancer/population/population100real\26\2315.jpg,26
./balancer/population/population100real\26\2316.jpg,26
./balancer/population/population100real\26\2326.jpg,26
./balancer/population/population100real\26\2356.jpg,26
./balancer/population/population100real\26\2359.jpg,26
./balancer/population/population100real\26\2448.jpg,26
./balancer/population/population100real\26\256.jpg,26
./balancer/population/population100real\26\2593.jpg,26
./balancer/population/population100real\26\2627.jpg,26
./balancer/population/population100real\26\2667.jpg,26
./balancer/population/population100real\26\2703.JPG,26
./balancer/population/population100real\26\2716.jpg,26
./balancer/population/population100real\26\2723.jpg,26
./balancer/population/population100real\26\2725.jpg,26
./balancer/population/population100real\26\3053.jpg,26
./balancer/population/population100real\26\3216.jpg,26
./balancer/population/population100real\26\3219.jpg,26
./balancer/population/population100real\26\3267.JPG,26
./balancer/population/population100real\26\3418.jpg,26
./balancer/population/population100real\26\3428.jpg,26
./balancer/population/population100real\26\3467.jpg,26
./balancer/population/population100real\26\3807.jpg,26
./balancer/population/population100real\26\3946.jpg,26
./balancer/population/population100real\26\3954.JPG,26
./balancer/population/population100real\26\4037.jpg,26
./balancer/population/population100real\26\4045.jpg,26
./balancer/population/population100real\26\4204.jpg,26
./balancer/population/population100real\26\4212.jpg,26
./balancer/population/population100real\26\4275.JPG,26
./balancer/population/population100real\26\4307.jpg,26
./balancer/population/population100real\26\4319.jpg,26
./balancer/population/population100real\26\4333.jpg,26
./balancer/population/population100real\26\441.JPG,26
./balancer/population/population100real\26\4475.jpg,26
./balancer/population/population100real\26\4577.jpg,26
./balancer/population/population100real\26\4579.jpg,26
./balancer/population/population100real\26\4718.jpg,26
./balancer/population/population100real\26\4727.jpg,26
./balancer/population/population100real\26\4832.jpg,26
./balancer/population/population100real\26\4898.jpg,26
./balancer/population/population100real\26\49.jpg,26
./balancer/population/population100real\26\493.JPG,26
./balancer/population/population100real\26\495.jpg,26
./balancer/population/population100real\26\5013.jpg,26
./balancer/population/population100real\26\5043.jpg,26
./balancer/population/population100real\26\5057.jpg,26
./balancer/population/population100real\26\5168.jpg,26
./balancer/population/population100real\26\5173.jpg,26
./balancer/population/population100real\26\5198.jpg,26
./balancer/population/population100real\26\5205.JPG,26
./balancer/population/population100real\26\5300.JPG,26
./balancer/population/population100real\26\5360.jpg,26
./balancer/population/population100real\26\5374.JPG,26
./balancer/population/population100real\26\5569.jpg,26
./balancer/population/population100real\26\5646.jpg,26
./balancer/population/population100real\26\5709.jpg,26
./balancer/population/population100real\26\5742.jpg,26
./balancer/population/population100real\26\5776.jpg,26
./balancer/population/population100real\26\5814.JPG,26
./balancer/population/population100real\26\5846.jpg,26
./balancer/population/population100real\26\5856.jpg,26
./balancer/population/population100real\26\6031.jpg,26
./balancer/population/population100real\26\6060.jpg,26
./balancer/population/population100real\26\6098.jpg,26
./balancer/population/population100real\26\61.jpg,26
./balancer/population/population100real\26\6113.jpg,26
./balancer/population/population100real\26\6165.jpg,26
./balancer/population/population100real\26\6194.jpg,26
./balancer/population/population100real\26\6384.jpg,26
./balancer/population/population100real\26\6422.jpg,26
./balancer/population/population100real\26\6432.jpg,26
./balancer/population/population100real\26\6539.jpg,26
./balancer/population/population100real\26\66.jpg,26
./balancer/population/population100real\26\6667.jpg,26
./balancer/population/population100real\26\6680.jpg,26
./balancer/population/population100real\26\6691.jpg,26
./balancer/population/population100real\26\674.jpg,26
./balancer/population/population100real\26\679.JPG,26
./balancer/population/population100real\26\6826.jpg,26
./balancer/population/population100real\26\6941.jpg,26
./balancer/population/population100real\26\7042.jpg,26
./balancer/population/population100real\26\7048.jpg,26
./balancer/population/population100real\26\7089.jpg,26
./balancer/population/population100real\26\717.jpg,26
./balancer/population/population100real\26\721.JPG,26
./balancer/population/population100real\26\7382.JPG,26
./balancer/population/population100real\26\7457.JPG,26
./balancer/population/population100real\26\7534.JPG,26
./balancer/population/population100real\26\7558.jpg,26
./balancer/population/population100real\26\7677.jpg,26
./balancer/population/population100real\26\7715.JPG,26
./balancer/population/population100real\26\7789.jpg,26
./balancer/population/population100real\26\7867.jpg,26
./balancer/population/population100real\26\7898.jpg,26
./balancer/population/population100real\26\7924.jpg,26
./balancer/population/population100real\26\8031.jpg,26
./balancer/population/population100real\26\8039.jpg,26
./balancer/population/population100real\26\8058.JPG,26
./balancer/population/population100real\26\8083.jpg,26
./balancer/population/population100real\26\8217.jpg,26
./balancer/population/population100real\26\8224.jpg,26
./balancer/population/population100real\26\8248.JPG,26
./balancer/population/population100real\26\8301.jpg,26
./balancer/population/population100real\26\8333.JPG,26
./balancer/population/population100real\26\8449.jpg,26
./balancer/population/population100real\26\8500.JPG,26
./balancer/population/population100real\26\8561.jpg,26
./balancer/population/population100real\26\8635.jpg,26
./balancer/population/population100real\26\873.jpg,26
./balancer/population/population100real\26\8743.jpg,26
./balancer/population/population100real\26\8791.jpg,26
./balancer/population/population100real\26\8793.jpg,26
./balancer/population/population100real\26\8907.jpg,26
./balancer/population/population100real\26\9046.jpg,26
./balancer/population/population100real\26\9092.jpg,26
./balancer/population/population100real\26\9141.jpg,26
./balancer/population/population100real\26\9166.jpg,26
./balancer/population/population100real\26\9214.jpg,26
./balancer/population/population100real\26\9216.JPG,26
./balancer/population/population100real\26\9520.jpg,26
./balancer/population/population100real\26\9538.jpg,26
./balancer/population/population100real\26\9567.jpg,26
./balancer/population/population100real\26\9633.jpg,26
./balancer/population/population100real\26\9635.jpg,26
./balancer/population/population100real\26\975.jpg,26
./balancer/population/population100real\26\9753.jpg,26
./balancer/population/population100real\26\9763.jpg,26
./balancer/population/population100real\26\9766.jpg,26
./balancer/population/population100real\26\9772.jpg,26
./balancer/population/population100real\26\9813.jpg,26
./balancer/population/population100real\26\9853.jpg,26
./balancer/population/population100real\26\9904.jpg,26
./balancer/population/population100real\26\9969.jpg,26
./balancer/population/population100real\26\9982.jpg,26
./balancer/population/population100real\26\9998.jpg,26
./balancer/population/population100real\27\1000.jpg,27
./balancer/population/population100real\27\10017.jpg,27
./balancer/population/population100real\27\1003.jpg,27
./balancer/population/population100real\27\10049.jpg,27
./balancer/population/population100real\27\1008.jpg,27
./balancer/population/population100real\27\10266.jpg,27
./balancer/population/population100real\27\10299.jpg,27
./balancer/population/population100real\27\10329.jpg,27
./balancer/population/population100real\27\1039.jpg,27
./balancer/population/population100real\27\10395.jpg,27
./balancer/population/population100real\27\1041.jpg,27
./balancer/population/population100real\27\10540.jpg,27
./balancer/population/population100real\27\10585.jpg,27
./balancer/population/population100real\27\10623.jpg,27
./balancer/population/population100real\27\10666.jpg,27
./balancer/population/population100real\27\1069.jpg,27
./balancer/population/population100real\27\10692.jpg,27
./balancer/population/population100real\27\10787.jpg,27
./balancer/population/population100real\27\10827.jpg,27
./balancer/population/population100real\27\10857.jpg,27
./balancer/population/population100real\27\10869.jpg,27
./balancer/population/population100real\27\10942.JPG,27
./balancer/population/population100real\27\10999.jpg,27
./balancer/population/population100real\27\11077.JPG,27
./balancer/population/population100real\27\11141.JPG,27
./balancer/population/population100real\27\11155.jpg,27
./balancer/population/population100real\27\11167.jpg,27
./balancer/population/population100real\27\11205.jpg,27
./balancer/population/population100real\27\11302.jpg,27
./balancer/population/population100real\27\11375.jpg,27
./balancer/population/population100real\27\11392.jpg,27
./balancer/population/population100real\27\11487.jpg,27
./balancer/population/population100real\27\11564.jpg,27
./balancer/population/population100real\27\11581.jpg,27
./balancer/population/population100real\27\11633.jpg,27
./balancer/population/population100real\27\1165.jpg,27
./balancer/population/population100real\27\11686.jpg,27
./balancer/population/population100real\27\11869.jpg,27
./balancer/population/population100real\27\11913.JPG,27
./balancer/population/population100real\27\1260.jpg,27
./balancer/population/population100real\27\131.jpg,27
./balancer/population/population100real\27\136.JPG,27
./balancer/population/population100real\27\1368.JPG,27
./balancer/population/population100real\27\1444.JPG,27
./balancer/population/population100real\27\145.JPG,27
./balancer/population/population100real\27\1470.jpg,27
./balancer/population/population100real\27\1472.jpg,27
./balancer/population/population100real\27\1532.jpg,27
./balancer/population/population100real\27\1556.jpg,27
./balancer/population/population100real\27\1631.jpg,27
./balancer/population/population100real\27\1656.JPG,27
./balancer/population/population100real\27\1663.jpg,27
./balancer/population/population100real\27\1695.jpg,27
./balancer/population/population100real\27\1707.jpg,27
./balancer/population/population100real\27\1779.jpg,27
./balancer/population/population100real\27\1788.jpg,27
./balancer/population/population100real\27\1848.jpg,27
./balancer/population/population100real\27\1930.jpg,27
./balancer/population/population100real\27\197.jpg,27
./balancer/population/population100real\27\2032.JPG,27
./balancer/population/population100real\27\2045.jpg,27
./balancer/population/population100real\27\2088.JPG,27
./balancer/population/population100real\27\2140.jpg,27
./balancer/population/population100real\27\2400.jpg,27
./balancer/population/population100real\27\2465.jpg,27
./balancer/population/population100real\27\2467.jpg,27
./balancer/population/population100real\27\2481.jpg,27
./balancer/population/population100real\27\2488.jpg,27
./balancer/population/population100real\27\2518.JPG,27
./balancer/population/population100real\27\2529.jpg,27
./balancer/population/population100real\27\257.JPG,27
./balancer/population/population100real\27\2572.jpg,27
./balancer/population/population100real\27\2671.jpg,27
./balancer/population/population100real\27\270.JPG,27
./balancer/population/population100real\27\2957.jpg,27
./balancer/population/population100real\27\3067.jpg,27
./balancer/population/population100real\27\3110.jpg,27
./balancer/population/population100real\27\3126.jpg,27
./balancer/population/population100real\27\3136.jpg,27
./balancer/population/population100real\27\3163.jpg,27
./balancer/population/population100real\27\3221.jpg,27
./balancer/population/population100real\27\3254.jpg,27
./balancer/population/population100real\27\3258.JPG,27
./balancer/population/population100real\27\3289.JPG,27
./balancer/population/population100real\27\3300.jpg,27
./balancer/population/population100real\27\3326.jpg,27
./balancer/population/population100real\27\3340.jpg,27
./balancer/population/population100real\27\3365.jpg,27
./balancer/population/population100real\27\3443.jpg,27
./balancer/population/population100real\27\3567.jpg,27
./balancer/population/population100real\27\365.jpg,27
./balancer/population/population100real\27\3821.JPG,27
./balancer/population/population100real\27\3829.jpg,27
./balancer/population/population100real\27\3855.jpg,27
./balancer/population/population100real\27\3908.jpg,27
./balancer/population/population100real\27\3972.jpg,27
./balancer/population/population100real\27\4092.jpg,27
./balancer/population/population100real\27\4194.jpg,27
./balancer/population/population100real\27\4195.jpg,27
./balancer/population/population100real\27\4205.jpg,27
./balancer/population/population100real\27\4215.jpg,27
./balancer/population/population100real\27\4236.jpg,27
./balancer/population/population100real\27\4296.jpg,27
./balancer/population/population100real\27\4329.jpg,27
./balancer/population/population100real\27\433.jpg,27
./balancer/population/population100real\27\4386.JPG,27
./balancer/population/population100real\27\4534.jpg,27
./balancer/population/population100real\27\458.jpg,27
./balancer/population/population100real\27\4587.jpg,27
./balancer/population/population100real\27\4620.jpg,27
./balancer/population/population100real\27\4746.jpg,27
./balancer/population/population100real\27\4767.jpg,27
./balancer/population/population100real\27\4773.jpg,27
./balancer/population/population100real\27\4796.jpg,27
./balancer/population/population100real\27\4903.jpg,27
./balancer/population/population100real\27\4989.jpg,27
./balancer/population/population100real\27\5065.jpg,27
./balancer/population/population100real\27\5080.jpg,27
./balancer/population/population100real\27\5113.jpg,27
./balancer/population/population100real\27\520.JPG,27
./balancer/population/population100real\27\521.jpg,27
./balancer/population/population100real\27\5255.jpg,27
./balancer/population/population100real\27\5267.jpg,27
./balancer/population/population100real\27\5336.jpg,27
./balancer/population/population100real\27\5357.jpg,27
./balancer/population/population100real\27\5367.JPG,27
./balancer/population/population100real\27\5474.jpg,27
./balancer/population/population100real\27\5553.jpg,27
./balancer/population/population100real\27\5577.jpg,27
./balancer/population/population100real\27\5584.jpg,27
./balancer/population/population100real\27\5639.jpg,27
./balancer/population/population100real\27\5679.jpg,27
./balancer/population/population100real\27\5770.JPG,27
./balancer/population/population100real\27\5782.JPG,27
./balancer/population/population100real\27\5860.jpg,27
./balancer/population/population100real\27\5862.jpg,27
./balancer/population/population100real\27\5867.jpg,27
./balancer/population/population100real\27\5872.JPG,27
./balancer/population/population100real\27\5879.jpg,27
./balancer/population/population100real\27\588.jpg,27
./balancer/population/population100real\27\5913.jpg,27
./balancer/population/population100real\27\5943.jpg,27
./balancer/population/population100real\27\6060.jpg,27
./balancer/population/population100real\27\6185.jpg,27
./balancer/population/population100real\27\6225.JPG,27
./balancer/population/population100real\27\6250.jpg,27
./balancer/population/population100real\27\6278.jpg,27
./balancer/population/population100real\27\6287.jpg,27
./balancer/population/population100real\27\6312.jpg,27
./balancer/population/population100real\27\6346.jpg,27
./balancer/population/population100real\27\6433.JPG,27
./balancer/population/population100real\27\6456.jpg,27
./balancer/population/population100real\27\6657.jpg,27
./balancer/population/population100real\27\6762.jpg,27
./balancer/population/population100real\27\6775.jpg,27
./balancer/population/population100real\27\6794.jpg,27
./balancer/population/population100real\27\683.jpg,27
./balancer/population/population100real\27\6885.jpg,27
./balancer/population/population100real\27\689.jpg,27
./balancer/population/population100real\27\6899.jpg,27
./balancer/population/population100real\27\6973.jpg,27
./balancer/population/population100real\27\6998.jpg,27
./balancer/population/population100real\27\7008.jpg,27
./balancer/population/population100real\27\704.jpg,27
./balancer/population/population100real\27\7122.jpg,27
./balancer/population/population100real\27\7153.jpg,27
./balancer/population/population100real\27\7155.jpg,27
./balancer/population/population100real\27\7179.jpg,27
./balancer/population/population100real\27\7223.jpg,27
./balancer/population/population100real\27\7256.jpg,27
./balancer/population/population100real\27\7275.JPG,27
./balancer/population/population100real\27\7328.jpg,27
./balancer/population/population100real\27\7338.jpg,27
./balancer/population/population100real\27\7456.jpg,27
./balancer/population/population100real\27\7483.jpg,27
./balancer/population/population100real\27\7551.jpg,27
./balancer/population/population100real\27\7592.jpg,27
./balancer/population/population100real\27\7618.jpg,27
./balancer/population/population100real\27\7641.jpg,27
./balancer/population/population100real\27\7652.jpg,27
./balancer/population/population100real\27\7656.jpg,27
./balancer/population/population100real\27\7683.jpg,27
./balancer/population/population100real\27\7686.jpg,27
./balancer/population/population100real\27\7809.jpg,27
./balancer/population/population100real\27\7831.jpg,27
./balancer/population/population100real\27\7854.jpg,27
./balancer/population/population100real\27\7871.jpg,27
./balancer/population/population100real\27\7886.jpg,27
./balancer/population/population100real\27\7902.jpg,27
./balancer/population/population100real\27\7972.jpg,27
./balancer/population/population100real\27\7990.jpg,27
./balancer/population/population100real\27\8113.jpg,27
./balancer/population/population100real\27\8140.jpg,27
./balancer/population/population100real\27\8144.jpg,27
./balancer/population/population100real\27\8169.jpg,27
./balancer/population/population100real\27\8172.jpg,27
./balancer/population/population100real\27\8209.jpg,27
./balancer/population/population100real\27\824.jpg,27
./balancer/population/population100real\27\8263.JPG,27
./balancer/population/population100real\27\8321.jpg,27
./balancer/population/population100real\27\8325.JPG,27
./balancer/population/population100real\27\8332.jpg,27
./balancer/population/population100real\27\836.jpg,27
./balancer/population/population100real\27\8469.jpg,27
./balancer/population/population100real\27\8622.jpg,27
./balancer/population/population100real\27\8692.jpg,27
./balancer/population/population100real\27\8847.JPG,27
./balancer/population/population100real\27\8892.jpg,27
./balancer/population/population100real\27\8988.jpg,27
./balancer/population/population100real\27\9007.jpg,27
./balancer/population/population100real\27\9042.jpg,27
./balancer/population/population100real\27\9049.jpg,27
./balancer/population/population100real\27\9084.jpg,27
./balancer/population/population100real\27\9165.jpg,27
./balancer/population/population100real\27\9207.jpg,27
./balancer/population/population100real\27\9239.JPG,27
./balancer/population/population100real\27\9316.JPG,27
./balancer/population/population100real\27\9349.jpg,27
./balancer/population/population100real\27\9398.jpg,27
./balancer/population/population100real\27\9476.jpg,27
./balancer/population/population100real\27\9515.JPG,27
./balancer/population/population100real\27\9596.jpg,27
./balancer/population/population100real\27\9629.jpg,27
./balancer/population/population100real\27\9751.JPG,27
./balancer/population/population100real\27\9776.jpg,27
./balancer/population/population100real\27\980.jpg,27
./balancer/population/population100real\27\9866.jpg,27
./balancer/population/population100real\27\9934.jpg,27
./balancer/population/population100real\28\10073.jpg,28
./balancer/population/population100real\28\10078.jpg,28
./balancer/population/population100real\28\10168.jpg,28
./balancer/population/population100real\28\10298.jpg,28
./balancer/population/population100real\28\10319.jpg,28
./balancer/population/population100real\28\10378.jpg,28
./balancer/population/population100real\28\10463.jpg,28
./balancer/population/population100real\28\1062.jpg,28
./balancer/population/population100real\28\10681.JPG,28
./balancer/population/population100real\28\10748.jpg,28
./balancer/population/population100real\28\11048.jpg,28
./balancer/population/population100real\28\11051.JPG,28
./balancer/population/population100real\28\11140.jpg,28
./balancer/population/population100real\28\1115.jpg,28
./balancer/population/population100real\28\11164.jpg,28
./balancer/population/population100real\28\11185.jpg,28
./balancer/population/population100real\28\11197.jpg,28
./balancer/population/population100real\28\11271.jpg,28
./balancer/population/population100real\28\11372.jpg,28
./balancer/population/population100real\28\11389.jpg,28
./balancer/population/population100real\28\11435.jpg,28
./balancer/population/population100real\28\11449.jpg,28
./balancer/population/population100real\28\11570.JPG,28
./balancer/population/population100real\28\11638.jpg,28
./balancer/population/population100real\28\11647.jpg,28
./balancer/population/population100real\28\11669.jpg,28
./balancer/population/population100real\28\11675.jpg,28
./balancer/population/population100real\28\11706.jpg,28
./balancer/population/population100real\28\11714.jpg,28
./balancer/population/population100real\28\11715.JPG,28
./balancer/population/population100real\28\11760.jpg,28
./balancer/population/population100real\28\11763.jpg,28
./balancer/population/population100real\28\11782.jpg,28
./balancer/population/population100real\28\12114.jpg,28
./balancer/population/population100real\28\12134.jpg,28
./balancer/population/population100real\28\12153.jpg,28
./balancer/population/population100real\28\12198.jpg,28
./balancer/population/population100real\28\12213.jpg,28
./balancer/population/population100real\28\12263.jpg,28
./balancer/population/population100real\28\12345.jpg,28
./balancer/population/population100real\28\12346.jpg,28
./balancer/population/population100real\28\12351.jpg,28
./balancer/population/population100real\28\12391.jpg,28
./balancer/population/population100real\28\1241.jpg,28
./balancer/population/population100real\28\12425.jpg,28
./balancer/population/population100real\28\12499.jpg,28
./balancer/population/population100real\28\12510.jpg,28
./balancer/population/population100real\28\12556.jpg,28
./balancer/population/population100real\28\12679.jpg,28
./balancer/population/population100real\28\12728.jpg,28
./balancer/population/population100real\28\12827.jpg,28
./balancer/population/population100real\28\12834.jpg,28
./balancer/population/population100real\28\12902.JPG,28
./balancer/population/population100real\28\12912.jpg,28
./balancer/population/population100real\28\12923.jpg,28
./balancer/population/population100real\28\13006.jpg,28
./balancer/population/population100real\28\13016.jpg,28
./balancer/population/population100real\28\13254.jpg,28
./balancer/population/population100real\28\1327.jpg,28
./balancer/population/population100real\28\1330.JPG,28
./balancer/population/population100real\28\13334.jpg,28
./balancer/population/population100real\28\13358.jpg,28
./balancer/population/population100real\28\13426.jpg,28
./balancer/population/population100real\28\1350.jpg,28
./balancer/population/population100real\28\13506.jpg,28
./balancer/population/population100real\28\13537.jpg,28
./balancer/population/population100real\28\13545.jpg,28
./balancer/population/population100real\28\13551.jpg,28
./balancer/population/population100real\28\13631.JPG,28
./balancer/population/population100real\28\13778.jpg,28
./balancer/population/population100real\28\13781.jpg,28
./balancer/population/population100real\28\13786.jpg,28
./balancer/population/population100real\28\13794.jpg,28
./balancer/population/population100real\28\13804.jpg,28
./balancer/population/population100real\28\13828.jpg,28
./balancer/population/population100real\28\13953.jpg,28
./balancer/population/population100real\28\1536.jpg,28
./balancer/population/population100real\28\1570.JPG,28
./balancer/population/population100real\28\1580.jpg,28
./balancer/population/population100real\28\1683.jpg,28
./balancer/population/population100real\28\1771.jpg,28
./balancer/population/population100real\28\1779.jpg,28
./balancer/population/population100real\28\1861.jpg,28
./balancer/population/population100real\28\2201.jpg,28
./balancer/population/population100real\28\2237.jpg,28
./balancer/population/population100real\28\2239.jpg,28
./balancer/population/population100real\28\2270.jpg,28
./balancer/population/population100real\28\245.jpg,28
./balancer/population/population100real\28\2551.JPG,28
./balancer/population/population100real\28\2600.jpg,28
./balancer/population/population100real\28\2695.jpg,28
./balancer/population/population100real\28\2766.JPG,28
./balancer/population/population100real\28\28.JPG,28
./balancer/population/population100real\28\2844.jpg,28
./balancer/population/population100real\28\292.jpg,28
./balancer/population/population100real\28\2948.jpg,28
./balancer/population/population100real\28\2976.jpg,28
./balancer/population/population100real\28\2993.jpg,28
./balancer/population/population100real\28\3004.jpg,28
./balancer/population/population100real\28\3033.jpg,28
./balancer/population/population100real\28\3071.jpg,28
./balancer/population/population100real\28\3114.jpg,28
./balancer/population/population100real\28\3130.JPG,28
./balancer/population/population100real\28\3303.jpg,28
./balancer/population/population100real\28\3353.jpg,28
./balancer/population/population100real\28\3375.jpg,28
./balancer/population/population100real\28\3393.jpg,28
./balancer/population/population100real\28\342.jpg,28
./balancer/population/population100real\28\3578.jpg,28
./balancer/population/population100real\28\3583.jpg,28
./balancer/population/population100real\28\3594.jpg,28
./balancer/population/population100real\28\360.jpg,28
./balancer/population/population100real\28\3789.jpg,28
./balancer/population/population100real\28\3865.jpg,28
./balancer/population/population100real\28\3887.jpg,28
./balancer/population/population100real\28\3944.jpg,28
./balancer/population/population100real\28\3947.JPG,28
./balancer/population/population100real\28\3950.jpg,28
./balancer/population/population100real\28\3987.jpg,28
./balancer/population/population100real\28\4020.JPG,28
./balancer/population/population100real\28\4036.jpg,28
./balancer/population/population100real\28\4080.jpg,28
./balancer/population/population100real\28\4138.JPG,28
./balancer/population/population100real\28\4176.jpg,28
./balancer/population/population100real\28\436.jpg,28
./balancer/population/population100real\28\437.jpg,28
./balancer/population/population100real\28\4381.jpg,28
./balancer/population/population100real\28\4425.JPG,28
./balancer/population/population100real\28\4583.jpg,28
./balancer/population/population100real\28\4694.jpg,28
./balancer/population/population100real\28\4736.jpg,28
./balancer/population/population100real\28\4778.jpg,28
./balancer/population/population100real\28\4872.jpg,28
./balancer/population/population100real\28\4951.jpg,28
./balancer/population/population100real\28\4986.jpg,28
./balancer/population/population100real\28\5002.jpg,28
./balancer/population/population100real\28\5029.jpg,28
./balancer/population/population100real\28\513.jpg,28
./balancer/population/population100real\28\5137.jpg,28
./balancer/population/population100real\28\5173.jpg,28
./balancer/population/population100real\28\5221.jpg,28
./balancer/population/population100real\28\5223.jpg,28
./balancer/population/population100real\28\5286.jpg,28
./balancer/population/population100real\28\5450.JPG,28
./balancer/population/population100real\28\5545.jpg,28
./balancer/population/population100real\28\5562.jpg,28
./balancer/population/population100real\28\5584.jpg,28
./balancer/population/population100real\28\559.jpg,28
./balancer/population/population100real\28\5607.jpg,28
./balancer/population/population100real\28\5659.jpg,28
./balancer/population/population100real\28\5742.jpg,28
./balancer/population/population100real\28\5747.jpg,28
./balancer/population/population100real\28\5761.jpg,28
./balancer/population/population100real\28\5770.jpg,28
./balancer/population/population100real\28\5789.jpg,28
./balancer/population/population100real\28\5837.jpg,28
./balancer/population/population100real\28\5838.jpg,28
./balancer/population/population100real\28\5913.JPG,28
./balancer/population/population100real\28\5941.jpg,28
./balancer/population/population100real\28\6069.jpg,28
./balancer/population/population100real\28\6137.jpg,28
./balancer/population/population100real\28\6194.JPG,28
./balancer/population/population100real\28\6225.jpg,28
./balancer/population/population100real\28\6242.JPG,28
./balancer/population/population100real\28\627.jpg,28
./balancer/population/population100real\28\6314.jpg,28
./balancer/population/population100real\28\6362.jpg,28
./balancer/population/population100real\28\639.jpg,28
./balancer/population/population100real\28\6587.jpg,28
./balancer/population/population100real\28\6629.jpg,28
./balancer/population/population100real\28\6644.jpg,28
./balancer/population/population100real\28\673.jpg,28
./balancer/population/population100real\28\6739.JPG,28
./balancer/population/population100real\28\68.jpg,28
./balancer/population/population100real\28\6800.jpg,28
./balancer/population/population100real\28\6868.jpg,28
./balancer/population/population100real\28\6887.jpg,28
./balancer/population/population100real\28\6984.jpg,28
./balancer/population/population100real\28\699.jpg,28
./balancer/population/population100real\28\7006.jpg,28
./balancer/population/population100real\28\7038.jpg,28
./balancer/population/population100real\28\7039.jpg,28
./balancer/population/population100real\28\7099.jpg,28
./balancer/population/population100real\28\7165.JPG,28
./balancer/population/population100real\28\7186.jpg,28
./balancer/population/population100real\28\7248.jpg,28
./balancer/population/population100real\28\7335.jpg,28
./balancer/population/population100real\28\7433.jpg,28
./balancer/population/population100real\28\7477.jpg,28
./balancer/population/population100real\28\7558.jpg,28
./balancer/population/population100real\28\7654.jpg,28
./balancer/population/population100real\28\7806.jpg,28
./balancer/population/population100real\28\7915.JPG,28
./balancer/population/population100real\28\7924.JPG,28
./balancer/population/population100real\28\7945.jpg,28
./balancer/population/population100real\28\7993.jpg,28
./balancer/population/population100real\28\8104.jpg,28
./balancer/population/population100real\28\8129.jpg,28
./balancer/population/population100real\28\8132.jpg,28
./balancer/population/population100real\28\8311.JPG,28
./balancer/population/population100real\28\8368.jpg,28
./balancer/population/population100real\28\8386.jpg,28
./balancer/population/population100real\28\8397.jpg,28
./balancer/population/population100real\28\8424.jpg,28
./balancer/population/population100real\28\8497.jpg,28
./balancer/population/population100real\28\8564.jpg,28
./balancer/population/population100real\28\8676.jpg,28
./balancer/population/population100real\28\8707.jpg,28
./balancer/population/population100real\28\8734.jpg,28
./balancer/population/population100real\28\8806.jpg,28
./balancer/population/population100real\28\8814.jpg,28
./balancer/population/population100real\28\8842.jpg,28
./balancer/population/population100real\28\8869.jpg,28
./balancer/population/population100real\28\8900.jpg,28
./balancer/population/population100real\28\8914.jpg,28
./balancer/population/population100real\28\8932.jpg,28
./balancer/population/population100real\28\9019.jpg,28
./balancer/population/population100real\28\9021.jpg,28
./balancer/population/population100real\28\912.jpg,28
./balancer/population/population100real\28\9125.jpg,28
./balancer/population/population100real\28\9128.jpg,28
./balancer/population/population100real\28\9252.jpg,28
./balancer/population/population100real\28\9520.jpg,28
./balancer/population/population100real\28\9530.JPG,28
./balancer/population/population100real\28\9580.jpg,28
./balancer/population/population100real\28\9607.jpg,28
./balancer/population/population100real\28\9824.jpg,28
./balancer/population/population100real\28\9862.jpg,28
./balancer/population/population100real\28\9865.jpg,28
./balancer/population/population100real\28\9962.jpg,28
./balancer/population/population100real\29\10328.JPG,29
./balancer/population/population100real\29\10333.jpg,29
./balancer/population/population100real\29\10422.jpg,29
./balancer/population/population100real\29\10459.jpg,29
./balancer/population/population100real\29\10578.jpg,29
./balancer/population/population100real\29\10699.jpg,29
./balancer/population/population100real\29\10710.jpg,29
./balancer/population/population100real\29\10734.jpg,29
./balancer/population/population100real\29\10741.jpg,29
./balancer/population/population100real\29\1076.jpg,29
./balancer/population/population100real\29\10908.jpg,29
./balancer/population/population100real\29\1091.jpg,29
./balancer/population/population100real\29\10954.jpg,29
./balancer/population/population100real\29\10970.jpg,29
./balancer/population/population100real\29\110.jpg,29
./balancer/population/population100real\29\11143.jpg,29
./balancer/population/population100real\29\11170.jpg,29
./balancer/population/population100real\29\1118.JPG,29
./balancer/population/population100real\29\11226.jpg,29
./balancer/population/population100real\29\11278.jpg,29
./balancer/population/population100real\29\11286.jpg,29
./balancer/population/population100real\29\11320.jpg,29
./balancer/population/population100real\29\11361.jpg,29
./balancer/population/population100real\29\11391.jpg,29
./balancer/population/population100real\29\11435.jpg,29
./balancer/population/population100real\29\11512.jpg,29
./balancer/population/population100real\29\11528.jpg,29
./balancer/population/population100real\29\11598.jpg,29
./balancer/population/population100real\29\11625.jpg,29
./balancer/population/population100real\29\11689.jpg,29
./balancer/population/population100real\29\11769.jpg,29
./balancer/population/population100real\29\11836.jpg,29
./balancer/population/population100real\29\11892.jpg,29
./balancer/population/population100real\29\1190.jpg,29
./balancer/population/population100real\29\12009.jpg,29
./balancer/population/population100real\29\12071.jpg,29
./balancer/population/population100real\29\1209.JPG,29
./balancer/population/population100real\29\12104.jpg,29
./balancer/population/population100real\29\12135.jpg,29
./balancer/population/population100real\29\12144.jpg,29
./balancer/population/population100real\29\12173.jpg,29
./balancer/population/population100real\29\12256.jpg,29
./balancer/population/population100real\29\12342.jpg,29
./balancer/population/population100real\29\12345.jpg,29
./balancer/population/population100real\29\12381.jpg,29
./balancer/population/population100real\29\12410.jpg,29
./balancer/population/population100real\29\12422.jpg,29
./balancer/population/population100real\29\1249.jpg,29
./balancer/population/population100real\29\12555.jpg,29
./balancer/population/population100real\29\1259.jpg,29
./balancer/population/population100real\29\126.jpg,29
./balancer/population/population100real\29\12631.JPG,29
./balancer/population/population100real\29\12664.jpg,29
./balancer/population/population100real\29\12682.jpg,29
./balancer/population/population100real\29\12708.jpg,29
./balancer/population/population100real\29\1273.jpg,29
./balancer/population/population100real\29\12775.jpg,29
./balancer/population/population100real\29\12804.jpg,29
./balancer/population/population100real\29\12825.jpg,29
./balancer/population/population100real\29\12920.jpg,29
./balancer/population/population100real\29\1299.jpg,29
./balancer/population/population100real\29\12996.jpg,29
./balancer/population/population100real\29\13141.jpg,29
./balancer/population/population100real\29\1339.jpg,29
./balancer/population/population100real\29\136.jpg,29
./balancer/population/population100real\29\1449.jpg,29
./balancer/population/population100real\29\1517.jpg,29
./balancer/population/population100real\29\1534.jpg,29
./balancer/population/population100real\29\1543.jpg,29
./balancer/population/population100real\29\1611.jpg,29
./balancer/population/population100real\29\1635.jpg,29
./balancer/population/population100real\29\1702.jpg,29
./balancer/population/population100real\29\1753.jpg,29
./balancer/population/population100real\29\1764.jpg,29
./balancer/population/population100real\29\1823.jpg,29
./balancer/population/population100real\29\207.jpg,29
./balancer/population/population100real\29\2194.jpg,29
./balancer/population/population100real\29\2215.jpg,29
./balancer/population/population100real\29\2325.jpg,29
./balancer/population/population100real\29\2361.jpg,29
./balancer/population/population100real\29\2470.jpg,29
./balancer/population/population100real\29\2555.jpg,29
./balancer/population/population100real\29\2591.JPG,29
./balancer/population/population100real\29\2609.jpg,29
./balancer/population/population100real\29\2613.jpg,29
./balancer/population/population100real\29\2687.jpg,29
./balancer/population/population100real\29\2702.jpg,29
./balancer/population/population100real\29\2710.jpg,29
./balancer/population/population100real\29\29.jpg,29
./balancer/population/population100real\29\3033.jpg,29
./balancer/population/population100real\29\310.jpg,29
./balancer/population/population100real\29\3222.JPG,29
./balancer/population/population100real\29\3305.jpg,29
./balancer/population/population100real\29\3348.jpg,29
./balancer/population/population100real\29\3361.jpg,29
./balancer/population/population100real\29\3491.jpg,29
./balancer/population/population100real\29\3503.jpg,29
./balancer/population/population100real\29\3526.jpg,29
./balancer/population/population100real\29\3627.jpg,29
./balancer/population/population100real\29\3646.jpg,29
./balancer/population/population100real\29\379.jpg,29
./balancer/population/population100real\29\38.jpg,29
./balancer/population/population100real\29\3907.jpg,29
./balancer/population/population100real\29\3963.jpg,29
./balancer/population/population100real\29\400.jpg,29
./balancer/population/population100real\29\4031.jpg,29
./balancer/population/population100real\29\404.jpg,29
./balancer/population/population100real\29\4049.jpg,29
./balancer/population/population100real\29\4069.jpg,29
./balancer/population/population100real\29\4145.jpg,29
./balancer/population/population100real\29\418.jpg,29
./balancer/population/population100real\29\4186.jpg,29
./balancer/population/population100real\29\4268.jpg,29
./balancer/population/population100real\29\4322.jpg,29
./balancer/population/population100real\29\4375.JPG,29
./balancer/population/population100real\29\4381.jpg,29
./balancer/population/population100real\29\4387.jpg,29
./balancer/population/population100real\29\4390.jpg,29
./balancer/population/population100real\29\4482.jpg,29
./balancer/population/population100real\29\4492.jpg,29
./balancer/population/population100real\29\4505.jpg,29
./balancer/population/population100real\29\4518.jpg,29
./balancer/population/population100real\29\455.jpg,29
./balancer/population/population100real\29\4586.jpg,29
./balancer/population/population100real\29\4602.jpg,29
./balancer/population/population100real\29\463.jpg,29
./balancer/population/population100real\29\4670.jpg,29
./balancer/population/population100real\29\4791.JPG,29
./balancer/population/population100real\29\4810.jpg,29
./balancer/population/population100real\29\4841.jpg,29
./balancer/population/population100real\29\4897.jpg,29
./balancer/population/population100real\29\5126.jpg,29
./balancer/population/population100real\29\5194.JPG,29
./balancer/population/population100real\29\5330.jpg,29
./balancer/population/population100real\29\5397.jpg,29
./balancer/population/population100real\29\5423.jpg,29
./balancer/population/population100real\29\5504.jpg,29
./balancer/population/population100real\29\5536.jpg,29
./balancer/population/population100real\29\5560.jpg,29
./balancer/population/population100real\29\5597.jpg,29
./balancer/population/population100real\29\5619.JPG,29
./balancer/population/population100real\29\5653.jpg,29
./balancer/population/population100real\29\5713.jpg,29
./balancer/population/population100real\29\573.JPG,29
./balancer/population/population100real\29\5808.JPG,29
./balancer/population/population100real\29\5938.jpg,29
./balancer/population/population100real\29\6004.JPG,29
./balancer/population/population100real\29\6043.JPG,29
./balancer/population/population100real\29\6054.JPG,29
./balancer/population/population100real\29\6094.JPG,29
./balancer/population/population100real\29\6160.jpg,29
./balancer/population/population100real\29\6187.jpg,29
./balancer/population/population100real\29\6233.jpg,29
./balancer/population/population100real\29\6258.jpg,29
./balancer/population/population100real\29\6281.jpg,29
./balancer/population/population100real\29\6369.jpg,29
./balancer/population/population100real\29\6416.jpg,29
./balancer/population/population100real\29\6439.jpg,29
./balancer/population/population100real\29\6449.jpg,29
./balancer/population/population100real\29\6538.jpg,29
./balancer/population/population100real\29\6590.jpg,29
./balancer/population/population100real\29\6661.JPG,29
./balancer/population/population100real\29\6667.jpg,29
./balancer/population/population100real\29\6716.jpg,29
./balancer/population/population100real\29\6762.jpg,29
./balancer/population/population100real\29\6787.jpg,29
./balancer/population/population100real\29\6861.jpg,29
./balancer/population/population100real\29\6935.jpg,29
./balancer/population/population100real\29\6938.jpg,29
./balancer/population/population100real\29\6957.jpg,29
./balancer/population/population100real\29\7011.jpg,29
./balancer/population/population100real\29\7071.jpg,29
./balancer/population/population100real\29\7102.JPG,29
./balancer/population/population100real\29\732.jpg,29
./balancer/population/population100real\29\7385.jpg,29
./balancer/population/population100real\29\7443.jpg,29
./balancer/population/population100real\29\7454.JPG,29
./balancer/population/population100real\29\7525.jpg,29
./balancer/population/population100real\29\7609.jpg,29
./balancer/population/population100real\29\7660.JPG,29
./balancer/population/population100real\29\7693.jpg,29
./balancer/population/population100real\29\7725.jpg,29
./balancer/population/population100real\29\7734.jpg,29
./balancer/population/population100real\29\7776.JPG,29
./balancer/population/population100real\29\7850.jpg,29
./balancer/population/population100real\29\787.JPG,29
./balancer/population/population100real\29\7903.jpg,29
./balancer/population/population100real\29\7910.jpg,29
./balancer/population/population100real\29\7918.jpg,29
./balancer/population/population100real\29\7973.jpg,29
./balancer/population/population100real\29\8018.jpg,29
./balancer/population/population100real\29\8075.jpg,29
./balancer/population/population100real\29\8093.jpg,29
./balancer/population/population100real\29\8116.jpg,29
./balancer/population/population100real\29\8158.jpg,29
./balancer/population/population100real\29\8242.jpg,29
./balancer/population/population100real\29\8250.jpg,29
./balancer/population/population100real\29\8292.jpg,29
./balancer/population/population100real\29\834.jpg,29
./balancer/population/population100real\29\8349.jpg,29
./balancer/population/population100real\29\8352.jpg,29
./balancer/population/population100real\29\8368.JPG,29
./balancer/population/population100real\29\8405.jpg,29
./balancer/population/population100real\29\8461.jpg,29
./balancer/population/population100real\29\8472.jpg,29
./balancer/population/population100real\29\8612.jpg,29
./balancer/population/population100real\29\8798.jpg,29
./balancer/population/population100real\29\881.jpg,29
./balancer/population/population100real\29\8868.jpg,29
./balancer/population/population100real\29\8932.jpg,29
./balancer/population/population100real\29\8935.jpg,29
./balancer/population/population100real\29\8965.jpg,29
./balancer/population/population100real\29\9.jpg,29
./balancer/population/population100real\29\9007.jpg,29
./balancer/population/population100real\29\906.jpg,29
./balancer/population/population100real\29\9065.jpg,29
./balancer/population/population100real\29\9132.jpg,29
./balancer/population/population100real\29\9179.jpg,29
./balancer/population/population100real\29\9218.jpg,29
./balancer/population/population100real\29\9244.JPG,29
./balancer/population/population100real\29\9361.jpg,29
./balancer/population/population100real\29\9404.jpg,29
./balancer/population/population100real\29\9430.jpg,29
./balancer/population/population100real\29\9471.jpg,29
./balancer/population/population100real\29\9496.jpg,29
./balancer/population/population100real\29\9526.jpg,29
./balancer/population/population100real\29\957.jpg,29
./balancer/population/population100real\29\9577.jpg,29
./balancer/population/population100real\29\96.jpg,29
./balancer/population/population100real\29\9688.jpg,29
./balancer/population/population100real\29\9781.jpg,29
./balancer/population/population100real\29\9873.jpg,29
./balancer/population/population100real\29\9908.jpg,29
./balancer/population/population100real\30\10.jpg,30
./balancer/population/population100real\30\10048.jpg,30
./balancer/population/population100real\30\10112.jpg,30
./balancer/population/population100real\30\10131.jpg,30
./balancer/population/population100real\30\10149.jpg,30
./balancer/population/population100real\30\10174.jpg,30
./balancer/population/population100real\30\10233.jpg,30
./balancer/population/population100real\30\10250.jpg,30
./balancer/population/population100real\30\10296.jpg,30
./balancer/population/population100real\30\10306.jpg,30
./balancer/population/population100real\30\10338.jpg,30
./balancer/population/population100real\30\10352.JPG,30
./balancer/population/population100real\30\10538.jpg,30
./balancer/population/population100real\30\10549.jpg,30
./balancer/population/population100real\30\10562.jpg,30
./balancer/population/population100real\30\10647.jpg,30
./balancer/population/population100real\30\10664.jpg,30
./balancer/population/population100real\30\10674.jpg,30
./balancer/population/population100real\30\10817.jpg,30
./balancer/population/population100real\30\10896.jpg,30
./balancer/population/population100real\30\10930.jpg,30
./balancer/population/population100real\30\10939.jpg,30
./balancer/population/population100real\30\11025.jpg,30
./balancer/population/population100real\30\11068.jpg,30
./balancer/population/population100real\30\11082.jpg,30
./balancer/population/population100real\30\11211.jpg,30
./balancer/population/population100real\30\11274.jpg,30
./balancer/population/population100real\30\11290.jpg,30
./balancer/population/population100real\30\11334.jpg,30
./balancer/population/population100real\30\11359.jpg,30
./balancer/population/population100real\30\11361.jpg,30
./balancer/population/population100real\30\11402.jpg,30
./balancer/population/population100real\30\11504.jpg,30
./balancer/population/population100real\30\11567.jpg,30
./balancer/population/population100real\30\11694.jpg,30
./balancer/population/population100real\30\11699.JPG,30
./balancer/population/population100real\30\11772.jpg,30
./balancer/population/population100real\30\11782.JPG,30
./balancer/population/population100real\30\11809.jpg,30
./balancer/population/population100real\30\1184.jpg,30
./balancer/population/population100real\30\11860.jpg,30
./balancer/population/population100real\30\11880.jpg,30
./balancer/population/population100real\30\11896.jpg,30
./balancer/population/population100real\30\1198.jpg,30
./balancer/population/population100real\30\12048.jpg,30
./balancer/population/population100real\30\12081.jpg,30
./balancer/population/population100real\30\12215.jpg,30
./balancer/population/population100real\30\12222.jpg,30
./balancer/population/population100real\30\12229.jpg,30
./balancer/population/population100real\30\12286.jpg,30
./balancer/population/population100real\30\12330.jpg,30
./balancer/population/population100real\30\12427.jpg,30
./balancer/population/population100real\30\12602.jpg,30
./balancer/population/population100real\30\12612.jpg,30
./balancer/population/population100real\30\1272.jpg,30
./balancer/population/population100real\30\12721.jpg,30
./balancer/population/population100real\30\12790.jpg,30
./balancer/population/population100real\30\12841.jpg,30
./balancer/population/population100real\30\12862.jpg,30
./balancer/population/population100real\30\12922.jpg,30
./balancer/population/population100real\30\13077.jpg,30
./balancer/population/population100real\30\13130.jpg,30
./balancer/population/population100real\30\13273.jpg,30
./balancer/population/population100real\30\13514.jpg,30
./balancer/population/population100real\30\13548.jpg,30
./balancer/population/population100real\30\13571.jpg,30
./balancer/population/population100real\30\13591.jpg,30
./balancer/population/population100real\30\1363.jpg,30
./balancer/population/population100real\30\13776.jpg,30
./balancer/population/population100real\30\13807.jpg,30
./balancer/population/population100real\30\13814.jpg,30
./balancer/population/population100real\30\13942.jpg,30
./balancer/population/population100real\30\13951.jpg,30
./balancer/population/population100real\30\14048.jpg,30
./balancer/population/population100real\30\14078.jpg,30
./balancer/population/population100real\30\14085.jpg,30
./balancer/population/population100real\30\14097.jpg,30
./balancer/population/population100real\30\14220.jpg,30
./balancer/population/population100real\30\14252.jpg,30
./balancer/population/population100real\30\14282.jpg,30
./balancer/population/population100real\30\14296.jpg,30
./balancer/population/population100real\30\1446.jpg,30
./balancer/population/population100real\30\154.jpg,30
./balancer/population/population100real\30\1587.JPG,30
./balancer/population/population100real\30\1614.jpg,30
./balancer/population/population100real\30\1671.jpg,30
./balancer/population/population100real\30\1722.jpg,30
./balancer/population/population100real\30\1742.jpg,30
./balancer/population/population100real\30\1823.jpg,30
./balancer/population/population100real\30\1864.jpg,30
./balancer/population/population100real\30\2014.jpg,30
./balancer/population/population100real\30\2069.jpg,30
./balancer/population/population100real\30\2095.jpg,30
./balancer/population/population100real\30\2107.jpg,30
./balancer/population/population100real\30\214.jpg,30
./balancer/population/population100real\30\2202.jpg,30
./balancer/population/population100real\30\225.jpg,30
./balancer/population/population100real\30\2314.jpg,30
./balancer/population/population100real\30\2344.jpg,30
./balancer/population/population100real\30\2347.jpg,30
./balancer/population/population100real\30\2424.jpg,30
./balancer/population/population100real\30\2540.jpg,30
./balancer/population/population100real\30\2585.jpg,30
./balancer/population/population100real\30\2589.jpg,30
./balancer/population/population100real\30\2746.jpg,30
./balancer/population/population100real\30\2773.jpg,30
./balancer/population/population100real\30\2834.jpg,30
./balancer/population/population100real\30\2893.jpg,30
./balancer/population/population100real\30\2940.jpg,30
./balancer/population/population100real\30\3061.jpg,30
./balancer/population/population100real\30\3099.jpg,30
./balancer/population/population100real\30\3177.jpg,30
./balancer/population/population100real\30\3303.jpg,30
./balancer/population/population100real\30\3430.jpg,30
./balancer/population/population100real\30\3446.jpg,30
./balancer/population/population100real\30\351.jpg,30
./balancer/population/population100real\30\353.jpg,30
./balancer/population/population100real\30\3569.jpg,30
./balancer/population/population100real\30\358.jpg,30
./balancer/population/population100real\30\3596.jpg,30
./balancer/population/population100real\30\3607.jpg,30
./balancer/population/population100real\30\3654.jpg,30
./balancer/population/population100real\30\3766.jpg,30
./balancer/population/population100real\30\3774.jpg,30
./balancer/population/population100real\30\3828.jpg,30
./balancer/population/population100real\30\3838.jpg,30
./balancer/population/population100real\30\3903.jpg,30
./balancer/population/population100real\30\3908.jpg,30
./balancer/population/population100real\30\3931.jpg,30
./balancer/population/population100real\30\4202.jpg,30
./balancer/population/population100real\30\4289.jpg,30
./balancer/population/population100real\30\4291.jpg,30
./balancer/population/population100real\30\4372.jpg,30
./balancer/population/population100real\30\4388.jpg,30
./balancer/population/population100real\30\4394.jpg,30
./balancer/population/population100real\30\4418.jpg,30
./balancer/population/population100real\30\4486.jpg,30
./balancer/population/population100real\30\4496.jpg,30
./balancer/population/population100real\30\4541.jpg,30
./balancer/population/population100real\30\4555.jpg,30
./balancer/population/population100real\30\4616.jpg,30
./balancer/population/population100real\30\4638.jpg,30
./balancer/population/population100real\30\4642.jpg,30
./balancer/population/population100real\30\472.jpg,30
./balancer/population/population100real\30\4726.jpg,30
./balancer/population/population100real\30\474.jpg,30
./balancer/population/population100real\30\4742.jpg,30
./balancer/population/population100real\30\4747.jpg,30
./balancer/population/population100real\30\4754.jpg,30
./balancer/population/population100real\30\4870.JPG,30
./balancer/population/population100real\30\4871.jpg,30
./balancer/population/population100real\30\5044.jpg,30
./balancer/population/population100real\30\5110.jpg,30
./balancer/population/population100real\30\5248.jpg,30
./balancer/population/population100real\30\5272.jpg,30
./balancer/population/population100real\30\5473.jpg,30
./balancer/population/population100real\30\5519.jpg,30
./balancer/population/population100real\30\5672.jpg,30
./balancer/population/population100real\30\5708.jpg,30
./balancer/population/population100real\30\5725.jpg,30
./balancer/population/population100real\30\5731.jpg,30
./balancer/population/population100real\30\5830.jpg,30
./balancer/population/population100real\30\5881.jpg,30
./balancer/population/population100real\30\5976.jpg,30
./balancer/population/population100real\30\5994.jpg,30
./balancer/population/population100real\30\6003.jpg,30
./balancer/population/population100real\30\6049.jpg,30
./balancer/population/population100real\30\6068.jpg,30
./balancer/population/population100real\30\6104.JPG,30
./balancer/population/population100real\30\6109.jpg,30
./balancer/population/population100real\30\6114.jpg,30
./balancer/population/population100real\30\6230.jpg,30
./balancer/population/population100real\30\627.jpg,30
./balancer/population/population100real\30\6294.JPG,30
./balancer/population/population100real\30\6437.jpg,30
./balancer/population/population100real\30\6461.jpg,30
./balancer/population/population100real\30\6512.jpg,30
./balancer/population/population100real\30\6530.jpg,30
./balancer/population/population100real\30\659.jpg,30
./balancer/population/population100real\30\6764.jpg,30
./balancer/population/population100real\30\6781.jpg,30
./balancer/population/population100real\30\6822.jpg,30
./balancer/population/population100real\30\6961.jpg,30
./balancer/population/population100real\30\704.jpg,30
./balancer/population/population100real\30\7041.jpg,30
./balancer/population/population100real\30\7105.JPG,30
./balancer/population/population100real\30\7106.jpg,30
./balancer/population/population100real\30\7127.jpg,30
./balancer/population/population100real\30\7179.jpg,30
./balancer/population/population100real\30\7195.jpg,30
./balancer/population/population100real\30\7286.jpg,30
./balancer/population/population100real\30\7415.jpg,30
./balancer/population/population100real\30\7445.jpg,30
./balancer/population/population100real\30\7476.jpg,30
./balancer/population/population100real\30\7511.jpg,30
./balancer/population/population100real\30\7614.jpg,30
./balancer/population/population100real\30\7703.jpg,30
./balancer/population/population100real\30\778.jpg,30
./balancer/population/population100real\30\7958.jpg,30
./balancer/population/population100real\30\8005.jpg,30
./balancer/population/population100real\30\8026.jpg,30
./balancer/population/population100real\30\8050.jpg,30
./balancer/population/population100real\30\808.jpg,30
./balancer/population/population100real\30\8120.jpg,30
./balancer/population/population100real\30\8256.jpg,30
./balancer/population/population100real\30\8267.JPG,30
./balancer/population/population100real\30\8314.jpg,30
./balancer/population/population100real\30\8357.jpg,30
./balancer/population/population100real\30\8567.jpg,30
./balancer/population/population100real\30\8580.jpg,30
./balancer/population/population100real\30\8635.jpg,30
./balancer/population/population100real\30\8695.jpg,30
./balancer/population/population100real\30\8705.jpg,30
./balancer/population/population100real\30\8760.jpg,30
./balancer/population/population100real\30\8810.jpg,30
./balancer/population/population100real\30\8814.jpg,30
./balancer/population/population100real\30\8825.jpg,30
./balancer/population/population100real\30\8918.jpg,30
./balancer/population/population100real\30\8973.jpg,30
./balancer/population/population100real\30\9017.jpg,30
./balancer/population/population100real\30\9022.jpg,30
./balancer/population/population100real\30\9051.jpg,30
./balancer/population/population100real\30\909.jpg,30
./balancer/population/population100real\30\9120.jpg,30
./balancer/population/population100real\30\9278.jpg,30
./balancer/population/population100real\30\9292.jpg,30
./balancer/population/population100real\30\9368.jpg,30
./balancer/population/population100real\30\9371.jpg,30
./balancer/population/population100real\30\9394.JPG,30
./balancer/population/population100real\30\9543.jpg,30
./balancer/population/population100real\30\9634.jpg,30
./balancer/population/population100real\30\9674.jpg,30
./balancer/population/population100real\30\9699.jpg,30
./balancer/population/population100real\30\9859.jpg,30
./balancer/population/population100real\30\9912.jpg,30
./balancer/population/population100real\30\9925.jpg,30
./balancer/population/population100real\30\9941.jpg,30
./balancer/population/population100real\31\10045.jpg,31
./balancer/population/population100real\31\10076.jpg,31
./balancer/population/population100real\31\10160.jpg,31
./balancer/population/population100real\31\1028.jpg,31
./balancer/population/population100real\31\10309.jpg,31
./balancer/population/population100real\31\10351.jpg,31
./balancer/population/population100real\31\10353.jpg,31
./balancer/population/population100real\31\10358.jpg,31
./balancer/population/population100real\31\10475.jpg,31
./balancer/population/population100real\31\10492.jpg,31
./balancer/population/population100real\31\10501.jpg,31
./balancer/population/population100real\31\10540.jpg,31
./balancer/population/population100real\31\10647.jpg,31
./balancer/population/population100real\31\10670.jpg,31
./balancer/population/population100real\31\10756.jpg,31
./balancer/population/population100real\31\10779.jpg,31
./balancer/population/population100real\31\10805.jpg,31
./balancer/population/population100real\31\10832.JPG,31
./balancer/population/population100real\31\11209.jpg,31
./balancer/population/population100real\31\1130.jpg,31
./balancer/population/population100real\31\11309.jpg,31
./balancer/population/population100real\31\11423.jpg,31
./balancer/population/population100real\31\1167.JPG,31
./balancer/population/population100real\31\11713.JPG,31
./balancer/population/population100real\31\11730.jpg,31
./balancer/population/population100real\31\11740.jpg,31
./balancer/population/population100real\31\11791.jpg,31
./balancer/population/population100real\31\11850.jpg,31
./balancer/population/population100real\31\11902.jpg,31
./balancer/population/population100real\31\11912.jpg,31
./balancer/population/population100real\31\11960.jpg,31
./balancer/population/population100real\31\12057.jpg,31
./balancer/population/population100real\31\12092.JPG,31
./balancer/population/population100real\31\12106.jpg,31
./balancer/population/population100real\31\12108.jpg,31
./balancer/population/population100real\31\12128.jpg,31
./balancer/population/population100real\31\12147.jpg,31
./balancer/population/population100real\31\12153.jpg,31
./balancer/population/population100real\31\1225.jpg,31
./balancer/population/population100real\31\12277.jpg,31
./balancer/population/population100real\31\12309.jpg,31
./balancer/population/population100real\31\12363.JPG,31
./balancer/population/population100real\31\12393.jpg,31
./balancer/population/population100real\31\12551.jpg,31
./balancer/population/population100real\31\12589.jpg,31
./balancer/population/population100real\31\1266.jpg,31
./balancer/population/population100real\31\12660.jpg,31
./balancer/population/population100real\31\12663.jpg,31
./balancer/population/population100real\31\12814.jpg,31
./balancer/population/population100real\31\1282.jpg,31
./balancer/population/population100real\31\12822.jpg,31
./balancer/population/population100real\31\13083.jpg,31
./balancer/population/population100real\31\13096.jpg,31
./balancer/population/population100real\31\13152.jpg,31
./balancer/population/population100real\31\1318.jpg,31
./balancer/population/population100real\31\13180.jpg,31
./balancer/population/population100real\31\1392.jpg,31
./balancer/population/population100real\31\1454.JPG,31
./balancer/population/population100real\31\1464.jpg,31
./balancer/population/population100real\31\1521.jpg,31
./balancer/population/population100real\31\1535.jpg,31
./balancer/population/population100real\31\1542.jpg,31
./balancer/population/population100real\31\1544.jpg,31
./balancer/population/population100real\31\1607.jpg,31
./balancer/population/population100real\31\1612.jpg,31
./balancer/population/population100real\31\1754.jpg,31
./balancer/population/population100real\31\1783.jpg,31
./balancer/population/population100real\31\1787.jpg,31
./balancer/population/population100real\31\1810.jpg,31
./balancer/population/population100real\31\1815.jpg,31
./balancer/population/population100real\31\1820.jpg,31
./balancer/population/population100real\31\1842.jpg,31
./balancer/population/population100real\31\1856.jpg,31
./balancer/population/population100real\31\1896.jpg,31
./balancer/population/population100real\31\1922.jpg,31
./balancer/population/population100real\31\1931.jpg,31
./balancer/population/population100real\31\1975.jpg,31
./balancer/population/population100real\31\1997.jpg,31
./balancer/population/population100real\31\2030.jpg,31
./balancer/population/population100real\31\2062.jpg,31
./balancer/population/population100real\31\2134.jpg,31
./balancer/population/population100real\31\2203.jpg,31
./balancer/population/population100real\31\2270.jpg,31
./balancer/population/population100real\31\2315.jpg,31
./balancer/population/population100real\31\2316.jpg,31
./balancer/population/population100real\31\2363.jpg,31
./balancer/population/population100real\31\2492.jpg,31
./balancer/population/population100real\31\255.jpg,31
./balancer/population/population100real\31\2565.jpg,31
./balancer/population/population100real\31\2579.jpg,31
./balancer/population/population100real\31\2657.jpg,31
./balancer/population/population100real\31\2673.jpg,31
./balancer/population/population100real\31\2684.jpg,31
./balancer/population/population100real\31\2711.jpg,31
./balancer/population/population100real\31\272.jpg,31
./balancer/population/population100real\31\2744.jpg,31
./balancer/population/population100real\31\2799.jpg,31
./balancer/population/population100real\31\2850.jpg,31
./balancer/population/population100real\31\287.jpg,31
./balancer/population/population100real\31\2891.jpg,31
./balancer/population/population100real\31\2898.jpg,31
./balancer/population/population100real\31\2959.jpg,31
./balancer/population/population100real\31\3217.jpg,31
./balancer/population/population100real\31\3225.jpg,31
./balancer/population/population100real\31\3290.jpg,31
./balancer/population/population100real\31\3355.jpg,31
./balancer/population/population100real\31\3364.jpg,31
./balancer/population/population100real\31\3365.jpg,31
./balancer/population/population100real\31\3372.jpg,31
./balancer/population/population100real\31\3411.jpg,31
./balancer/population/population100real\31\347.JPG,31
./balancer/population/population100real\31\3486.jpg,31
./balancer/population/population100real\31\3568.jpg,31
./balancer/population/population100real\31\3604.jpg,31
./balancer/population/population100real\31\363.jpg,31
./balancer/population/population100real\31\3744.jpg,31
./balancer/population/population100real\31\3872.jpg,31
./balancer/population/population100real\31\3884.jpg,31
./balancer/population/population100real\31\3991.jpg,31
./balancer/population/population100real\31\403.jpg,31
./balancer/population/population100real\31\4050.jpg,31
./balancer/population/population100real\31\4062.jpg,31
./balancer/population/population100real\31\4100.jpg,31
./balancer/population/population100real\31\4111.jpg,31
./balancer/population/population100real\31\4171.jpg,31
./balancer/population/population100real\31\4177.jpg,31
./balancer/population/population100real\31\4338.jpg,31
./balancer/population/population100real\31\4342.jpg,31
./balancer/population/population100real\31\4355.jpg,31
./balancer/population/population100real\31\4359.JPG,31
./balancer/population/population100real\31\4386.jpg,31
./balancer/population/population100real\31\4404.jpg,31
./balancer/population/population100real\31\4450.jpg,31
./balancer/population/population100real\31\4488.jpg,31
./balancer/population/population100real\31\454.jpg,31
./balancer/population/population100real\31\4646.jpg,31
./balancer/population/population100real\31\4655.jpg,31
./balancer/population/population100real\31\4658.jpg,31
./balancer/population/population100real\31\4710.jpg,31
./balancer/population/population100real\31\4783.jpg,31
./balancer/population/population100real\31\4799.jpg,31
./balancer/population/population100real\31\4869.JPG,31
./balancer/population/population100real\31\4898.jpg,31
./balancer/population/population100real\31\4986.jpg,31
./balancer/population/population100real\31\5003.jpg,31
./balancer/population/population100real\31\5014.jpg,31
./balancer/population/population100real\31\5066.jpg,31
./balancer/population/population100real\31\5071.jpg,31
./balancer/population/population100real\31\5090.jpg,31
./balancer/population/population100real\31\5156.jpg,31
./balancer/population/population100real\31\517.jpg,31
./balancer/population/population100real\31\5217.jpg,31
./balancer/population/population100real\31\523.jpg,31
./balancer/population/population100real\31\5283.jpg,31
./balancer/population/population100real\31\5291.jpg,31
./balancer/population/population100real\31\5329.jpg,31
./balancer/population/population100real\31\5332.jpg,31
./balancer/population/population100real\31\5580.jpg,31
./balancer/population/population100real\31\5740.jpg,31
./balancer/population/population100real\31\5773.jpg,31
./balancer/population/population100real\31\5848.jpg,31
./balancer/population/population100real\31\5923.JPG,31
./balancer/population/population100real\31\5957.jpg,31
./balancer/population/population100real\31\6011.jpg,31
./balancer/population/population100real\31\6029.jpg,31
./balancer/population/population100real\31\6076.jpg,31
./balancer/population/population100real\31\6150.jpg,31
./balancer/population/population100real\31\6259.jpg,31
./balancer/population/population100real\31\6264.jpg,31
./balancer/population/population100real\31\6484.jpg,31
./balancer/population/population100real\31\6487.jpg,31
./balancer/population/population100real\31\6519.jpg,31
./balancer/population/population100real\31\6566.jpg,31
./balancer/population/population100real\31\6613.JPG,31
./balancer/population/population100real\31\6738.jpg,31
./balancer/population/population100real\31\6745.jpg,31
./balancer/population/population100real\31\6747.jpg,31
./balancer/population/population100real\31\6757.jpg,31
./balancer/population/population100real\31\6846.JPG,31
./balancer/population/population100real\31\6921.JPG,31
./balancer/population/population100real\31\6945.jpg,31
./balancer/population/population100real\31\6960.jpg,31
./balancer/population/population100real\31\6999.JPG,31
./balancer/population/population100real\31\7049.JPG,31
./balancer/population/population100real\31\7053.jpg,31
./balancer/population/population100real\31\7062.jpg,31
./balancer/population/population100real\31\709.jpg,31
./balancer/population/population100real\31\7214.jpg,31
./balancer/population/population100real\31\7303.jpg,31
./balancer/population/population100real\31\7336.jpg,31
./balancer/population/population100real\31\7338.jpg,31
./balancer/population/population100real\31\7376.jpg,31
./balancer/population/population100real\31\7396.jpg,31
./balancer/population/population100real\31\7402.jpg,31
./balancer/population/population100real\31\7407.jpg,31
./balancer/population/population100real\31\7423.jpg,31
./balancer/population/population100real\31\7500.jpg,31
./balancer/population/population100real\31\7519.jpg,31
./balancer/population/population100real\31\7565.jpg,31
./balancer/population/population100real\31\7568.jpg,31
./balancer/population/population100real\31\7609.jpg,31
./balancer/population/population100real\31\7631.jpg,31
./balancer/population/population100real\31\7698.jpg,31
./balancer/population/population100real\31\7754.jpg,31
./balancer/population/population100real\31\7830.jpg,31
./balancer/population/population100real\31\8075.jpg,31
./balancer/population/population100real\31\8129.jpg,31
./balancer/population/population100real\31\814.jpg,31
./balancer/population/population100real\31\8175.jpg,31
./balancer/population/population100real\31\8194.jpg,31
./balancer/population/population100real\31\8212.jpg,31
./balancer/population/population100real\31\8385.jpg,31
./balancer/population/population100real\31\8413.jpg,31
./balancer/population/population100real\31\8451.jpg,31
./balancer/population/population100real\31\8623.jpg,31
./balancer/population/population100real\31\864.jpg,31
./balancer/population/population100real\31\8739.jpg,31
./balancer/population/population100real\31\8805.jpg,31
./balancer/population/population100real\31\8821.jpg,31
./balancer/population/population100real\31\895.JPG,31
./balancer/population/population100real\31\8996.jpg,31
./balancer/population/population100real\31\9106.jpg,31
./balancer/population/population100real\31\9107.jpg,31
./balancer/population/population100real\31\9148.jpg,31
./balancer/population/population100real\31\9156.jpg,31
./balancer/population/population100real\31\9208.jpg,31
./balancer/population/population100real\31\9228.jpg,31
./balancer/population/population100real\31\9279.jpg,31
./balancer/population/population100real\31\93.jpg,31
./balancer/population/population100real\31\9300.jpg,31
./balancer/population/population100real\31\9360.jpg,31
./balancer/population/population100real\31\9482.jpg,31
./balancer/population/population100real\31\9488.jpg,31
./balancer/population/population100real\31\9489.jpg,31
./balancer/population/population100real\31\9491.jpg,31
./balancer/population/population100real\31\9678.jpg,31
./balancer/population/population100real\31\9720.jpg,31
./balancer/population/population100real\31\9731.jpg,31
./balancer/population/population100real\31\9762.jpg,31
./balancer/population/population100real\31\9804.jpg,31
./balancer/population/population100real\31\9814.JPG,31
./balancer/population/population100real\32\10012.jpg,32
./balancer/population/population100real\32\10040.jpg,32
./balancer/population/population100real\32\10041.jpg,32
./balancer/population/population100real\32\10116.jpg,32
./balancer/population/population100real\32\10179.jpg,32
./balancer/population/population100real\32\10214.jpg,32
./balancer/population/population100real\32\10246.jpg,32
./balancer/population/population100real\32\10251.jpg,32
./balancer/population/population100real\32\10254.jpg,32
./balancer/population/population100real\32\10300.jpg,32
./balancer/population/population100real\32\10302.jpg,32
./balancer/population/population100real\32\10407.jpg,32
./balancer/population/population100real\32\10457.jpg,32
./balancer/population/population100real\32\10503.jpg,32
./balancer/population/population100real\32\10703.jpg,32
./balancer/population/population100real\32\10716.jpg,32
./balancer/population/population100real\32\10792.jpg,32
./balancer/population/population100real\32\1081.jpg,32
./balancer/population/population100real\32\10886.jpg,32
./balancer/population/population100real\32\1091.jpg,32
./balancer/population/population100real\32\10947.jpg,32
./balancer/population/population100real\32\11030.jpg,32
./balancer/population/population100real\32\11078.jpg,32
./balancer/population/population100real\32\11083.jpg,32
./balancer/population/population100real\32\11085.jpg,32
./balancer/population/population100real\32\11107.jpg,32
./balancer/population/population100real\32\11114.jpg,32
./balancer/population/population100real\32\11116.jpg,32
./balancer/population/population100real\32\11185.jpg,32
./balancer/population/population100real\32\11200.jpg,32
./balancer/population/population100real\32\11257.jpg,32
./balancer/population/population100real\32\11278.jpg,32
./balancer/population/population100real\32\11412.jpg,32
./balancer/population/population100real\32\11432.jpg,32
./balancer/population/population100real\32\11522.JPG,32
./balancer/population/population100real\32\11590.jpg,32
./balancer/population/population100real\32\11630.jpg,32
./balancer/population/population100real\32\11729.jpg,32
./balancer/population/population100real\32\11878.jpg,32
./balancer/population/population100real\32\11928.jpg,32
./balancer/population/population100real\32\12013.jpg,32
./balancer/population/population100real\32\12025.JPG,32
./balancer/population/population100real\32\12027.jpg,32
./balancer/population/population100real\32\12079.jpg,32
./balancer/population/population100real\32\12095.jpg,32
./balancer/population/population100real\32\12302.jpg,32
./balancer/population/population100real\32\12321.jpg,32
./balancer/population/population100real\32\12385.JPG,32
./balancer/population/population100real\32\12406.jpg,32
./balancer/population/population100real\32\12436.jpg,32
./balancer/population/population100real\32\12533.jpg,32
./balancer/population/population100real\32\12540.JPG,32
./balancer/population/population100real\32\12623.jpg,32
./balancer/population/population100real\32\1267.jpg,32
./balancer/population/population100real\32\12683.jpg,32
./balancer/population/population100real\32\12716.jpg,32
./balancer/population/population100real\32\12857.jpg,32
./balancer/population/population100real\32\12931.jpg,32
./balancer/population/population100real\32\12950.jpg,32
./balancer/population/population100real\32\13009.jpg,32
./balancer/population/population100real\32\1347.jpg,32
./balancer/population/population100real\32\1387.jpg,32
./balancer/population/population100real\32\14.jpg,32
./balancer/population/population100real\32\1413.jpg,32
./balancer/population/population100real\32\1425.jpg,32
./balancer/population/population100real\32\1473.jpg,32
./balancer/population/population100real\32\1497.jpg,32
./balancer/population/population100real\32\1590.jpg,32
./balancer/population/population100real\32\1617.jpg,32
./balancer/population/population100real\32\1644.jpg,32
./balancer/population/population100real\32\1712.jpg,32
./balancer/population/population100real\32\1723.jpg,32
./balancer/population/population100real\32\1805.jpg,32
./balancer/population/population100real\32\183.jpg,32
./balancer/population/population100real\32\188.jpg,32
./balancer/population/population100real\32\1932.jpg,32
./balancer/population/population100real\32\1970.jpg,32
./balancer/population/population100real\32\198.jpg,32
./balancer/population/population100real\32\1990.jpg,32
./balancer/population/population100real\32\2025.jpg,32
./balancer/population/population100real\32\205.jpg,32
./balancer/population/population100real\32\2063.jpg,32
./balancer/population/population100real\32\2097.jpg,32
./balancer/population/population100real\32\2132.jpg,32
./balancer/population/population100real\32\2201.jpg,32
./balancer/population/population100real\32\223.jpg,32
./balancer/population/population100real\32\2251.jpg,32
./balancer/population/population100real\32\2283.JPG,32
./balancer/population/population100real\32\2298.JPG,32
./balancer/population/population100real\32\2397.jpg,32
./balancer/population/population100real\32\2414.jpg,32
./balancer/population/population100real\32\2438.jpg,32
./balancer/population/population100real\32\2721.jpg,32
./balancer/population/population100real\32\2782.jpg,32
./balancer/population/population100real\32\2795.jpg,32
./balancer/population/population100real\32\2847.jpg,32
./balancer/population/population100real\32\2864.JPG,32
./balancer/population/population100real\32\3006.jpg,32
./balancer/population/population100real\32\3089.jpg,32
./balancer/population/population100real\32\3099.jpg,32
./balancer/population/population100real\32\3112.JPG,32
./balancer/population/population100real\32\3138.jpg,32
./balancer/population/population100real\32\3164.jpg,32
./balancer/population/population100real\32\3183.jpg,32
./balancer/population/population100real\32\3221.jpg,32
./balancer/population/population100real\32\3250.jpg,32
./balancer/population/population100real\32\3301.jpg,32
./balancer/population/population100real\32\3305.jpg,32
./balancer/population/population100real\32\3337.jpg,32
./balancer/population/population100real\32\3441.jpg,32
./balancer/population/population100real\32\3453.jpg,32
./balancer/population/population100real\32\3459.jpg,32
./balancer/population/population100real\32\3471.jpg,32
./balancer/population/population100real\32\3591.jpg,32
./balancer/population/population100real\32\3605.jpg,32
./balancer/population/population100real\32\3647.jpg,32
./balancer/population/population100real\32\3942.jpg,32
./balancer/population/population100real\32\3981.jpg,32
./balancer/population/population100real\32\3992.jpg,32
./balancer/population/population100real\32\4032.jpg,32
./balancer/population/population100real\32\4052.jpg,32
./balancer/population/population100real\32\4060.jpg,32
./balancer/population/population100real\32\4102.jpg,32
./balancer/population/population100real\32\4156.jpg,32
./balancer/population/population100real\32\4218.jpg,32
./balancer/population/population100real\32\4303.jpg,32
./balancer/population/population100real\32\4337.JPG,32
./balancer/population/population100real\32\4338.jpg,32
./balancer/population/population100real\32\4377.jpg,32
./balancer/population/population100real\32\4553.jpg,32
./balancer/population/population100real\32\4576.jpg,32
./balancer/population/population100real\32\458.jpg,32
./balancer/population/population100real\32\4601.jpg,32
./balancer/population/population100real\32\4626.jpg,32
./balancer/population/population100real\32\4641.jpg,32
./balancer/population/population100real\32\4711.jpg,32
./balancer/population/population100real\32\4771.jpg,32
./balancer/population/population100real\32\4854.JPG,32
./balancer/population/population100real\32\4897.jpg,32
./balancer/population/population100real\32\4934.jpg,32
./balancer/population/population100real\32\4942.jpg,32
./balancer/population/population100real\32\4951.jpg,32
./balancer/population/population100real\32\5038.jpg,32
./balancer/population/population100real\32\5055.jpg,32
./balancer/population/population100real\32\5065.jpg,32
./balancer/population/population100real\32\5114.jpg,32
./balancer/population/population100real\32\5292.JPG,32
./balancer/population/population100real\32\5312.jpg,32
./balancer/population/population100real\32\5346.JPG,32
./balancer/population/population100real\32\5371.jpg,32
./balancer/population/population100real\32\5373.jpg,32
./balancer/population/population100real\32\5451.jpg,32
./balancer/population/population100real\32\5578.jpg,32
./balancer/population/population100real\32\5657.jpg,32
./balancer/population/population100real\32\5661.jpg,32
./balancer/population/population100real\32\5673.jpg,32
./balancer/population/population100real\32\5681.jpg,32
./balancer/population/population100real\32\5731.jpg,32
./balancer/population/population100real\32\5781.jpg,32
./balancer/population/population100real\32\582.jpg,32
./balancer/population/population100real\32\5876.jpg,32
./balancer/population/population100real\32\593.jpg,32
./balancer/population/population100real\32\5971.jpg,32
./balancer/population/population100real\32\6041.jpg,32
./balancer/population/population100real\32\6083.jpg,32
./balancer/population/population100real\32\6136.jpg,32
./balancer/population/population100real\32\6148.jpg,32
./balancer/population/population100real\32\62.jpg,32
./balancer/population/population100real\32\6249.jpg,32
./balancer/population/population100real\32\6287.jpg,32
./balancer/population/population100real\32\6351.jpg,32
./balancer/population/population100real\32\6371.jpg,32
./balancer/population/population100real\32\640.jpg,32
./balancer/population/population100real\32\6401.jpg,32
./balancer/population/population100real\32\6457.jpg,32
./balancer/population/population100real\32\6467.jpg,32
./balancer/population/population100real\32\6520.jpg,32
./balancer/population/population100real\32\6524.jpg,32
./balancer/population/population100real\32\6534.jpg,32
./balancer/population/population100real\32\6638.jpg,32
./balancer/population/population100real\32\6682.jpg,32
./balancer/population/population100real\32\6684.jpg,32
./balancer/population/population100real\32\6698.jpg,32
./balancer/population/population100real\32\6996.jpg,32
./balancer/population/population100real\32\7023.jpg,32
./balancer/population/population100real\32\704.jpg,32
./balancer/population/population100real\32\7048.jpg,32
./balancer/population/population100real\32\706.JPG,32
./balancer/population/population100real\32\71.jpg,32
./balancer/population/population100real\32\7101.jpg,32
./balancer/population/population100real\32\7124.jpg,32
./balancer/population/population100real\32\7229.jpg,32
./balancer/population/population100real\32\7246.jpg,32
./balancer/population/population100real\32\7247.jpg,32
./balancer/population/population100real\32\730.jpg,32
./balancer/population/population100real\32\7315.jpg,32
./balancer/population/population100real\32\7427.jpg,32
./balancer/population/population100real\32\7462.jpg,32
./balancer/population/population100real\32\749.jpg,32
./balancer/population/population100real\32\7552.jpg,32
./balancer/population/population100real\32\7575.JPG,32
./balancer/population/population100real\32\7672.jpg,32
./balancer/population/population100real\32\7699.jpg,32
./balancer/population/population100real\32\7715.jpg,32
./balancer/population/population100real\32\773.jpg,32
./balancer/population/population100real\32\7767.jpg,32
./balancer/population/population100real\32\7967.jpg,32
./balancer/population/population100real\32\7997.jpg,32
./balancer/population/population100real\32\8013.jpg,32
./balancer/population/population100real\32\8017.jpg,32
./balancer/population/population100real\32\8164.jpg,32
./balancer/population/population100real\32\817.jpg,32
./balancer/population/population100real\32\8186.jpg,32
./balancer/population/population100real\32\8195.jpg,32
./balancer/population/population100real\32\8225.jpg,32
./balancer/population/population100real\32\8270.jpg,32
./balancer/population/population100real\32\8299.jpg,32
./balancer/population/population100real\32\8318.jpg,32
./balancer/population/population100real\32\8334.jpg,32
./balancer/population/population100real\32\844.jpg,32
./balancer/population/population100real\32\8446.jpg,32
./balancer/population/population100real\32\8447.jpg,32
./balancer/population/population100real\32\8498.jpg,32
./balancer/population/population100real\32\8604.jpg,32
./balancer/population/population100real\32\8618.jpg,32
./balancer/population/population100real\32\8623.jpg,32
./balancer/population/population100real\32\8676.jpg,32
./balancer/population/population100real\32\8758.jpg,32
./balancer/population/population100real\32\8949.jpg,32
./balancer/population/population100real\32\8955.jpg,32
./balancer/population/population100real\32\9040.JPG,32
./balancer/population/population100real\32\9067.jpg,32
./balancer/population/population100real\32\9082.jpg,32
./balancer/population/population100real\32\9152.jpg,32
./balancer/population/population100real\32\918.jpg,32
./balancer/population/population100real\32\9284.jpg,32
./balancer/population/population100real\32\93.JPG,32
./balancer/population/population100real\32\9360.JPG,32
./balancer/population/population100real\32\9409.jpg,32
./balancer/population/population100real\32\9457.jpg,32
./balancer/population/population100real\32\947.jpg,32
./balancer/population/population100real\32\9615.jpg,32
./balancer/population/population100real\32\9772.jpg,32
./balancer/population/population100real\32\9853.jpg,32
./balancer/population/population100real\32\9959.jpg,32
./balancer/population/population100real\32\9975.jpg,32
./balancer/population/population100real\33\10008.jpg,33
./balancer/population/population100real\33\10031.jpg,33
./balancer/population/population100real\33\10047.jpg,33
./balancer/population/population100real\33\10076.jpg,33
./balancer/population/population100real\33\10104.JPG,33
./balancer/population/population100real\33\10126.jpg,33
./balancer/population/population100real\33\10258.jpg,33
./balancer/population/population100real\33\10289.jpg,33
./balancer/population/population100real\33\10427.jpg,33
./balancer/population/population100real\33\10436.jpg,33
./balancer/population/population100real\33\10485.jpg,33
./balancer/population/population100real\33\10538.jpg,33
./balancer/population/population100real\33\10607.jpg,33
./balancer/population/population100real\33\11026.JPG,33
./balancer/population/population100real\33\11042.jpg,33
./balancer/population/population100real\33\11086.jpg,33
./balancer/population/population100real\33\11121.jpg,33
./balancer/population/population100real\33\1126.jpg,33
./balancer/population/population100real\33\11384.jpg,33
./balancer/population/population100real\33\11432.jpg,33
./balancer/population/population100real\33\11494.JPG,33
./balancer/population/population100real\33\1150.jpg,33
./balancer/population/population100real\33\11589.jpg,33
./balancer/population/population100real\33\11610.jpg,33
./balancer/population/population100real\33\11660.jpg,33
./balancer/population/population100real\33\11667.jpg,33
./balancer/population/population100real\33\11672.jpg,33
./balancer/population/population100real\33\11775.jpg,33
./balancer/population/population100real\33\11851.jpg,33
./balancer/population/population100real\33\1186.jpg,33
./balancer/population/population100real\33\11890.jpg,33
./balancer/population/population100real\33\11903.jpg,33
./balancer/population/population100real\33\12123.jpg,33
./balancer/population/population100real\33\12136.jpg,33
./balancer/population/population100real\33\12153.jpg,33
./balancer/population/population100real\33\12175.jpg,33
./balancer/population/population100real\33\12258.jpg,33
./balancer/population/population100real\33\12272.JPG,33
./balancer/population/population100real\33\12297.jpg,33
./balancer/population/population100real\33\12426.jpg,33
./balancer/population/population100real\33\1246.jpg,33
./balancer/population/population100real\33\12531.jpg,33
./balancer/population/population100real\33\12541.jpg,33
./balancer/population/population100real\33\12634.jpg,33
./balancer/population/population100real\33\1275.jpg,33
./balancer/population/population100real\33\1279.jpg,33
./balancer/population/population100real\33\1394.jpg,33
./balancer/population/population100real\33\1505.jpg,33
./balancer/population/population100real\33\1634.jpg,33
./balancer/population/population100real\33\1648.jpg,33
./balancer/population/population100real\33\1652.jpg,33
./balancer/population/population100real\33\1658.JPG,33
./balancer/population/population100real\33\1699.jpg,33
./balancer/population/population100real\33\170.JPG,33
./balancer/population/population100real\33\1741.JPG,33
./balancer/population/population100real\33\1814.jpg,33
./balancer/population/population100real\33\1832.jpg,33
./balancer/population/population100real\33\1842.jpg,33
./balancer/population/population100real\33\1860.jpg,33
./balancer/population/population100real\33\1894.jpg,33
./balancer/population/population100real\33\1918.jpg,33
./balancer/population/population100real\33\1926.jpg,33
./balancer/population/population100real\33\1969.jpg,33
./balancer/population/population100real\33\197.jpg,33
./balancer/population/population100real\33\2059.jpg,33
./balancer/population/population100real\33\2079.jpg,33
./balancer/population/population100real\33\2107.jpg,33
./balancer/population/population100real\33\2128.jpg,33
./balancer/population/population100real\33\2140.JPG,33
./balancer/population/population100real\33\2142.jpg,33
./balancer/population/population100real\33\2163.jpg,33
./balancer/population/population100real\33\2223.jpg,33
./balancer/population/population100real\33\2241.jpg,33
./balancer/population/population100real\33\2248.jpg,33
./balancer/population/population100real\33\2269.jpg,33
./balancer/population/population100real\33\2278.jpg,33
./balancer/population/population100real\33\2324.jpg,33
./balancer/population/population100real\33\2332.jpg,33
./balancer/population/population100real\33\2497.JPG,33
./balancer/population/population100real\33\2571.jpg,33
./balancer/population/population100real\33\2614.jpg,33
./balancer/population/population100real\33\2713.jpg,33
./balancer/population/population100real\33\2760.jpg,33
./balancer/population/population100real\33\2842.jpg,33
./balancer/population/population100real\33\2844.jpg,33
./balancer/population/population100real\33\2860.jpg,33
./balancer/population/population100real\33\2936.jpg,33
./balancer/population/population100real\33\2968.jpg,33
./balancer/population/population100real\33\2976.jpg,33
./balancer/population/population100real\33\300.jpg,33
./balancer/population/population100real\33\3089.JPG,33
./balancer/population/population100real\33\3222.jpg,33
./balancer/population/population100real\33\3229.jpg,33
./balancer/population/population100real\33\3279.jpg,33
./balancer/population/population100real\33\33.jpg,33
./balancer/population/population100real\33\3351.jpg,33
./balancer/population/population100real\33\3475.jpg,33
./balancer/population/population100real\33\3481.jpg,33
./balancer/population/population100real\33\3665.jpg,33
./balancer/population/population100real\33\3680.jpg,33
./balancer/population/population100real\33\3712.jpg,33
./balancer/population/population100real\33\3735.jpg,33
./balancer/population/population100real\33\374.jpg,33
./balancer/population/population100real\33\3746.jpg,33
./balancer/population/population100real\33\3789.jpg,33
./balancer/population/population100real\33\3805.jpg,33
./balancer/population/population100real\33\3838.jpg,33
./balancer/population/population100real\33\3842.jpg,33
./balancer/population/population100real\33\3923.jpg,33
./balancer/population/population100real\33\3936.jpg,33
./balancer/population/population100real\33\4039.jpg,33
./balancer/population/population100real\33\4129.JPG,33
./balancer/population/population100real\33\4159.jpg,33
./balancer/population/population100real\33\4244.jpg,33
./balancer/population/population100real\33\4263.JPG,33
./balancer/population/population100real\33\4282.jpg,33
./balancer/population/population100real\33\43.jpg,33
./balancer/population/population100real\33\430.jpg,33
./balancer/population/population100real\33\4310.jpg,33
./balancer/population/population100real\33\4393.jpg,33
./balancer/population/population100real\33\442.jpg,33
./balancer/population/population100real\33\4423.jpg,33
./balancer/population/population100real\33\4605.JPG,33
./balancer/population/population100real\33\4647.jpg,33
./balancer/population/population100real\33\4648.jpg,33
./balancer/population/population100real\33\4698.jpg,33
./balancer/population/population100real\33\4701.JPG,33
./balancer/population/population100real\33\4707.jpg,33
./balancer/population/population100real\33\4852.jpg,33
./balancer/population/population100real\33\4895.JPG,33
./balancer/population/population100real\33\4966.jpg,33
./balancer/population/population100real\33\4982.jpg,33
./balancer/population/population100real\33\5030.jpg,33
./balancer/population/population100real\33\5041.JPG,33
./balancer/population/population100real\33\505.jpg,33
./balancer/population/population100real\33\5053.jpg,33
./balancer/population/population100real\33\5091.jpg,33
./balancer/population/population100real\33\5114.jpg,33
./balancer/population/population100real\33\5180.jpg,33
./balancer/population/population100real\33\5184.jpg,33
./balancer/population/population100real\33\5225.jpg,33
./balancer/population/population100real\33\5238.jpg,33
./balancer/population/population100real\33\5316.JPG,33
./balancer/population/population100real\33\5366.jpg,33
./balancer/population/population100real\33\5380.jpg,33
./balancer/population/population100real\33\540.jpg,33
./balancer/population/population100real\33\5439.jpg,33
./balancer/population/population100real\33\5472.jpg,33
./balancer/population/population100real\33\5477.jpg,33
./balancer/population/population100real\33\5566.jpg,33
./balancer/population/population100real\33\5654.jpg,33
./balancer/population/population100real\33\5694.jpg,33
./balancer/population/population100real\33\5705.jpg,33
./balancer/population/population100real\33\5714.jpg,33
./balancer/population/population100real\33\5720.jpg,33
./balancer/population/population100real\33\5762.jpg,33
./balancer/population/population100real\33\5827.jpg,33
./balancer/population/population100real\33\6069.jpg,33
./balancer/population/population100real\33\6111.jpg,33
./balancer/population/population100real\33\6116.jpg,33
./balancer/population/population100real\33\6158.jpg,33
./balancer/population/population100real\33\6181.jpg,33
./balancer/population/population100real\33\6250.jpg,33
./balancer/population/population100real\33\6386.jpg,33
./balancer/population/population100real\33\6404.jpg,33
./balancer/population/population100real\33\6415.jpg,33
./balancer/population/population100real\33\6433.jpg,33
./balancer/population/population100real\33\6443.jpg,33
./balancer/population/population100real\33\6449.jpg,33
./balancer/population/population100real\33\6451.jpg,33
./balancer/population/population100real\33\6463.jpg,33
./balancer/population/population100real\33\6485.JPG,33
./balancer/population/population100real\33\6497.jpg,33
./balancer/population/population100real\33\6560.jpg,33
./balancer/population/population100real\33\6574.jpg,33
./balancer/population/population100real\33\6622.jpg,33
./balancer/population/population100real\33\6667.jpg,33
./balancer/population/population100real\33\6745.jpg,33
./balancer/population/population100real\33\6746.jpg,33
./balancer/population/population100real\33\6825.jpg,33
./balancer/population/population100real\33\6979.jpg,33
./balancer/population/population100real\33\6985.jpg,33
./balancer/population/population100real\33\6998.jpg,33
./balancer/population/population100real\33\7016.JPG,33
./balancer/population/population100real\33\7023.jpg,33
./balancer/population/population100real\33\7041.jpg,33
./balancer/population/population100real\33\7069.jpg,33
./balancer/population/population100real\33\7096.jpg,33
./balancer/population/population100real\33\7159.JPG,33
./balancer/population/population100real\33\7220.jpg,33
./balancer/population/population100real\33\7233.JPG,33
./balancer/population/population100real\33\7431.jpg,33
./balancer/population/population100real\33\7494.jpg,33
./balancer/population/population100real\33\7529.jpg,33
./balancer/population/population100real\33\753.jpg,33
./balancer/population/population100real\33\7531.jpg,33
./balancer/population/population100real\33\7587.jpg,33
./balancer/population/population100real\33\7651.jpg,33
./balancer/population/population100real\33\7738.jpg,33
./balancer/population/population100real\33\7781.jpg,33
./balancer/population/population100real\33\7791.jpg,33
./balancer/population/population100real\33\7833.JPG,33
./balancer/population/population100real\33\7896.JPG,33
./balancer/population/population100real\33\7946.jpg,33
./balancer/population/population100real\33\7952.jpg,33
./balancer/population/population100real\33\8022.JPG,33
./balancer/population/population100real\33\8036.jpg,33
./balancer/population/population100real\33\8079.jpg,33
./balancer/population/population100real\33\8120.jpg,33
./balancer/population/population100real\33\8172.jpg,33
./balancer/population/population100real\33\825.jpg,33
./balancer/population/population100real\33\8456.JPG,33
./balancer/population/population100real\33\847.jpg,33
./balancer/population/population100real\33\8504.jpg,33
./balancer/population/population100real\33\8555.jpg,33
./balancer/population/population100real\33\8573.jpg,33
./balancer/population/population100real\33\8585.jpg,33
./balancer/population/population100real\33\860.jpg,33
./balancer/population/population100real\33\8653.jpg,33
./balancer/population/population100real\33\8673.jpg,33
./balancer/population/population100real\33\8691.jpg,33
./balancer/population/population100real\33\8759.jpg,33
./balancer/population/population100real\33\8769.jpg,33
./balancer/population/population100real\33\8821.jpg,33
./balancer/population/population100real\33\8930.jpg,33
./balancer/population/population100real\33\8950.jpg,33
./balancer/population/population100real\33\8981.jpg,33
./balancer/population/population100real\33\9.JPG,33
./balancer/population/population100real\33\9026.jpg,33
./balancer/population/population100real\33\9027.jpg,33
./balancer/population/population100real\33\9033.jpg,33
./balancer/population/population100real\33\9128.jpg,33
./balancer/population/population100real\33\9153.jpg,33
./balancer/population/population100real\33\9220.JPG,33
./balancer/population/population100real\33\9244.jpg,33
./balancer/population/population100real\33\9301.jpg,33
./balancer/population/population100real\33\9330.jpg,33
./balancer/population/population100real\33\9341.jpg,33
./balancer/population/population100real\33\9348.jpg,33
./balancer/population/population100real\33\9401.jpg,33
./balancer/population/population100real\33\9431.jpg,33
./balancer/population/population100real\33\951.jpg,33
./balancer/population/population100real\33\954.jpg,33
./balancer/population/population100real\33\9543.jpg,33
./balancer/population/population100real\33\9709.jpg,33
./balancer/population/population100real\33\9822.jpg,33
./balancer/population/population100real\33\9868.jpg,33
./balancer/population/population100real\33\9929.jpg,33
./balancer/population/population100real\33\9941.jpg,33
./balancer/population/population100real\33\9950.jpg,33
./balancer/population/population100real\34\10026.jpg,34
./balancer/population/population100real\34\10041.jpg,34
./balancer/population/population100real\34\10046.jpg,34
./balancer/population/population100real\34\10082.jpg,34
./balancer/population/population100real\34\10114.jpg,34
./balancer/population/population100real\34\10179.jpg,34
./balancer/population/population100real\34\10534.JPG,34
./balancer/population/population100real\34\10582.jpg,34
./balancer/population/population100real\34\10622.jpg,34
./balancer/population/population100real\34\10653.jpg,34
./balancer/population/population100real\34\10701.jpg,34
./balancer/population/population100real\34\10730.jpg,34
./balancer/population/population100real\34\10751.jpg,34
./balancer/population/population100real\34\10768.jpg,34
./balancer/population/population100real\34\10772.jpg,34
./balancer/population/population100real\34\10801.jpg,34
./balancer/population/population100real\34\10917.JPG,34
./balancer/population/population100real\34\10942.jpg,34
./balancer/population/population100real\34\11027.jpg,34
./balancer/population/population100real\34\11074.jpg,34
./balancer/population/population100real\34\11087.jpg,34
./balancer/population/population100real\34\11096.jpg,34
./balancer/population/population100real\34\11101.jpg,34
./balancer/population/population100real\34\11119.jpg,34
./balancer/population/population100real\34\11258.jpg,34
./balancer/population/population100real\34\1132.jpg,34
./balancer/population/population100real\34\11325.jpg,34
./balancer/population/population100real\34\11362.jpg,34
./balancer/population/population100real\34\11376.jpg,34
./balancer/population/population100real\34\11391.jpg,34
./balancer/population/population100real\34\11437.jpg,34
./balancer/population/population100real\34\11438.jpg,34
./balancer/population/population100real\34\11443.JPG,34
./balancer/population/population100real\34\11522.jpg,34
./balancer/population/population100real\34\11545.jpg,34
./balancer/population/population100real\34\11633.jpg,34
./balancer/population/population100real\34\11654.jpg,34
./balancer/population/population100real\34\11745.jpg,34
./balancer/population/population100real\34\11780.jpg,34
./balancer/population/population100real\34\11794.jpg,34
./balancer/population/population100real\34\11885.jpg,34
./balancer/population/population100real\34\11940.jpg,34
./balancer/population/population100real\34\11955.jpg,34
./balancer/population/population100real\34\11980.jpg,34
./balancer/population/population100real\34\12025.JPG,34
./balancer/population/population100real\34\12027.jpg,34
./balancer/population/population100real\34\12048.jpg,34
./balancer/population/population100real\34\12104.jpg,34
./balancer/population/population100real\34\12153.jpg,34
./balancer/population/population100real\34\12187.jpg,34
./balancer/population/population100real\34\1224.JPG,34
./balancer/population/population100real\34\12285.jpg,34
./balancer/population/population100real\34\12299.JPG,34
./balancer/population/population100real\34\12328.jpg,34
./balancer/population/population100real\34\12351.jpg,34
./balancer/population/population100real\34\12356.JPG,34
./balancer/population/population100real\34\12380.jpg,34
./balancer/population/population100real\34\12418.JPG,34
./balancer/population/population100real\34\12437.jpg,34
./balancer/population/population100real\34\12497.jpg,34
./balancer/population/population100real\34\12571.jpg,34
./balancer/population/population100real\34\12627.JPG,34
./balancer/population/population100real\34\12647.jpg,34
./balancer/population/population100real\34\12713.jpg,34
./balancer/population/population100real\34\12720.jpg,34
./balancer/population/population100real\34\1277.JPG,34
./balancer/population/population100real\34\12782.jpg,34
./balancer/population/population100real\34\12791.jpg,34
./balancer/population/population100real\34\12865.jpg,34
./balancer/population/population100real\34\12890.JPG,34
./balancer/population/population100real\34\12896.jpg,34
./balancer/population/population100real\34\12936.JPG,34
./balancer/population/population100real\34\12992.jpg,34
./balancer/population/population100real\34\1311.jpg,34
./balancer/population/population100real\34\1346.jpg,34
./balancer/population/population100real\34\1352.jpg,34
./balancer/population/population100real\34\1400.jpg,34
./balancer/population/population100real\34\1501.jpg,34
./balancer/population/population100real\34\1549.jpg,34
./balancer/population/population100real\34\1555.jpg,34
./balancer/population/population100real\34\1575.jpg,34
./balancer/population/population100real\34\1598.jpg,34
./balancer/population/population100real\34\1686.jpg,34
./balancer/population/population100real\34\1746.jpg,34
./balancer/population/population100real\34\1802.jpg,34
./balancer/population/population100real\34\1871.jpg,34
./balancer/population/population100real\34\1928.jpg,34
./balancer/population/population100real\34\2114.jpg,34
./balancer/population/population100real\34\2116.jpg,34
./balancer/population/population100real\34\2222.jpg,34
./balancer/population/population100real\34\2244.jpg,34
./balancer/population/population100real\34\2249.jpg,34
./balancer/population/population100real\34\2255.jpg,34
./balancer/population/population100real\34\2286.jpg,34
./balancer/population/population100real\34\2301.jpg,34
./balancer/population/population100real\34\232.jpg,34
./balancer/population/population100real\34\2322.jpg,34
./balancer/population/population100real\34\2356.jpg,34
./balancer/population/population100real\34\2358.jpg,34
./balancer/population/population100real\34\2411.jpg,34
./balancer/population/population100real\34\2415.JPG,34
./balancer/population/population100real\34\2507.jpg,34
./balancer/population/population100real\34\2524.jpg,34
./balancer/population/population100real\34\2556.jpg,34
./balancer/population/population100real\34\2565.jpg,34
./balancer/population/population100real\34\2606.jpg,34
./balancer/population/population100real\34\270.jpg,34
./balancer/population/population100real\34\2738.jpg,34
./balancer/population/population100real\34\2812.jpg,34
./balancer/population/population100real\34\2813.jpg,34
./balancer/population/population100real\34\2818.JPG,34
./balancer/population/population100real\34\283.jpg,34
./balancer/population/population100real\34\2926.jpg,34
./balancer/population/population100real\34\2930.jpg,34
./balancer/population/population100real\34\2933.jpg,34
./balancer/population/population100real\34\2976.jpg,34
./balancer/population/population100real\34\3138.jpg,34
./balancer/population/population100real\34\314.jpg,34
./balancer/population/population100real\34\3140.jpg,34
./balancer/population/population100real\34\3157.jpg,34
./balancer/population/population100real\34\3337.JPG,34
./balancer/population/population100real\34\3340.jpg,34
./balancer/population/population100real\34\3363.jpg,34
./balancer/population/population100real\34\3441.jpg,34
./balancer/population/population100real\34\3604.JPG,34
./balancer/population/population100real\34\3776.JPG,34
./balancer/population/population100real\34\3809.jpg,34
./balancer/population/population100real\34\3879.jpg,34
./balancer/population/population100real\34\3894.jpg,34
./balancer/population/population100real\34\3926.jpg,34
./balancer/population/population100real\34\3946.jpg,34
./balancer/population/population100real\34\4067.jpg,34
./balancer/population/population100real\34\422.jpg,34
./balancer/population/population100real\34\4274.jpg,34
./balancer/population/population100real\34\435.jpg,34
./balancer/population/population100real\34\4467.jpg,34
./balancer/population/population100real\34\4494.jpg,34
./balancer/population/population100real\34\4576.jpg,34
./balancer/population/population100real\34\4592.JPG,34
./balancer/population/population100real\34\4602.jpg,34
./balancer/population/population100real\34\4667.jpg,34
./balancer/population/population100real\34\467.jpg,34
./balancer/population/population100real\34\4697.jpg,34
./balancer/population/population100real\34\4703.jpg,34
./balancer/population/population100real\34\4726.jpg,34
./balancer/population/population100real\34\4800.jpg,34
./balancer/population/population100real\34\4837.JPG,34
./balancer/population/population100real\34\4954.jpg,34
./balancer/population/population100real\34\5006.jpg,34
./balancer/population/population100real\34\5117.jpg,34
./balancer/population/population100real\34\5189.JPG,34
./balancer/population/population100real\34\5254.jpg,34
./balancer/population/population100real\34\5273.JPG,34
./balancer/population/population100real\34\543.JPG,34
./balancer/population/population100real\34\5501.jpg,34
./balancer/population/population100real\34\5548.jpg,34
./balancer/population/population100real\34\5570.jpg,34
./balancer/population/population100real\34\5784.jpg,34
./balancer/population/population100real\34\5832.jpg,34
./balancer/population/population100real\34\5916.JPG,34
./balancer/population/population100real\34\6005.jpg,34
./balancer/population/population100real\34\6210.jpg,34
./balancer/population/population100real\34\6268.jpg,34
./balancer/population/population100real\34\6351.JPG,34
./balancer/population/population100real\34\6387.jpg,34
./balancer/population/population100real\34\6389.jpg,34
./balancer/population/population100real\34\649.jpg,34
./balancer/population/population100real\34\6536.jpg,34
./balancer/population/population100real\34\6589.jpg,34
./balancer/population/population100real\34\6593.jpg,34
./balancer/population/population100real\34\6654.jpg,34
./balancer/population/population100real\34\6705.jpg,34
./balancer/population/population100real\34\6929.JPG,34
./balancer/population/population100real\34\6977.jpg,34
./balancer/population/population100real\34\6997.jpg,34
./balancer/population/population100real\34\7100.jpg,34
./balancer/population/population100real\34\7104.jpg,34
./balancer/population/population100real\34\7139.jpg,34
./balancer/population/population100real\34\7174.jpg,34
./balancer/population/population100real\34\7207.jpg,34
./balancer/population/population100real\34\7239.jpg,34
./balancer/population/population100real\34\7271.jpg,34
./balancer/population/population100real\34\7284.jpg,34
./balancer/population/population100real\34\7286.jpg,34
./balancer/population/population100real\34\7320.jpg,34
./balancer/population/population100real\34\733.jpg,34
./balancer/population/population100real\34\7347.jpg,34
./balancer/population/population100real\34\7361.jpg,34
./balancer/population/population100real\34\7400.JPG,34
./balancer/population/population100real\34\7410.jpg,34
./balancer/population/population100real\34\7579.JPG,34
./balancer/population/population100real\34\758.jpg,34
./balancer/population/population100real\34\7630.jpg,34
./balancer/population/population100real\34\7645.jpg,34
./balancer/population/population100real\34\7654.jpg,34
./balancer/population/population100real\34\7672.JPG,34
./balancer/population/population100real\34\7838.jpg,34
./balancer/population/population100real\34\7845.JPG,34
./balancer/population/population100real\34\7876.jpg,34
./balancer/population/population100real\34\795.jpg,34
./balancer/population/population100real\34\7976.jpg,34
./balancer/population/population100real\34\8003.jpg,34
./balancer/population/population100real\34\8009.jpg,34
./balancer/population/population100real\34\8043.jpg,34
./balancer/population/population100real\34\8066.jpg,34
./balancer/population/population100real\34\8092.jpg,34
./balancer/population/population100real\34\8117.jpg,34
./balancer/population/population100real\34\8125.jpg,34
./balancer/population/population100real\34\8146.jpg,34
./balancer/population/population100real\34\8333.jpg,34
./balancer/population/population100real\34\8427.jpg,34
./balancer/population/population100real\34\8436.jpg,34
./balancer/population/population100real\34\8529.jpg,34
./balancer/population/population100real\34\8588.jpg,34
./balancer/population/population100real\34\8618.jpg,34
./balancer/population/population100real\34\8672.jpg,34
./balancer/population/population100real\34\8674.JPG,34
./balancer/population/population100real\34\8696.jpg,34
./balancer/population/population100real\34\8733.jpg,34
./balancer/population/population100real\34\8744.jpg,34
./balancer/population/population100real\34\8798.jpg,34
./balancer/population/population100real\34\8840.jpg,34
./balancer/population/population100real\34\8864.jpg,34
./balancer/population/population100real\34\8881.jpg,34
./balancer/population/population100real\34\8913.jpg,34
./balancer/population/population100real\34\8930.jpg,34
./balancer/population/population100real\34\8950.jpg,34
./balancer/population/population100real\34\9182.jpg,34
./balancer/population/population100real\34\9192.JPG,34
./balancer/population/population100real\34\9267.jpg,34
./balancer/population/population100real\34\9299.jpg,34
./balancer/population/population100real\34\9314.jpg,34
./balancer/population/population100real\34\9325.jpg,34
./balancer/population/population100real\34\9350.jpg,34
./balancer/population/population100real\34\9433.jpg,34
./balancer/population/population100real\34\9509.jpg,34
./balancer/population/population100real\34\9550.jpg,34
./balancer/population/population100real\34\9658.jpg,34
./balancer/population/population100real\34\9663.jpg,34
./balancer/population/population100real\34\9684.jpg,34
./balancer/population/population100real\34\9690.jpg,34
./balancer/population/population100real\34\9721.jpg,34
./balancer/population/population100real\34\9876.JPG,34
./balancer/population/population100real\34\9879.jpg,34
./balancer/population/population100real\34\9929.jpg,34
./balancer/population/population100real\34\9966.jpg,34
./balancer/population/population100real\34\997.JPG,34
./balancer/population/population100real\34\9979.jpg,34
./balancer/population/population100real\34\9982.jpg,34
./balancer/population/population100real\34\9985.JPG,34
./balancer/population/population100real\35\10143.jpg,35
./balancer/population/population100real\35\10165.jpg,35
./balancer/population/population100real\35\10167.JPG,35
./balancer/population/population100real\35\10213.jpg,35
./balancer/population/population100real\35\10225.jpg,35
./balancer/population/population100real\35\10278.jpg,35
./balancer/population/population100real\35\10437.jpg,35
./balancer/population/population100real\35\10459.jpg,35
./balancer/population/population100real\35\10489.jpg,35
./balancer/population/population100real\35\10528.jpg,35
./balancer/population/population100real\35\10543.jpg,35
./balancer/population/population100real\35\10555.JPG,35
./balancer/population/population100real\35\10582.JPG,35
./balancer/population/population100real\35\10773.jpg,35
./balancer/population/population100real\35\1080.JPG,35
./balancer/population/population100real\35\10865.jpg,35
./balancer/population/population100real\35\10868.jpg,35
./balancer/population/population100real\35\10905.jpg,35
./balancer/population/population100real\35\10975.jpg,35
./balancer/population/population100real\35\11003.jpg,35
./balancer/population/population100real\35\11019.jpg,35
./balancer/population/population100real\35\11030.jpg,35
./balancer/population/population100real\35\11076.jpg,35
./balancer/population/population100real\35\11079.jpg,35
./balancer/population/population100real\35\11134.jpg,35
./balancer/population/population100real\35\11195.jpg,35
./balancer/population/population100real\35\11223.jpg,35
./balancer/population/population100real\35\11241.jpg,35
./balancer/population/population100real\35\11265.jpg,35
./balancer/population/population100real\35\11386.jpg,35
./balancer/population/population100real\35\11477.jpg,35
./balancer/population/population100real\35\11479.jpg,35
./balancer/population/population100real\35\11490.jpg,35
./balancer/population/population100real\35\11579.jpg,35
./balancer/population/population100real\35\11635.jpg,35
./balancer/population/population100real\35\11708.jpg,35
./balancer/population/population100real\35\11711.jpg,35
./balancer/population/population100real\35\11725.jpg,35
./balancer/population/population100real\35\11893.jpg,35
./balancer/population/population100real\35\11977.JPG,35
./balancer/population/population100real\35\1201.jpg,35
./balancer/population/population100real\35\12047.jpg,35
./balancer/population/population100real\35\12049.jpg,35
./balancer/population/population100real\35\12103.jpg,35
./balancer/population/population100real\35\12117.JPG,35
./balancer/population/population100real\35\12224.jpg,35
./balancer/population/population100real\35\12225.jpg,35
./balancer/population/population100real\35\12270.jpg,35
./balancer/population/population100real\35\12305.jpg,35
./balancer/population/population100real\35\12309.jpg,35
./balancer/population/population100real\35\12340.jpg,35
./balancer/population/population100real\35\12438.jpg,35
./balancer/population/population100real\35\12461.jpg,35
./balancer/population/population100real\35\12591.jpg,35
./balancer/population/population100real\35\127.jpg,35
./balancer/population/population100real\35\12759.jpg,35
./balancer/population/population100real\35\12794.jpg,35
./balancer/population/population100real\35\12798.JPG,35
./balancer/population/population100real\35\1284.jpg,35
./balancer/population/population100real\35\12891.jpg,35
./balancer/population/population100real\35\13121.JPG,35
./balancer/population/population100real\35\13130.JPG,35
./balancer/population/population100real\35\13134.jpg,35
./balancer/population/population100real\35\13135.jpg,35
./balancer/population/population100real\35\13251.jpg,35
./balancer/population/population100real\35\13365.jpg,35
./balancer/population/population100real\35\1337.jpg,35
./balancer/population/population100real\35\13408.jpg,35
./balancer/population/population100real\35\13447.jpg,35
./balancer/population/population100real\35\13451.jpg,35
./balancer/population/population100real\35\13564.jpg,35
./balancer/population/population100real\35\13580.JPG,35
./balancer/population/population100real\35\13659.JPG,35
./balancer/population/population100real\35\13689.JPG,35
./balancer/population/population100real\35\1373.jpg,35
./balancer/population/population100real\35\13762.JPG,35
./balancer/population/population100real\35\13852.JPG,35
./balancer/population/population100real\35\14032.jpg,35
./balancer/population/population100real\35\14039.jpg,35
./balancer/population/population100real\35\14058.jpg,35
./balancer/population/population100real\35\1460.jpg,35
./balancer/population/population100real\35\1480.jpg,35
./balancer/population/population100real\35\151.jpg,35
./balancer/population/population100real\35\1546.jpg,35
./balancer/population/population100real\35\1589.jpg,35
./balancer/population/population100real\35\16.JPG,35
./balancer/population/population100real\35\1609.JPG,35
./balancer/population/population100real\35\1730.JPG,35
./balancer/population/population100real\35\1766.JPG,35
./balancer/population/population100real\35\1803.jpg,35
./balancer/population/population100real\35\1824.jpg,35
./balancer/population/population100real\35\1843.JPG,35
./balancer/population/population100real\35\1967.jpg,35
./balancer/population/population100real\35\1975.jpg,35
./balancer/population/population100real\35\1992.jpg,35
./balancer/population/population100real\35\20.jpg,35
./balancer/population/population100real\35\2019.jpg,35
./balancer/population/population100real\35\2132.jpg,35
./balancer/population/population100real\35\2138.jpg,35
./balancer/population/population100real\35\2205.jpg,35
./balancer/population/population100real\35\227.jpg,35
./balancer/population/population100real\35\2273.JPG,35
./balancer/population/population100real\35\2276.jpg,35
./balancer/population/population100real\35\2283.jpg,35
./balancer/population/population100real\35\2340.jpg,35
./balancer/population/population100real\35\2435.jpg,35
./balancer/population/population100real\35\2470.jpg,35
./balancer/population/population100real\35\2568.jpg,35
./balancer/population/population100real\35\2585.jpg,35
./balancer/population/population100real\35\2679.JPG,35
./balancer/population/population100real\35\2730.jpg,35
./balancer/population/population100real\35\2738.jpg,35
./balancer/population/population100real\35\2761.jpg,35
./balancer/population/population100real\35\2852.jpg,35
./balancer/population/population100real\35\2881.JPG,35
./balancer/population/population100real\35\2939.jpg,35
./balancer/population/population100real\35\2988.jpg,35
./balancer/population/population100real\35\3034.jpg,35
./balancer/population/population100real\35\3039.jpg,35
./balancer/population/population100real\35\3044.jpg,35
./balancer/population/population100real\35\307.jpg,35
./balancer/population/population100real\35\3155.jpg,35
./balancer/population/population100real\35\3244.jpg,35
./balancer/population/population100real\35\3459.jpg,35
./balancer/population/population100real\35\3521.jpg,35
./balancer/population/population100real\35\364.jpg,35
./balancer/population/population100real\35\3672.jpg,35
./balancer/population/population100real\35\3673.jpg,35
./balancer/population/population100real\35\3680.jpg,35
./balancer/population/population100real\35\3685.jpg,35
./balancer/population/population100real\35\3752.jpg,35
./balancer/population/population100real\35\3770.jpg,35
./balancer/population/population100real\35\3838.jpg,35
./balancer/population/population100real\35\3855.jpg,35
./balancer/population/population100real\35\3859.jpg,35
./balancer/population/population100real\35\3949.JPG,35
./balancer/population/population100real\35\4033.jpg,35
./balancer/population/population100real\35\4098.jpg,35
./balancer/population/population100real\35\4118.jpg,35
./balancer/population/population100real\35\412.JPG,35
./balancer/population/population100real\35\4139.jpg,35
./balancer/population/population100real\35\423.jpg,35
./balancer/population/population100real\35\4244.jpg,35
./balancer/population/population100real\35\4377.jpg,35
./balancer/population/population100real\35\4427.jpg,35
./balancer/population/population100real\35\4440.JPG,35
./balancer/population/population100real\35\4469.jpg,35
./balancer/population/population100real\35\4498.jpg,35
./balancer/population/population100real\35\4500.jpg,35
./balancer/population/population100real\35\4514.jpg,35
./balancer/population/population100real\35\4544.JPG,35
./balancer/population/population100real\35\4551.JPG,35
./balancer/population/population100real\35\4661.jpg,35
./balancer/population/population100real\35\4706.jpg,35
./balancer/population/population100real\35\4811.jpg,35
./balancer/population/population100real\35\4825.jpg,35
./balancer/population/population100real\35\4929.jpg,35
./balancer/population/population100real\35\4973.JPG,35
./balancer/population/population100real\35\5096.jpg,35
./balancer/population/population100real\35\5128.jpg,35
./balancer/population/population100real\35\5166.jpg,35
./balancer/population/population100real\35\5171.JPG,35
./balancer/population/population100real\35\5257.JPG,35
./balancer/population/population100real\35\5260.jpg,35
./balancer/population/population100real\35\5301.jpg,35
./balancer/population/population100real\35\5446.jpg,35
./balancer/population/population100real\35\5494.JPG,35
./balancer/population/population100real\35\5502.jpg,35
./balancer/population/population100real\35\5562.jpg,35
./balancer/population/population100real\35\5624.jpg,35
./balancer/population/population100real\35\5797.jpg,35
./balancer/population/population100real\35\5804.jpg,35
./balancer/population/population100real\35\5874.jpg,35
./balancer/population/population100real\35\5939.jpg,35
./balancer/population/population100real\35\5954.jpg,35
./balancer/population/population100real\35\6024.jpg,35
./balancer/population/population100real\35\6031.jpg,35
./balancer/population/population100real\35\6063.jpg,35
./balancer/population/population100real\35\608.jpg,35
./balancer/population/population100real\35\6142.jpg,35
./balancer/population/population100real\35\631.JPG,35
./balancer/population/population100real\35\6407.jpg,35
./balancer/population/population100real\35\645.jpg,35
./balancer/population/population100real\35\6484.jpg,35
./balancer/population/population100real\35\6491.JPG,35
./balancer/population/population100real\35\651.jpg,35
./balancer/population/population100real\35\6787.jpg,35
./balancer/population/population100real\35\6867.jpg,35
./balancer/population/population100real\35\6901.jpg,35
./balancer/population/population100real\35\6945.jpg,35
./balancer/population/population100real\35\6982.jpg,35
./balancer/population/population100real\35\6990.jpg,35
./balancer/population/population100real\35\7076.jpg,35
./balancer/population/population100real\35\7088.JPG,35
./balancer/population/population100real\35\7095.jpg,35
./balancer/population/population100real\35\7415.jpg,35
./balancer/population/population100real\35\7429.jpg,35
./balancer/population/population100real\35\7522.jpg,35
./balancer/population/population100real\35\7539.jpg,35
./balancer/population/population100real\35\7568.jpg,35
./balancer/population/population100real\35\7578.jpg,35
./balancer/population/population100real\35\7693.JPG,35
./balancer/population/population100real\35\7757.JPG,35
./balancer/population/population100real\35\7769.jpg,35
./balancer/population/population100real\35\7781.jpg,35
./balancer/population/population100real\35\7917.jpg,35
./balancer/population/population100real\35\7970.jpg,35
./balancer/population/population100real\35\7986.jpg,35
./balancer/population/population100real\35\8008.jpg,35
./balancer/population/population100real\35\8010.jpg,35
./balancer/population/population100real\35\8046.jpg,35
./balancer/population/population100real\35\8096.jpg,35
./balancer/population/population100real\35\8407.jpg,35
./balancer/population/population100real\35\8585.jpg,35
./balancer/population/population100real\35\8630.jpg,35
./balancer/population/population100real\35\8649.jpg,35
./balancer/population/population100real\35\8658.jpg,35
./balancer/population/population100real\35\8695.jpg,35
./balancer/population/population100real\35\8700.jpg,35
./balancer/population/population100real\35\8739.jpg,35
./balancer/population/population100real\35\877.jpg,35
./balancer/population/population100real\35\8772.jpg,35
./balancer/population/population100real\35\8788.jpg,35
./balancer/population/population100real\35\888.jpg,35
./balancer/population/population100real\35\8880.JPG,35
./balancer/population/population100real\35\8897.jpg,35
./balancer/population/population100real\35\8993.jpg,35
./balancer/population/population100real\35\9098.JPG,35
./balancer/population/population100real\35\9101.jpg,35
./balancer/population/population100real\35\9141.jpg,35
./balancer/population/population100real\35\9144.jpg,35
./balancer/population/population100real\35\9225.jpg,35
./balancer/population/population100real\35\927.jpg,35
./balancer/population/population100real\35\9296.jpg,35
./balancer/population/population100real\35\9371.jpg,35
./balancer/population/population100real\35\9560.jpg,35
./balancer/population/population100real\35\9656.jpg,35
./balancer/population/population100real\35\9740.jpg,35
./balancer/population/population100real\35\9813.jpg,35
./balancer/population/population100real\35\9814.jpg,35
./balancer/population/population100real\35\9918.jpg,35
./balancer/population/population100real\35\9952.jpg,35
./balancer/population/population100real\36\10042.jpg,36
./balancer/population/population100real\36\10047.JPG,36
./balancer/population/population100real\36\10071.jpg,36
./balancer/population/population100real\36\10072.jpg,36
./balancer/population/population100real\36\10079.jpg,36
./balancer/population/population100real\36\10095.jpg,36
./balancer/population/population100real\36\10116.jpg,36
./balancer/population/population100real\36\10120.jpg,36
./balancer/population/population100real\36\1014.jpg,36
./balancer/population/population100real\36\10170.jpg,36
./balancer/population/population100real\36\10247.JPG,36
./balancer/population/population100real\36\10309.jpg,36
./balancer/population/population100real\36\10325.jpg,36
./balancer/population/population100real\36\10425.jpg,36
./balancer/population/population100real\36\10426.JPG,36
./balancer/population/population100real\36\10449.jpg,36
./balancer/population/population100real\36\10458.jpg,36
./balancer/population/population100real\36\10460.jpg,36
./balancer/population/population100real\36\10497.jpg,36
./balancer/population/population100real\36\10510.JPG,36
./balancer/population/population100real\36\10600.JPG,36
./balancer/population/population100real\36\10601.jpg,36
./balancer/population/population100real\36\10679.jpg,36
./balancer/population/population100real\36\10813.jpg,36
./balancer/population/population100real\36\10820.jpg,36
./balancer/population/population100real\36\10852.jpg,36
./balancer/population/population100real\36\10907.JPG,36
./balancer/population/population100real\36\10939.jpg,36
./balancer/population/population100real\36\10983.jpg,36
./balancer/population/population100real\36\10992.jpg,36
./balancer/population/population100real\36\11133.JPG,36
./balancer/population/population100real\36\11159.jpg,36
./balancer/population/population100real\36\11166.JPG,36
./balancer/population/population100real\36\11173.jpg,36
./balancer/population/population100real\36\11192.jpg,36
./balancer/population/population100real\36\11217.jpg,36
./balancer/population/population100real\36\11244.jpg,36
./balancer/population/population100real\36\11261.jpg,36
./balancer/population/population100real\36\11326.jpg,36
./balancer/population/population100real\36\11526.jpg,36
./balancer/population/population100real\36\11532.jpg,36
./balancer/population/population100real\36\11544.jpg,36
./balancer/population/population100real\36\11559.jpg,36
./balancer/population/population100real\36\11579.jpg,36
./balancer/population/population100real\36\11709.jpg,36
./balancer/population/population100real\36\11715.jpg,36
./balancer/population/population100real\36\11718.jpg,36
./balancer/population/population100real\36\11737.jpg,36
./balancer/population/population100real\36\1174.jpg,36
./balancer/population/population100real\36\11740.jpg,36
./balancer/population/population100real\36\11750.JPG,36
./balancer/population/population100real\36\11765.jpg,36
./balancer/population/population100real\36\11780.jpg,36
./balancer/population/population100real\36\11843.jpg,36
./balancer/population/population100real\36\1186.JPG,36
./balancer/population/population100real\36\11865.jpg,36
./balancer/population/population100real\36\11888.jpg,36
./balancer/population/population100real\36\11923.jpg,36
./balancer/population/population100real\36\12058.jpg,36
./balancer/population/population100real\36\12107.JPG,36
./balancer/population/population100real\36\12148.JPG,36
./balancer/population/population100real\36\12227.jpg,36
./balancer/population/population100real\36\12295.jpg,36
./balancer/population/population100real\36\1279.jpg,36
./balancer/population/population100real\36\1345.jpg,36
./balancer/population/population100real\36\1385.jpg,36
./balancer/population/population100real\36\1406.jpg,36
./balancer/population/population100real\36\1485.jpg,36
./balancer/population/population100real\36\1490.jpg,36
./balancer/population/population100real\36\1668.jpg,36
./balancer/population/population100real\36\177.JPG,36
./balancer/population/population100real\36\1851.jpg,36
./balancer/population/population100real\36\1917.jpg,36
./balancer/population/population100real\36\1929.jpg,36
./balancer/population/population100real\36\204.jpg,36
./balancer/population/population100real\36\2048.jpg,36
./balancer/population/population100real\36\2079.jpg,36
./balancer/population/population100real\36\2275.jpg,36
./balancer/population/population100real\36\2398.jpg,36
./balancer/population/population100real\36\2399.jpg,36
./balancer/population/population100real\36\2486.jpg,36
./balancer/population/population100real\36\2534.jpg,36
./balancer/population/population100real\36\2554.JPG,36
./balancer/population/population100real\36\2567.JPG,36
./balancer/population/population100real\36\2629.jpg,36
./balancer/population/population100real\36\2688.JPG,36
./balancer/population/population100real\36\2785.jpg,36
./balancer/population/population100real\36\2828.JPG,36
./balancer/population/population100real\36\2841.JPG,36
./balancer/population/population100real\36\2919.jpg,36
./balancer/population/population100real\36\306.jpg,36
./balancer/population/population100real\36\3064.jpg,36
./balancer/population/population100real\36\3068.jpg,36
./balancer/population/population100real\36\3086.jpg,36
./balancer/population/population100real\36\3102.jpg,36
./balancer/population/population100real\36\3115.jpg,36
./balancer/population/population100real\36\313.jpg,36
./balancer/population/population100real\36\3184.jpg,36
./balancer/population/population100real\36\3233.jpg,36
./balancer/population/population100real\36\3234.jpg,36
./balancer/population/population100real\36\3269.jpg,36
./balancer/population/population100real\36\3282.jpg,36
./balancer/population/population100real\36\3289.jpg,36
./balancer/population/population100real\36\3295.JPG,36
./balancer/population/population100real\36\3324.jpg,36
./balancer/population/population100real\36\343.jpg,36
./balancer/population/population100real\36\3490.jpg,36
./balancer/population/population100real\36\3594.jpg,36
./balancer/population/population100real\36\3692.JPG,36
./balancer/population/population100real\36\3720.jpg,36
./balancer/population/population100real\36\3846.jpg,36
./balancer/population/population100real\36\3880.jpg,36
./balancer/population/population100real\36\3889.jpg,36
./balancer/population/population100real\36\3980.jpg,36
./balancer/population/population100real\36\399.jpg,36
./balancer/population/population100real\36\4025.jpg,36
./balancer/population/population100real\36\4030.jpg,36
./balancer/population/population100real\36\4165.jpg,36
./balancer/population/population100real\36\4189.jpg,36
./balancer/population/population100real\36\4193.jpg,36
./balancer/population/population100real\36\4289.jpg,36
./balancer/population/population100real\36\4339.jpg,36
./balancer/population/population100real\36\4353.jpg,36
./balancer/population/population100real\36\4374.jpg,36
./balancer/population/population100real\36\4400.jpg,36
./balancer/population/population100real\36\4423.jpg,36
./balancer/population/population100real\36\4490.jpg,36
./balancer/population/population100real\36\4535.jpg,36
./balancer/population/population100real\36\4593.jpg,36
./balancer/population/population100real\36\4702.jpg,36
./balancer/population/population100real\36\4724.jpg,36
./balancer/population/population100real\36\4726.jpg,36
./balancer/population/population100real\36\4753.jpg,36
./balancer/population/population100real\36\4755.JPG,36
./balancer/population/population100real\36\4761.jpg,36
./balancer/population/population100real\36\4816.jpg,36
./balancer/population/population100real\36\483.JPG,36
./balancer/population/population100real\36\4833.jpg,36
./balancer/population/population100real\36\4862.jpg,36
./balancer/population/population100real\36\4871.jpg,36
./balancer/population/population100real\36\4878.jpg,36
./balancer/population/population100real\36\4890.jpg,36
./balancer/population/population100real\36\4920.jpg,36
./balancer/population/population100real\36\4965.jpg,36
./balancer/population/population100real\36\5034.jpg,36
./balancer/population/population100real\36\5040.jpg,36
./balancer/population/population100real\36\5055.jpg,36
./balancer/population/population100real\36\5212.JPG,36
./balancer/population/population100real\36\5214.jpg,36
./balancer/population/population100real\36\5269.JPG,36
./balancer/population/population100real\36\5325.jpg,36
./balancer/population/population100real\36\5337.jpg,36
./balancer/population/population100real\36\5365.jpg,36
./balancer/population/population100real\36\5366.JPG,36
./balancer/population/population100real\36\5398.jpg,36
./balancer/population/population100real\36\5458.jpg,36
./balancer/population/population100real\36\5721.jpg,36
./balancer/population/population100real\36\5841.jpg,36
./balancer/population/population100real\36\590.jpg,36
./balancer/population/population100real\36\602.jpg,36
./balancer/population/population100real\36\6034.jpg,36
./balancer/population/population100real\36\6096.jpg,36
./balancer/population/population100real\36\6158.jpg,36
./balancer/population/population100real\36\6300.jpg,36
./balancer/population/population100real\36\6324.JPG,36
./balancer/population/population100real\36\6338.jpg,36
./balancer/population/population100real\36\6345.jpg,36
./balancer/population/population100real\36\6364.jpg,36
./balancer/population/population100real\36\6384.jpg,36
./balancer/population/population100real\36\6407.jpg,36
./balancer/population/population100real\36\6608.jpg,36
./balancer/population/population100real\36\6649.jpg,36
./balancer/population/population100real\36\6673.jpg,36
./balancer/population/population100real\36\6676.jpg,36
./balancer/population/population100real\36\6772.jpg,36
./balancer/population/population100real\36\683.jpg,36
./balancer/population/population100real\36\6886.jpg,36
./balancer/population/population100real\36\6945.jpg,36
./balancer/population/population100real\36\6976.jpg,36
./balancer/population/population100real\36\7005.jpg,36
./balancer/population/population100real\36\7048.JPG,36
./balancer/population/population100real\36\7090.jpg,36
./balancer/population/population100real\36\7158.jpg,36
./balancer/population/population100real\36\72.jpg,36
./balancer/population/population100real\36\7211.jpg,36
./balancer/population/population100real\36\7220.jpg,36
./balancer/population/population100real\36\7274.jpg,36
./balancer/population/population100real\36\7515.JPG,36
./balancer/population/population100real\36\7526.jpg,36
./balancer/population/population100real\36\760.jpg,36
./balancer/population/population100real\36\7612.jpg,36
./balancer/population/population100real\36\7621.jpg,36
./balancer/population/population100real\36\7672.JPG,36
./balancer/population/population100real\36\7763.jpg,36
./balancer/population/population100real\36\7768.JPG,36
./balancer/population/population100real\36\7786.jpg,36
./balancer/population/population100real\36\7863.jpg,36
./balancer/population/population100real\36\7880.jpg,36
./balancer/population/population100real\36\7928.jpg,36
./balancer/population/population100real\36\7984.jpg,36
./balancer/population/population100real\36\8061.JPG,36
./balancer/population/population100real\36\8109.jpg,36
./balancer/population/population100real\36\8144.jpg,36
./balancer/population/population100real\36\8204.jpg,36
./balancer/population/population100real\36\8207.JPG,36
./balancer/population/population100real\36\8241.jpg,36
./balancer/population/population100real\36\8296.jpg,36
./balancer/population/population100real\36\8352.jpg,36
./balancer/population/population100real\36\8358.jpg,36
./balancer/population/population100real\36\8380.jpg,36
./balancer/population/population100real\36\8595.jpg,36
./balancer/population/population100real\36\8701.jpg,36
./balancer/population/population100real\36\8705.JPG,36
./balancer/population/population100real\36\8745.JPG,36
./balancer/population/population100real\36\8759.jpg,36
./balancer/population/population100real\36\8802.jpg,36
./balancer/population/population100real\36\8849.jpg,36
./balancer/population/population100real\36\8886.JPG,36
./balancer/population/population100real\36\8935.jpg,36
./balancer/population/population100real\36\8938.jpg,36
./balancer/population/population100real\36\8986.jpg,36
./balancer/population/population100real\36\8998.jpg,36
./balancer/population/population100real\36\900.jpg,36
./balancer/population/population100real\36\9077.jpg,36
./balancer/population/population100real\36\9212.jpg,36
./balancer/population/population100real\36\9230.jpg,36
./balancer/population/population100real\36\9504.jpg,36
./balancer/population/population100real\36\9525.jpg,36
./balancer/population/population100real\36\9549.jpg,36
./balancer/population/population100real\36\9553.JPG,36
./balancer/population/population100real\36\9565.jpg,36
./balancer/population/population100real\36\9725.jpg,36
./balancer/population/population100real\36\9739.jpg,36
./balancer/population/population100real\36\9766.jpg,36
./balancer/population/population100real\36\9880.jpg,36
./balancer/population/population100real\36\9894.jpg,36
./balancer/population/population100real\36\9903.jpg,36
./balancer/population/population100real\36\9940.jpg,36
./balancer/population/population100real\37\10111.jpg,37
./balancer/population/population100real\37\10147.JPG,37
./balancer/population/population100real\37\10212.jpg,37
./balancer/population/population100real\37\10274.jpg,37
./balancer/population/population100real\37\10287.jpg,37
./balancer/population/population100real\37\10399.jpg,37
./balancer/population/population100real\37\10450.jpg,37
./balancer/population/population100real\37\10491.jpg,37
./balancer/population/population100real\37\10526.jpg,37
./balancer/population/population100real\37\1057.jpg,37
./balancer/population/population100real\37\10590.jpg,37
./balancer/population/population100real\37\10626.jpg,37
./balancer/population/population100real\37\1086.jpg,37
./balancer/population/population100real\37\10864.jpg,37
./balancer/population/population100real\37\10894.jpg,37
./balancer/population/population100real\37\10904.jpg,37
./balancer/population/population100real\37\10913.jpg,37
./balancer/population/population100real\37\10987.jpg,37
./balancer/population/population100real\37\11.jpg,37
./balancer/population/population100real\37\11024.jpg,37
./balancer/population/population100real\37\11036.jpg,37
./balancer/population/population100real\37\11107.jpg,37
./balancer/population/population100real\37\11129.jpg,37
./balancer/population/population100real\37\1119.JPG,37
./balancer/population/population100real\37\1121.jpg,37
./balancer/population/population100real\37\11224.jpg,37
./balancer/population/population100real\37\11238.jpg,37
./balancer/population/population100real\37\11264.JPG,37
./balancer/population/population100real\37\11370.jpg,37
./balancer/population/population100real\37\11423.jpg,37
./balancer/population/population100real\37\11519.jpg,37
./balancer/population/population100real\37\11593.jpg,37
./balancer/population/population100real\37\116.jpg,37
./balancer/population/population100real\37\11791.jpg,37
./balancer/population/population100real\37\1193.jpg,37
./balancer/population/population100real\37\12006.jpg,37
./balancer/population/population100real\37\12049.jpg,37
./balancer/population/population100real\37\12085.JPG,37
./balancer/population/population100real\37\12155.jpg,37
./balancer/population/population100real\37\12179.jpg,37
./balancer/population/population100real\37\12206.JPG,37
./balancer/population/population100real\37\12242.JPG,37
./balancer/population/population100real\37\12247.jpg,37
./balancer/population/population100real\37\12272.JPG,37
./balancer/population/population100real\37\12281.jpg,37
./balancer/population/population100real\37\1235.jpg,37
./balancer/population/population100real\37\12491.jpg,37
./balancer/population/population100real\37\12492.JPG,37
./balancer/population/population100real\37\12557.jpg,37
./balancer/population/population100real\37\12572.jpg,37
./balancer/population/population100real\37\1264.jpg,37
./balancer/population/population100real\37\12723.jpg,37
./balancer/population/population100real\37\12753.JPG,37
./balancer/population/population100real\37\12754.JPG,37
./balancer/population/population100real\37\1281.jpg,37
./balancer/population/population100real\37\1330.jpg,37
./balancer/population/population100real\37\1334.jpg,37
./balancer/population/population100real\37\1414.jpg,37
./balancer/population/population100real\37\1558.JPG,37
./balancer/population/population100real\37\156.jpg,37
./balancer/population/population100real\37\1608.jpg,37
./balancer/population/population100real\37\1723.jpg,37
./balancer/population/population100real\37\1741.jpg,37
./balancer/population/population100real\37\1783.jpg,37
./balancer/population/population100real\37\184.jpg,37
./balancer/population/population100real\37\1943.jpg,37
./balancer/population/population100real\37\1946.jpg,37
./balancer/population/population100real\37\2129.JPG,37
./balancer/population/population100real\37\2186.jpg,37
./balancer/population/population100real\37\2205.jpg,37
./balancer/population/population100real\37\2219.jpg,37
./balancer/population/population100real\37\2427.jpg,37
./balancer/population/population100real\37\2438.jpg,37
./balancer/population/population100real\37\2494.jpg,37
./balancer/population/population100real\37\2515.jpg,37
./balancer/population/population100real\37\2532.jpg,37
./balancer/population/population100real\37\2565.jpg,37
./balancer/population/population100real\37\2669.jpg,37
./balancer/population/population100real\37\2717.jpg,37
./balancer/population/population100real\37\2815.jpg,37
./balancer/population/population100real\37\2822.jpg,37
./balancer/population/population100real\37\2903.jpg,37
./balancer/population/population100real\37\2982.JPG,37
./balancer/population/population100real\37\3062.jpg,37
./balancer/population/population100real\37\3086.JPG,37
./balancer/population/population100real\37\312.jpg,37
./balancer/population/population100real\37\3120.jpg,37
./balancer/population/population100real\37\3165.jpg,37
./balancer/population/population100real\37\3180.JPG,37
./balancer/population/population100real\37\320.jpg,37
./balancer/population/population100real\37\3249.jpg,37
./balancer/population/population100real\37\3273.jpg,37
./balancer/population/population100real\37\336.jpg,37
./balancer/population/population100real\37\3392.jpg,37
./balancer/population/population100real\37\3420.jpg,37
./balancer/population/population100real\37\3464.jpg,37
./balancer/population/population100real\37\3492.jpg,37
./balancer/population/population100real\37\351.jpg,37
./balancer/population/population100real\37\3659.jpg,37
./balancer/population/population100real\37\3679.jpg,37
./balancer/population/population100real\37\3725.jpg,37
./balancer/population/population100real\37\3796.jpg,37
./balancer/population/population100real\37\3801.JPG,37
./balancer/population/population100real\37\3998.jpg,37
./balancer/population/population100real\37\4024.jpg,37
./balancer/population/population100real\37\4071.jpg,37
./balancer/population/population100real\37\4079.jpg,37
./balancer/population/population100real\37\4095.jpg,37
./balancer/population/population100real\37\4112.jpg,37
./balancer/population/population100real\37\414.jpg,37
./balancer/population/population100real\37\4145.jpg,37
./balancer/population/population100real\37\4159.jpg,37
./balancer/population/population100real\37\4164.jpg,37
./balancer/population/population100real\37\417.jpg,37
./balancer/population/population100real\37\4216.jpg,37
./balancer/population/population100real\37\425.jpg,37
./balancer/population/population100real\37\4292.jpg,37
./balancer/population/population100real\37\4300.jpg,37
./balancer/population/population100real\37\4316.jpg,37
./balancer/population/population100real\37\437.jpg,37
./balancer/population/population100real\37\4381.JPG,37
./balancer/population/population100real\37\440.jpg,37
./balancer/population/population100real\37\4469.jpg,37
./balancer/population/population100real\37\4482.jpg,37
./balancer/population/population100real\37\4565.jpg,37
./balancer/population/population100real\37\4621.jpg,37
./balancer/population/population100real\37\4670.jpg,37
./balancer/population/population100real\37\4698.jpg,37
./balancer/population/population100real\37\4767.jpg,37
./balancer/population/population100real\37\4768.jpg,37
./balancer/population/population100real\37\4780.jpg,37
./balancer/population/population100real\37\4795.JPG,37
./balancer/population/population100real\37\4812.jpg,37
./balancer/population/population100real\37\4852.jpg,37
./balancer/population/population100real\37\486.jpg,37
./balancer/population/population100real\37\4877.jpg,37
./balancer/population/population100real\37\4914.jpg,37
./balancer/population/population100real\37\4990.jpg,37
./balancer/population/population100real\37\5019.jpg,37
./balancer/population/population100real\37\5034.JPG,37
./balancer/population/population100real\37\5062.jpg,37
./balancer/population/population100real\37\5076.jpg,37
./balancer/population/population100real\37\5099.jpg,37
./balancer/population/population100real\37\5205.jpg,37
./balancer/population/population100real\37\5215.JPG,37
./balancer/population/population100real\37\536.jpg,37
./balancer/population/population100real\37\5397.jpg,37
./balancer/population/population100real\37\54.jpg,37
./balancer/population/population100real\37\5408.jpg,37
./balancer/population/population100real\37\5453.jpg,37
./balancer/population/population100real\37\5512.jpg,37
./balancer/population/population100real\37\5588.jpg,37
./balancer/population/population100real\37\5608.jpg,37
./balancer/population/population100real\37\5756.jpg,37
./balancer/population/population100real\37\5757.jpg,37
./balancer/population/population100real\37\580.jpg,37
./balancer/population/population100real\37\5893.jpg,37
./balancer/population/population100real\37\5923.jpg,37
./balancer/population/population100real\37\5958.jpg,37
./balancer/population/population100real\37\5968.jpg,37
./balancer/population/population100real\37\597.jpg,37
./balancer/population/population100real\37\5972.JPG,37
./balancer/population/population100real\37\5998.jpg,37
./balancer/population/population100real\37\602.jpg,37
./balancer/population/population100real\37\603.jpg,37
./balancer/population/population100real\37\6127.JPG,37
./balancer/population/population100real\37\6187.jpg,37
./balancer/population/population100real\37\6310.jpg,37
./balancer/population/population100real\37\636.jpg,37
./balancer/population/population100real\37\6419.jpg,37
./balancer/population/population100real\37\6461.jpg,37
./balancer/population/population100real\37\6487.JPG,37
./balancer/population/population100real\37\6502.jpg,37
./balancer/population/population100real\37\6524.jpg,37
./balancer/population/population100real\37\6574.jpg,37
./balancer/population/population100real\37\6576.jpg,37
./balancer/population/population100real\37\6595.jpg,37
./balancer/population/population100real\37\6804.jpg,37
./balancer/population/population100real\37\6836.jpg,37
./balancer/population/population100real\37\7006.jpg,37
./balancer/population/population100real\37\7080.jpg,37
./balancer/population/population100real\37\7211.jpg,37
./balancer/population/population100real\37\7217.jpg,37
./balancer/population/population100real\37\7245.jpg,37
./balancer/population/population100real\37\7249.jpg,37
./balancer/population/population100real\37\7472.jpg,37
./balancer/population/population100real\37\7543.jpg,37
./balancer/population/population100real\37\7675.jpg,37
./balancer/population/population100real\37\7685.jpg,37
./balancer/population/population100real\37\7721.jpg,37
./balancer/population/population100real\37\7752.jpg,37
./balancer/population/population100real\37\7754.jpg,37
./balancer/population/population100real\37\7785.jpg,37
./balancer/population/population100real\37\784.jpg,37
./balancer/population/population100real\37\7846.jpg,37
./balancer/population/population100real\37\7890.jpg,37
./balancer/population/population100real\37\8086.jpg,37
./balancer/population/population100real\37\8143.jpg,37
./balancer/population/population100real\37\817.jpg,37
./balancer/population/population100real\37\819.jpg,37
./balancer/population/population100real\37\8195.jpg,37
./balancer/population/population100real\37\822.jpg,37
./balancer/population/population100real\37\8347.jpg,37
./balancer/population/population100real\37\8369.jpg,37
./balancer/population/population100real\37\8387.jpg,37
./balancer/population/population100real\37\8393.jpg,37
./balancer/population/population100real\37\8408.jpg,37
./balancer/population/population100real\37\8424.jpg,37
./balancer/population/population100real\37\847.jpg,37
./balancer/population/population100real\37\8516.jpg,37
./balancer/population/population100real\37\8639.jpg,37
./balancer/population/population100real\37\864.jpg,37
./balancer/population/population100real\37\8677.jpg,37
./balancer/population/population100real\37\9010.jpg,37
./balancer/population/population100real\37\9024.jpg,37
./balancer/population/population100real\37\9229.jpg,37
./balancer/population/population100real\37\9277.jpg,37
./balancer/population/population100real\37\9296.jpg,37
./balancer/population/population100real\37\9328.jpg,37
./balancer/population/population100real\37\9337.jpg,37
./balancer/population/population100real\37\936.JPG,37
./balancer/population/population100real\37\9376.jpg,37
./balancer/population/population100real\37\9468.jpg,37
./balancer/population/population100real\37\9485.jpg,37
./balancer/population/population100real\37\9518.jpg,37
./balancer/population/population100real\37\9537.jpg,37
./balancer/population/population100real\37\9552.jpg,37
./balancer/population/population100real\37\958.jpg,37
./balancer/population/population100real\37\9816.jpg,37
./balancer/population/population100real\37\9842.jpg,37
./balancer/population/population100real\37\9852.jpg,37
./balancer/population/population100real\37\9872.jpg,37
./balancer/population/population100real\37\9906.jpg,37
./balancer/population/population100real\37\9909.jpg,37
./balancer/population/population100real\37\9973.jpg,37
./balancer/population/population100real\38\10012.jpg,38
./balancer/population/population100real\38\10100.jpg,38
./balancer/population/population100real\38\10204.jpg,38
./balancer/population/population100real\38\10213.jpg,38
./balancer/population/population100real\38\10222.jpg,38
./balancer/population/population100real\38\10236.jpg,38
./balancer/population/population100real\38\10390.jpg,38
./balancer/population/population100real\38\1040.JPG,38
./balancer/population/population100real\38\10440.jpg,38
./balancer/population/population100real\38\10486.jpg,38
./balancer/population/population100real\38\1056.jpg,38
./balancer/population/population100real\38\10569.jpg,38
./balancer/population/population100real\38\10862.jpg,38
./balancer/population/population100real\38\10878.jpg,38
./balancer/population/population100real\38\10886.jpg,38
./balancer/population/population100real\38\10916.jpg,38
./balancer/population/population100real\38\10995.jpg,38
./balancer/population/population100real\38\11118.jpg,38
./balancer/population/population100real\38\11135.jpg,38
./balancer/population/population100real\38\11146.jpg,38
./balancer/population/population100real\38\11164.jpg,38
./balancer/population/population100real\38\11205.jpg,38
./balancer/population/population100real\38\11236.JPG,38
./balancer/population/population100real\38\11237.jpg,38
./balancer/population/population100real\38\1125.jpg,38
./balancer/population/population100real\38\11253.jpg,38
./balancer/population/population100real\38\11306.jpg,38
./balancer/population/population100real\38\1134.jpg,38
./balancer/population/population100real\38\11358.jpg,38
./balancer/population/population100real\38\11362.JPG,38
./balancer/population/population100real\38\11466.jpg,38
./balancer/population/population100real\38\11467.jpg,38
./balancer/population/population100real\38\11491.jpg,38
./balancer/population/population100real\38\11500.jpg,38
./balancer/population/population100real\38\11514.jpg,38
./balancer/population/population100real\38\11529.jpg,38
./balancer/population/population100real\38\11665.jpg,38
./balancer/population/population100real\38\11697.jpg,38
./balancer/population/population100real\38\11701.jpg,38
./balancer/population/population100real\38\11831.jpg,38
./balancer/population/population100real\38\11907.jpg,38
./balancer/population/population100real\38\1196.jpg,38
./balancer/population/population100real\38\12023.jpg,38
./balancer/population/population100real\38\12043.jpg,38
./balancer/population/population100real\38\12242.jpg,38
./balancer/population/population100real\38\12258.jpg,38
./balancer/population/population100real\38\12287.jpg,38
./balancer/population/population100real\38\12298.jpg,38
./balancer/population/population100real\38\1230.jpg,38
./balancer/population/population100real\38\12376.jpg,38
./balancer/population/population100real\38\12378.jpg,38
./balancer/population/population100real\38\12390.jpg,38
./balancer/population/population100real\38\124.jpg,38
./balancer/population/population100real\38\12413.JPG,38
./balancer/population/population100real\38\12498.jpg,38
./balancer/population/population100real\38\12533.jpg,38
./balancer/population/population100real\38\12547.jpg,38
./balancer/population/population100real\38\12618.jpg,38
./balancer/population/population100real\38\1350.jpg,38
./balancer/population/population100real\38\139.jpg,38
./balancer/population/population100real\38\1412.jpg,38
./balancer/population/population100real\38\1434.jpg,38
./balancer/population/population100real\38\1491.jpg,38
./balancer/population/population100real\38\1493.jpg,38
./balancer/population/population100real\38\1604.JPG,38
./balancer/population/population100real\38\1621.jpg,38
./balancer/population/population100real\38\1710.jpg,38
./balancer/population/population100real\38\2035.jpg,38
./balancer/population/population100real\38\217.jpg,38
./balancer/population/population100real\38\2177.jpg,38
./balancer/population/population100real\38\2185.jpg,38
./balancer/population/population100real\38\2333.JPG,38
./balancer/population/population100real\38\2409.jpg,38
./balancer/population/population100real\38\2564.jpg,38
./balancer/population/population100real\38\2625.jpg,38
./balancer/population/population100real\38\268.jpg,38
./balancer/population/population100real\38\2733.jpg,38
./balancer/population/population100real\38\2750.JPG,38
./balancer/population/population100real\38\2788.jpg,38
./balancer/population/population100real\38\2811.jpg,38
./balancer/population/population100real\38\2858.jpg,38
./balancer/population/population100real\38\2887.jpg,38
./balancer/population/population100real\38\289.jpg,38
./balancer/population/population100real\38\2973.jpg,38
./balancer/population/population100real\38\3010.jpg,38
./balancer/population/population100real\38\3085.JPG,38
./balancer/population/population100real\38\3121.jpg,38
./balancer/population/population100real\38\3134.jpg,38
./balancer/population/population100real\38\3159.jpg,38
./balancer/population/population100real\38\329.jpg,38
./balancer/population/population100real\38\3368.jpg,38
./balancer/population/population100real\38\3381.JPG,38
./balancer/population/population100real\38\3414.jpg,38
./balancer/population/population100real\38\3488.jpg,38
./balancer/population/population100real\38\3590.jpg,38
./balancer/population/population100real\38\3605.jpg,38
./balancer/population/population100real\38\3622.jpg,38
./balancer/population/population100real\38\3642.jpg,38
./balancer/population/population100real\38\3730.jpg,38
./balancer/population/population100real\38\3771.JPG,38
./balancer/population/population100real\38\378.jpg,38
./balancer/population/population100real\38\3811.jpg,38
./balancer/population/population100real\38\3826.jpg,38
./balancer/population/population100real\38\386.jpg,38
./balancer/population/population100real\38\3866.jpg,38
./balancer/population/population100real\38\3887.jpg,38
./balancer/population/population100real\38\3893.jpg,38
./balancer/population/population100real\38\3968.jpg,38
./balancer/population/population100real\38\4001.jpg,38
./balancer/population/population100real\38\404.jpg,38
./balancer/population/population100real\38\4126.jpg,38
./balancer/population/population100real\38\4308.jpg,38
./balancer/population/population100real\38\4328.jpg,38
./balancer/population/population100real\38\4335.jpg,38
./balancer/population/population100real\38\4353.jpg,38
./balancer/population/population100real\38\4413.jpg,38
./balancer/population/population100real\38\4458.jpg,38
./balancer/population/population100real\38\455.jpg,38
./balancer/population/population100real\38\4583.jpg,38
./balancer/population/population100real\38\468.jpg,38
./balancer/population/population100real\38\4694.jpg,38
./balancer/population/population100real\38\472.jpg,38
./balancer/population/population100real\38\4765.jpg,38
./balancer/population/population100real\38\4799.jpg,38
./balancer/population/population100real\38\4801.jpg,38
./balancer/population/population100real\38\4849.JPG,38
./balancer/population/population100real\38\4913.jpg,38
./balancer/population/population100real\38\4950.jpg,38
./balancer/population/population100real\38\4955.jpg,38
./balancer/population/population100real\38\5020.jpg,38
./balancer/population/population100real\38\5068.jpg,38
./balancer/population/population100real\38\5074.jpg,38
./balancer/population/population100real\38\5185.jpg,38
./balancer/population/population100real\38\5197.jpg,38
./balancer/population/population100real\38\5213.jpg,38
./balancer/population/population100real\38\5239.jpg,38
./balancer/population/population100real\38\5298.jpg,38
./balancer/population/population100real\38\5423.jpg,38
./balancer/population/population100real\38\55.jpg,38
./balancer/population/population100real\38\5533.jpg,38
./balancer/population/population100real\38\5537.jpg,38
./balancer/population/population100real\38\556.jpg,38
./balancer/population/population100real\38\559.JPG,38
./balancer/population/population100real\38\5629.jpg,38
./balancer/population/population100real\38\5673.jpg,38
./balancer/population/population100real\38\5683.jpg,38
./balancer/population/population100real\38\5710.jpg,38
./balancer/population/population100real\38\5715.jpg,38
./balancer/population/population100real\38\5733.jpg,38
./balancer/population/population100real\38\5897.jpg,38
./balancer/population/population100real\38\594.jpg,38
./balancer/population/population100real\38\6003.jpg,38
./balancer/population/population100real\38\6013.jpg,38
./balancer/population/population100real\38\6025.jpg,38
./balancer/population/population100real\38\6321.jpg,38
./balancer/population/population100real\38\6322.jpg,38
./balancer/population/population100real\38\6348.jpg,38
./balancer/population/population100real\38\6386.JPG,38
./balancer/population/population100real\38\6395.JPG,38
./balancer/population/population100real\38\6497.jpg,38
./balancer/population/population100real\38\6573.JPG,38
./balancer/population/population100real\38\6585.jpg,38
./balancer/population/population100real\38\6610.jpg,38
./balancer/population/population100real\38\6621.JPG,38
./balancer/population/population100real\38\6672.JPG,38
./balancer/population/population100real\38\6699.jpg,38
./balancer/population/population100real\38\6750.jpg,38
./balancer/population/population100real\38\6773.jpg,38
./balancer/population/population100real\38\6806.jpg,38
./balancer/population/population100real\38\6905.JPG,38
./balancer/population/population100real\38\6937.jpg,38
./balancer/population/population100real\38\6954.JPG,38
./balancer/population/population100real\38\6965.jpg,38
./balancer/population/population100real\38\7053.jpg,38
./balancer/population/population100real\38\7084.jpg,38
./balancer/population/population100real\38\7087.jpg,38
./balancer/population/population100real\38\7107.jpg,38
./balancer/population/population100real\38\7108.jpg,38
./balancer/population/population100real\38\7227.JPG,38
./balancer/population/population100real\38\7284.jpg,38
./balancer/population/population100real\38\7398.jpg,38
./balancer/population/population100real\38\7441.jpg,38
./balancer/population/population100real\38\7463.jpg,38
./balancer/population/population100real\38\7561.jpg,38
./balancer/population/population100real\38\7583.JPG,38
./balancer/population/population100real\38\7584.jpg,38
./balancer/population/population100real\38\7646.jpg,38
./balancer/population/population100real\38\7727.jpg,38
./balancer/population/population100real\38\7762.JPG,38
./balancer/population/population100real\38\7766.jpg,38
./balancer/population/population100real\38\7843.jpg,38
./balancer/population/population100real\38\8017.jpg,38
./balancer/population/population100real\38\802.jpg,38
./balancer/population/population100real\38\8167.jpg,38
./balancer/population/population100real\38\8168.jpg,38
./balancer/population/population100real\38\8186.jpg,38
./balancer/population/population100real\38\8198.jpg,38
./balancer/population/population100real\38\8245.jpg,38
./balancer/population/population100real\38\8342.jpg,38
./balancer/population/population100real\38\8383.jpg,38
./balancer/population/population100real\38\8420.jpg,38
./balancer/population/population100real\38\8439.jpg,38
./balancer/population/population100real\38\8445.jpg,38
./balancer/population/population100real\38\8454.JPG,38
./balancer/population/population100real\38\8510.jpg,38
./balancer/population/population100real\38\8514.jpg,38
./balancer/population/population100real\38\8647.jpg,38
./balancer/population/population100real\38\8721.jpg,38
./balancer/population/population100real\38\8731.jpg,38
./balancer/population/population100real\38\8827.JPG,38
./balancer/population/population100real\38\8989.jpg,38
./balancer/population/population100real\38\903.jpg,38
./balancer/population/population100real\38\9117.jpg,38
./balancer/population/population100real\38\9136.jpg,38
./balancer/population/population100real\38\9169.jpg,38
./balancer/population/population100real\38\9189.jpg,38
./balancer/population/population100real\38\9207.jpg,38
./balancer/population/population100real\38\9237.jpg,38
./balancer/population/population100real\38\9256.jpg,38
./balancer/population/population100real\38\9263.jpg,38
./balancer/population/population100real\38\9283.jpg,38
./balancer/population/population100real\38\9293.jpg,38
./balancer/population/population100real\38\9320.jpg,38
./balancer/population/population100real\38\9381.jpg,38
./balancer/population/population100real\38\939.jpg,38
./balancer/population/population100real\38\9449.jpg,38
./balancer/population/population100real\38\9480.jpg,38
./balancer/population/population100real\38\9523.JPG,38
./balancer/population/population100real\38\9543.jpg,38
./balancer/population/population100real\38\9654.jpg,38
./balancer/population/population100real\38\9655.JPG,38
./balancer/population/population100real\38\9697.jpg,38
./balancer/population/population100real\38\9842.jpg,38
./balancer/population/population100real\38\995.jpg,38
./balancer/population/population100real\38\9959.jpg,38
./balancer/population/population100real\39\10009.JPG,39
./balancer/population/population100real\39\10012.jpg,39
./balancer/population/population100real\39\10031.jpg,39
./balancer/population/population100real\39\1012.jpg,39
./balancer/population/population100real\39\10224.jpg,39
./balancer/population/population100real\39\10301.jpg,39
./balancer/population/population100real\39\10311.jpg,39
./balancer/population/population100real\39\10312.jpg,39
./balancer/population/population100real\39\10360.jpg,39
./balancer/population/population100real\39\10408.jpg,39
./balancer/population/population100real\39\1048.jpg,39
./balancer/population/population100real\39\10531.JPG,39
./balancer/population/population100real\39\10543.jpg,39
./balancer/population/population100real\39\110.jpg,39
./balancer/population/population100real\39\1117.jpg,39
./balancer/population/population100real\39\1119.jpg,39
./balancer/population/population100real\39\1179.jpg,39
./balancer/population/population100real\39\1198.jpg,39
./balancer/population/population100real\39\1302.jpg,39
./balancer/population/population100real\39\1321.jpg,39
./balancer/population/population100real\39\1462.jpg,39
./balancer/population/population100real\39\1519.JPG,39
./balancer/population/population100real\39\1654.JPG,39
./balancer/population/population100real\39\1730.JPG,39
./balancer/population/population100real\39\1747.jpg,39
./balancer/population/population100real\39\1757.jpg,39
./balancer/population/population100real\39\1786.JPG,39
./balancer/population/population100real\39\1853.jpg,39
./balancer/population/population100real\39\1975.jpg,39
./balancer/population/population100real\39\1981.jpg,39
./balancer/population/population100real\39\2018.jpg,39
./balancer/population/population100real\39\2027.jpg,39
./balancer/population/population100real\39\2066.jpg,39
./balancer/population/population100real\39\2107.jpg,39
./balancer/population/population100real\39\2312.jpg,39
./balancer/population/population100real\39\2349.jpg,39
./balancer/population/population100real\39\235.jpg,39
./balancer/population/population100real\39\2381.JPG,39
./balancer/population/population100real\39\2382.jpg,39
./balancer/population/population100real\39\2397.jpg,39
./balancer/population/population100real\39\2507.jpg,39
./balancer/population/population100real\39\2509.jpg,39
./balancer/population/population100real\39\2550.jpg,39
./balancer/population/population100real\39\2552.jpg,39
./balancer/population/population100real\39\265.jpg,39
./balancer/population/population100real\39\2757.jpg,39
./balancer/population/population100real\39\2776.jpg,39
./balancer/population/population100real\39\2790.jpg,39
./balancer/population/population100real\39\2815.jpg,39
./balancer/population/population100real\39\2874.jpg,39
./balancer/population/population100real\39\2946.jpg,39
./balancer/population/population100real\39\2977.jpg,39
./balancer/population/population100real\39\2989.JPG,39
./balancer/population/population100real\39\3023.jpg,39
./balancer/population/population100real\39\305.jpg,39
./balancer/population/population100real\39\3069.jpg,39
./balancer/population/population100real\39\319.jpg,39
./balancer/population/population100real\39\3233.JPG,39
./balancer/population/population100real\39\3246.JPG,39
./balancer/population/population100real\39\3249.jpg,39
./balancer/population/population100real\39\3271.jpg,39
./balancer/population/population100real\39\3328.jpg,39
./balancer/population/population100real\39\3363.jpg,39
./balancer/population/population100real\39\3367.jpg,39
./balancer/population/population100real\39\3374.jpg,39
./balancer/population/population100real\39\3381.jpg,39
./balancer/population/population100real\39\3394.jpg,39
./balancer/population/population100real\39\3396.jpg,39
./balancer/population/population100real\39\3408.jpg,39
./balancer/population/population100real\39\3487.jpg,39
./balancer/population/population100real\39\3509.JPG,39
./balancer/population/population100real\39\3521.jpg,39
./balancer/population/population100real\39\3642.jpg,39
./balancer/population/population100real\39\3655.jpg,39
./balancer/population/population100real\39\3688.JPG,39
./balancer/population/population100real\39\3762.JPG,39
./balancer/population/population100real\39\3790.jpg,39
./balancer/population/population100real\39\3803.jpg,39
./balancer/population/population100real\39\3975.jpg,39
./balancer/population/population100real\39\4048.jpg,39
./balancer/population/population100real\39\4108.jpg,39
./balancer/population/population100real\39\4132.jpg,39
./balancer/population/population100real\39\4194.jpg,39
./balancer/population/population100real\39\4211.jpg,39
./balancer/population/population100real\39\4216.jpg,39
./balancer/population/population100real\39\4228.jpg,39
./balancer/population/population100real\39\4237.jpg,39
./balancer/population/population100real\39\4263.JPG,39
./balancer/population/population100real\39\4330.jpg,39
./balancer/population/population100real\39\4350.jpg,39
./balancer/population/population100real\39\4364.jpg,39
./balancer/population/population100real\39\4374.jpg,39
./balancer/population/population100real\39\4390.jpg,39
./balancer/population/population100real\39\4539.jpg,39
./balancer/population/population100real\39\4561.jpg,39
./balancer/population/population100real\39\4589.jpg,39
./balancer/population/population100real\39\4646.jpg,39
./balancer/population/population100real\39\4677.jpg,39
./balancer/population/population100real\39\4700.jpg,39
./balancer/population/population100real\39\4706.jpg,39
./balancer/population/population100real\39\4769.jpg,39
./balancer/population/population100real\39\4883.JPG,39
./balancer/population/population100real\39\497.jpg,39
./balancer/population/population100real\39\4981.jpg,39
./balancer/population/population100real\39\5004.jpg,39
./balancer/population/population100real\39\5016.jpg,39
./balancer/population/population100real\39\5034.jpg,39
./balancer/population/population100real\39\506.jpg,39
./balancer/population/population100real\39\5064.jpg,39
./balancer/population/population100real\39\512.jpg,39
./balancer/population/population100real\39\5126.jpg,39
./balancer/population/population100real\39\5129.jpg,39
./balancer/population/population100real\39\5161.jpg,39
./balancer/population/population100real\39\5175.jpg,39
./balancer/population/population100real\39\5232.jpg,39
./balancer/population/population100real\39\5284.jpg,39
./balancer/population/population100real\39\5344.jpg,39
./balancer/population/population100real\39\5362.jpg,39
./balancer/population/population100real\39\5365.jpg,39
./balancer/population/population100real\39\537.JPG,39
./balancer/population/population100real\39\539.jpg,39
./balancer/population/population100real\39\5427.jpg,39
./balancer/population/population100real\39\5456.JPG,39
./balancer/population/population100real\39\5487.JPG,39
./balancer/population/population100real\39\550.jpg,39
./balancer/population/population100real\39\5551.jpg,39
./balancer/population/population100real\39\557.jpg,39
./balancer/population/population100real\39\563.jpg,39
./balancer/population/population100real\39\5673.jpg,39
./balancer/population/population100real\39\5684.jpg,39
./balancer/population/population100real\39\5711.jpg,39
./balancer/population/population100real\39\573.JPG,39
./balancer/population/population100real\39\5734.jpg,39
./balancer/population/population100real\39\5743.jpg,39
./balancer/population/population100real\39\578.jpg,39
./balancer/population/population100real\39\5816.jpg,39
./balancer/population/population100real\39\5824.JPG,39
./balancer/population/population100real\39\5840.jpg,39
./balancer/population/population100real\39\5861.jpg,39
./balancer/population/population100real\39\591.jpg,39
./balancer/population/population100real\39\6036.jpg,39
./balancer/population/population100real\39\6064.jpg,39
./balancer/population/population100real\39\6084.JPG,39
./balancer/population/population100real\39\6154.jpg,39
./balancer/population/population100real\39\6161.jpg,39
./balancer/population/population100real\39\6182.JPG,39
./balancer/population/population100real\39\6199.JPG,39
./balancer/population/population100real\39\6290.JPG,39
./balancer/population/population100real\39\6333.JPG,39
./balancer/population/population100real\39\6351.jpg,39
./balancer/population/population100real\39\638.jpg,39
./balancer/population/population100real\39\6403.jpg,39
./balancer/population/population100real\39\6440.jpg,39
./balancer/population/population100real\39\6449.JPG,39
./balancer/population/population100real\39\6455.jpg,39
./balancer/population/population100real\39\6506.jpg,39
./balancer/population/population100real\39\6519.jpg,39
./balancer/population/population100real\39\6550.jpg,39
./balancer/population/population100real\39\6633.jpg,39
./balancer/population/population100real\39\664.jpg,39
./balancer/population/population100real\39\6648.jpg,39
./balancer/population/population100real\39\6795.jpg,39
./balancer/population/population100real\39\6849.jpg,39
./balancer/population/population100real\39\6887.JPG,39
./balancer/population/population100real\39\7042.jpg,39
./balancer/population/population100real\39\7061.jpg,39
./balancer/population/population100real\39\7074.jpg,39
./balancer/population/population100real\39\7098.jpg,39
./balancer/population/population100real\39\7104.jpg,39
./balancer/population/population100real\39\7139.jpg,39
./balancer/population/population100real\39\715.jpg,39
./balancer/population/population100real\39\7190.jpg,39
./balancer/population/population100real\39\7245.jpg,39
./balancer/population/population100real\39\7255.jpg,39
./balancer/population/population100real\39\7304.jpg,39
./balancer/population/population100real\39\7314.jpg,39
./balancer/population/population100real\39\7535.JPG,39
./balancer/population/population100real\39\7615.jpg,39
./balancer/population/population100real\39\7629.jpg,39
./balancer/population/population100real\39\7659.jpg,39
./balancer/population/population100real\39\7685.jpg,39
./balancer/population/population100real\39\7751.JPG,39
./balancer/population/population100real\39\7752.jpg,39
./balancer/population/population100real\39\7764.jpg,39
./balancer/population/population100real\39\7829.jpg,39
./balancer/population/population100real\39\7849.jpg,39
./balancer/population/population100real\39\788.jpg,39
./balancer/population/population100real\39\7950.JPG,39
./balancer/population/population100real\39\808.jpg,39
./balancer/population/population100real\39\8101.jpg,39
./balancer/population/population100real\39\813.jpg,39
./balancer/population/population100real\39\8197.jpg,39
./balancer/population/population100real\39\824.jpg,39
./balancer/population/population100real\39\8255.jpg,39
./balancer/population/population100real\39\826.jpg,39
./balancer/population/population100real\39\8327.jpg,39
./balancer/population/population100real\39\8333.jpg,39
./balancer/population/population100real\39\842.jpg,39
./balancer/population/population100real\39\8565.JPG,39
./balancer/population/population100real\39\8590.jpg,39
./balancer/population/population100real\39\8598.jpg,39
./balancer/population/population100real\39\8630.jpg,39
./balancer/population/population100real\39\8679.jpg,39
./balancer/population/population100real\39\8754.JPG,39
./balancer/population/population100real\39\8756.jpg,39
./balancer/population/population100real\39\8768.jpg,39
./balancer/population/population100real\39\88.JPG,39
./balancer/population/population100real\39\8805.JPG,39
./balancer/population/population100real\39\8857.jpg,39
./balancer/population/population100real\39\8949.JPG,39
./balancer/population/population100real\39\8963.jpg,39
./balancer/population/population100real\39\900.jpg,39
./balancer/population/population100real\39\9036.jpg,39
./balancer/population/population100real\39\9103.jpg,39
./balancer/population/population100real\39\9112.jpg,39
./balancer/population/population100real\39\9204.jpg,39
./balancer/population/population100real\39\9207.jpg,39
./balancer/population/population100real\39\9278.jpg,39
./balancer/population/population100real\39\9322.jpg,39
./balancer/population/population100real\39\9380.jpg,39
./balancer/population/population100real\39\9438.jpg,39
./balancer/population/population100real\39\9496.jpg,39
./balancer/population/population100real\39\9511.jpg,39
./balancer/population/population100real\39\9575.jpg,39
./balancer/population/population100real\39\9584.jpg,39
./balancer/population/population100real\39\9649.jpg,39
./balancer/population/population100real\39\9669.jpg,39
./balancer/population/population100real\39\9674.jpg,39
./balancer/population/population100real\39\9677.jpg,39
./balancer/population/population100real\39\9745.jpg,39
./balancer/population/population100real\39\9758.jpg,39
./balancer/population/population100real\39\9838.JPG,39
./balancer/population/population100real\39\998.jpg,39
./balancer/population/population100real\39\9988.jpg,39
./balancer/population/population100real\40\10029.jpg,40
./balancer/population/population100real\40\10052.jpg,40
./balancer/population/population100real\40\10126.jpg,40
./balancer/population/population100real\40\10163.jpg,40
./balancer/population/population100real\40\10277.jpg,40
./balancer/population/population100real\40\10288.jpg,40
./balancer/population/population100real\40\10301.jpg,40
./balancer/population/population100real\40\10361.jpg,40
./balancer/population/population100real\40\10407.jpg,40
./balancer/population/population100real\40\10424.jpg,40
./balancer/population/population100real\40\10427.jpg,40
./balancer/population/population100real\40\10522.jpg,40
./balancer/population/population100real\40\10570.JPG,40
./balancer/population/population100real\40\10599.jpg,40
./balancer/population/population100real\40\1071.jpg,40
./balancer/population/population100real\40\1078.jpg,40
./balancer/population/population100real\40\1117.jpg,40
./balancer/population/population100real\40\1132.jpg,40
./balancer/population/population100real\40\1154.jpg,40
./balancer/population/population100real\40\1249.jpg,40
./balancer/population/population100real\40\1283.jpg,40
./balancer/population/population100real\40\1294.jpg,40
./balancer/population/population100real\40\1303.jpg,40
./balancer/population/population100real\40\1351.jpg,40
./balancer/population/population100real\40\1398.jpg,40
./balancer/population/population100real\40\1497.jpg,40
./balancer/population/population100real\40\1502.jpg,40
./balancer/population/population100real\40\1503.jpg,40
./balancer/population/population100real\40\1522.jpg,40
./balancer/population/population100real\40\1566.jpg,40
./balancer/population/population100real\40\1577.jpg,40
./balancer/population/population100real\40\1655.jpg,40
./balancer/population/population100real\40\1689.JPG,40
./balancer/population/population100real\40\1707.jpg,40
./balancer/population/population100real\40\1727.jpg,40
./balancer/population/population100real\40\1738.jpg,40
./balancer/population/population100real\40\1778.jpg,40
./balancer/population/population100real\40\1799.jpg,40
./balancer/population/population100real\40\1813.jpg,40
./balancer/population/population100real\40\1967.jpg,40
./balancer/population/population100real\40\1999.jpg,40
./balancer/population/population100real\40\2012.jpg,40
./balancer/population/population100real\40\2043.jpg,40
./balancer/population/population100real\40\2044.JPG,40
./balancer/population/population100real\40\2105.jpg,40
./balancer/population/population100real\40\2119.jpg,40
./balancer/population/population100real\40\2291.jpg,40
./balancer/population/population100real\40\2343.jpg,40
./balancer/population/population100real\40\2349.JPG,40
./balancer/population/population100real\40\2449.JPG,40
./balancer/population/population100real\40\2495.jpg,40
./balancer/population/population100real\40\2509.jpg,40
./balancer/population/population100real\40\2517.jpg,40
./balancer/population/population100real\40\2535.jpg,40
./balancer/population/population100real\40\2568.JPG,40
./balancer/population/population100real\40\2570.jpg,40
./balancer/population/population100real\40\2578.JPG,40
./balancer/population/population100real\40\2663.jpg,40
./balancer/population/population100real\40\2683.jpg,40
./balancer/population/population100real\40\2723.jpg,40
./balancer/population/population100real\40\2744.jpg,40
./balancer/population/population100real\40\2748.jpg,40
./balancer/population/population100real\40\2798.jpg,40
./balancer/population/population100real\40\2865.JPG,40
./balancer/population/population100real\40\2920.jpg,40
./balancer/population/population100real\40\2941.jpg,40
./balancer/population/population100real\40\2976.JPG,40
./balancer/population/population100real\40\3003.jpg,40
./balancer/population/population100real\40\3030.jpg,40
./balancer/population/population100real\40\3119.jpg,40
./balancer/population/population100real\40\3242.JPG,40
./balancer/population/population100real\40\3283.JPG,40
./balancer/population/population100real\40\3309.jpg,40
./balancer/population/population100real\40\3336.jpg,40
./balancer/population/population100real\40\3377.jpg,40
./balancer/population/population100real\40\3391.jpg,40
./balancer/population/population100real\40\3403.jpg,40
./balancer/population/population100real\40\3431.jpg,40
./balancer/population/population100real\40\3453.jpg,40
./balancer/population/population100real\40\35.jpg,40
./balancer/population/population100real\40\3504.jpg,40
./balancer/population/population100real\40\3534.jpg,40
./balancer/population/population100real\40\3539.jpg,40
./balancer/population/population100real\40\357.jpg,40
./balancer/population/population100real\40\3610.jpg,40
./balancer/population/population100real\40\3650.jpg,40
./balancer/population/population100real\40\3657.jpg,40
./balancer/population/population100real\40\3671.jpg,40
./balancer/population/population100real\40\3680.jpg,40
./balancer/population/population100real\40\3682.jpg,40
./balancer/population/population100real\40\3765.jpg,40
./balancer/population/population100real\40\3809.jpg,40
./balancer/population/population100real\40\3872.jpg,40
./balancer/population/population100real\40\3933.JPG,40
./balancer/population/population100real\40\3975.jpg,40
./balancer/population/population100real\40\3995.jpg,40
./balancer/population/population100real\40\4038.JPG,40
./balancer/population/population100real\40\4075.JPG,40
./balancer/population/population100real\40\4139.jpg,40
./balancer/population/population100real\40\4144.jpg,40
./balancer/population/population100real\40\4158.jpg,40
./balancer/population/population100real\40\42.jpg,40
./balancer/population/population100real\40\4273.jpg,40
./balancer/population/population100real\40\4382.jpg,40
./balancer/population/population100real\40\4523.jpg,40
./balancer/population/population100real\40\4529.jpg,40
./balancer/population/population100real\40\4534.jpg,40
./balancer/population/population100real\40\4556.jpg,40
./balancer/population/population100real\40\4615.JPG,40
./balancer/population/population100real\40\4625.jpg,40
./balancer/population/population100real\40\468.jpg,40
./balancer/population/population100real\40\4680.jpg,40
./balancer/population/population100real\40\4691.jpg,40
./balancer/population/population100real\40\4702.jpg,40
./balancer/population/population100real\40\4806.jpg,40
./balancer/population/population100real\40\4813.jpg,40
./balancer/population/population100real\40\493.jpg,40
./balancer/population/population100real\40\5024.jpg,40
./balancer/population/population100real\40\5028.jpg,40
./balancer/population/population100real\40\5042.jpg,40
./balancer/population/population100real\40\507.jpg,40
./balancer/population/population100real\40\5082.jpg,40
./balancer/population/population100real\40\5264.jpg,40
./balancer/population/population100real\40\5280.jpg,40
./balancer/population/population100real\40\5422.jpg,40
./balancer/population/population100real\40\5445.jpg,40
./balancer/population/population100real\40\5446.jpg,40
./balancer/population/population100real\40\547.jpg,40
./balancer/population/population100real\40\5475.jpg,40
./balancer/population/population100real\40\5518.jpg,40
./balancer/population/population100real\40\5525.jpg,40
./balancer/population/population100real\40\5534.jpg,40
./balancer/population/population100real\40\5544.jpg,40
./balancer/population/population100real\40\5691.JPG,40
./balancer/population/population100real\40\572.jpg,40
./balancer/population/population100real\40\5853.jpg,40
./balancer/population/population100real\40\5918.jpg,40
./balancer/population/population100real\40\5997.jpg,40
./balancer/population/population100real\40\6028.jpg,40
./balancer/population/population100real\40\6030.jpg,40
./balancer/population/population100real\40\6093.jpg,40
./balancer/population/population100real\40\6110.jpg,40
./balancer/population/population100real\40\6116.JPG,40
./balancer/population/population100real\40\6184.jpg,40
./balancer/population/population100real\40\6218.jpg,40
./balancer/population/population100real\40\6238.jpg,40
./balancer/population/population100real\40\624.jpg,40
./balancer/population/population100real\40\6465.jpg,40
./balancer/population/population100real\40\6492.jpg,40
./balancer/population/population100real\40\6566.jpg,40
./balancer/population/population100real\40\6585.jpg,40
./balancer/population/population100real\40\6610.jpg,40
./balancer/population/population100real\40\6720.JPG,40
./balancer/population/population100real\40\6723.jpg,40
./balancer/population/population100real\40\6807.jpg,40
./balancer/population/population100real\40\6859.jpg,40
./balancer/population/population100real\40\6888.jpg,40
./balancer/population/population100real\40\6923.jpg,40
./balancer/population/population100real\40\6955.jpg,40
./balancer/population/population100real\40\696.jpg,40
./balancer/population/population100real\40\7017.JPG,40
./balancer/population/population100real\40\7081.jpg,40
./balancer/population/population100real\40\7089.jpg,40
./balancer/population/population100real\40\7097.jpg,40
./balancer/population/population100real\40\7109.jpg,40
./balancer/population/population100real\40\7199.jpg,40
./balancer/population/population100real\40\7201.jpg,40
./balancer/population/population100real\40\7242.jpg,40
./balancer/population/population100real\40\7261.jpg,40
./balancer/population/population100real\40\7276.jpg,40
./balancer/population/population100real\40\7325.jpg,40
./balancer/population/population100real\40\7345.jpg,40
./balancer/population/population100real\40\7375.jpg,40
./balancer/population/population100real\40\741.jpg,40
./balancer/population/population100real\40\756.jpg,40
./balancer/population/population100real\40\7579.jpg,40
./balancer/population/population100real\40\7672.jpg,40
./balancer/population/population100real\40\7676.jpg,40
./balancer/population/population100real\40\7719.jpg,40
./balancer/population/population100real\40\7729.jpg,40
./balancer/population/population100real\40\7755.JPG,40
./balancer/population/population100real\40\7761.jpg,40
./balancer/population/population100real\40\7850.jpg,40
./balancer/population/population100real\40\7867.jpg,40
./balancer/population/population100real\40\7872.jpg,40
./balancer/population/population100real\40\7874.JPG,40
./balancer/population/population100real\40\7904.jpg,40
./balancer/population/population100real\40\7910.JPG,40
./balancer/population/population100real\40\7962.jpg,40
./balancer/population/population100real\40\7967.jpg,40
./balancer/population/population100real\40\8032.jpg,40
./balancer/population/population100real\40\8162.jpg,40
./balancer/population/population100real\40\8170.jpg,40
./balancer/population/population100real\40\8255.jpg,40
./balancer/population/population100real\40\8273.jpg,40
./balancer/population/population100real\40\8377.jpg,40
./balancer/population/population100real\40\8414.JPG,40
./balancer/population/population100real\40\844.jpg,40
./balancer/population/population100real\40\8442.jpg,40
./balancer/population/population100real\40\8473.jpg,40
./balancer/population/population100real\40\8540.jpg,40
./balancer/population/population100real\40\855.jpg,40
./balancer/population/population100real\40\8589.jpg,40
./balancer/population/population100real\40\8632.jpg,40
./balancer/population/population100real\40\864.jpg,40
./balancer/population/population100real\40\8662.jpg,40
./balancer/population/population100real\40\8702.jpg,40
./balancer/population/population100real\40\8717.jpg,40
./balancer/population/population100real\40\8787.jpg,40
./balancer/population/population100real\40\8840.jpg,40
./balancer/population/population100real\40\8913.jpg,40
./balancer/population/population100real\40\8935.jpg,40
./balancer/population/population100real\40\9006.jpg,40
./balancer/population/population100real\40\9014.jpg,40
./balancer/population/population100real\40\9038.jpg,40
./balancer/population/population100real\40\908.jpg,40
./balancer/population/population100real\40\9084.jpg,40
./balancer/population/population100real\40\9114.jpg,40
./balancer/population/population100real\40\9131.jpg,40
./balancer/population/population100real\40\9164.JPG,40
./balancer/population/population100real\40\9189.jpg,40
./balancer/population/population100real\40\9241.jpg,40
./balancer/population/population100real\40\9341.jpg,40
./balancer/population/population100real\40\9384.jpg,40
./balancer/population/population100real\40\9445.jpg,40
./balancer/population/population100real\40\9480.jpg,40
./balancer/population/population100real\40\9663.jpg,40
./balancer/population/population100real\40\9667.jpg,40
./balancer/population/population100real\40\9700.jpg,40
./balancer/population/population100real\40\9719.jpg,40
./balancer/population/population100real\40\9779.jpg,40
./balancer/population/population100real\40\9967.jpg,40
./balancer/population/population100real\40\9977.jpg,40
./balancer/population/population100real\41\10003.jpg,41
./balancer/population/population100real\41\10078.jpg,41
./balancer/population/population100real\41\10121.jpg,41
./balancer/population/population100real\41\10124.jpg,41
./balancer/population/population100real\41\10259.jpg,41
./balancer/population/population100real\41\10273.jpg,41
./balancer/population/population100real\41\10283.jpg,41
./balancer/population/population100real\41\10292.jpg,41
./balancer/population/population100real\41\10301.jpg,41
./balancer/population/population100real\41\10328.jpg,41
./balancer/population/population100real\41\10352.jpg,41
./balancer/population/population100real\41\10374.jpg,41
./balancer/population/population100real\41\10448.jpg,41
./balancer/population/population100real\41\1214.jpg,41
./balancer/population/population100real\41\1228.jpg,41
./balancer/population/population100real\41\1285.jpg,41
./balancer/population/population100real\41\1353.JPG,41
./balancer/population/population100real\41\1358.jpg,41
./balancer/population/population100real\41\1424.jpg,41
./balancer/population/population100real\41\1546.jpg,41
./balancer/population/population100real\41\1553.jpg,41
./balancer/population/population100real\41\1621.JPG,41
./balancer/population/population100real\41\1673.jpg,41
./balancer/population/population100real\41\1674.JPG,41
./balancer/population/population100real\41\1715.jpg,41
./balancer/population/population100real\41\1792.jpg,41
./balancer/population/population100real\41\1841.JPG,41
./balancer/population/population100real\41\1857.jpg,41
./balancer/population/population100real\41\1874.jpg,41
./balancer/population/population100real\41\1979.jpg,41
./balancer/population/population100real\41\2068.jpg,41
./balancer/population/population100real\41\2088.JPG,41
./balancer/population/population100real\41\218.jpg,41
./balancer/population/population100real\41\2196.jpg,41
./balancer/population/population100real\41\22.jpg,41
./balancer/population/population100real\41\2207.JPG,41
./balancer/population/population100real\41\2211.jpg,41
./balancer/population/population100real\41\236.jpg,41
./balancer/population/population100real\41\2365.jpg,41
./balancer/population/population100real\41\2506.jpg,41
./balancer/population/population100real\41\2526.jpg,41
./balancer/population/population100real\41\2538.jpg,41
./balancer/population/population100real\41\2549.jpg,41
./balancer/population/population100real\41\2550.jpg,41
./balancer/population/population100real\41\2557.JPG,41
./balancer/population/population100real\41\2602.jpg,41
./balancer/population/population100real\41\2628.jpg,41
./balancer/population/population100real\41\2748.jpg,41
./balancer/population/population100real\41\2785.jpg,41
./balancer/population/population100real\41\2803.jpg,41
./balancer/population/population100real\41\2831.jpg,41
./balancer/population/population100real\41\2837.JPG,41
./balancer/population/population100real\41\2917.jpg,41
./balancer/population/population100real\41\2933.jpg,41
./balancer/population/population100real\41\2950.jpg,41
./balancer/population/population100real\41\302.JPG,41
./balancer/population/population100real\41\3068.jpg,41
./balancer/population/population100real\41\3129.jpg,41
./balancer/population/population100real\41\3182.jpg,41
./balancer/population/population100real\41\3219.jpg,41
./balancer/population/population100real\41\3236.jpg,41
./balancer/population/population100real\41\3246.jpg,41
./balancer/population/population100real\41\3248.jpg,41
./balancer/population/population100real\41\3260.jpg,41
./balancer/population/population100real\41\3442.jpg,41
./balancer/population/population100real\41\3469.jpg,41
./balancer/population/population100real\41\3567.jpg,41
./balancer/population/population100real\41\3575.jpg,41
./balancer/population/population100real\41\3599.jpg,41
./balancer/population/population100real\41\3618.jpg,41
./balancer/population/population100real\41\3662.jpg,41
./balancer/population/population100real\41\3669.jpg,41
./balancer/population/population100real\41\3745.jpg,41
./balancer/population/population100real\41\3754.jpg,41
./balancer/population/population100real\41\3804.jpg,41
./balancer/population/population100real\41\3848.jpg,41
./balancer/population/population100real\41\3865.jpg,41
./balancer/population/population100real\41\3924.jpg,41
./balancer/population/population100real\41\3925.JPG,41
./balancer/population/population100real\41\3939.JPG,41
./balancer/population/population100real\41\3987.jpg,41
./balancer/population/population100real\41\4035.JPG,41
./balancer/population/population100real\41\4040.jpg,41
./balancer/population/population100real\41\405.jpg,41
./balancer/population/population100real\41\4057.jpg,41
./balancer/population/population100real\41\4197.jpg,41
./balancer/population/population100real\41\4237.jpg,41
./balancer/population/population100real\41\4256.jpg,41
./balancer/population/population100real\41\4323.jpg,41
./balancer/population/population100real\41\4344.JPG,41
./balancer/population/population100real\41\4346.jpg,41
./balancer/population/population100real\41\4404.jpg,41
./balancer/population/population100real\41\4439.jpg,41
./balancer/population/population100real\41\4445.jpg,41
./balancer/population/population100real\41\4448.jpg,41
./balancer/population/population100real\41\4566.jpg,41
./balancer/population/population100real\41\4579.jpg,41
./balancer/population/population100real\41\4596.jpg,41
./balancer/population/population100real\41\4620.jpg,41
./balancer/population/population100real\41\4801.jpg,41
./balancer/population/population100real\41\4888.jpg,41
./balancer/population/population100real\41\4910.JPG,41
./balancer/population/population100real\41\4919.jpg,41
./balancer/population/population100real\41\492.jpg,41
./balancer/population/population100real\41\5007.jpg,41
./balancer/population/population100real\41\5028.jpg,41
./balancer/population/population100real\41\5037.jpg,41
./balancer/population/population100real\41\5062.jpg,41
./balancer/population/population100real\41\5292.jpg,41
./balancer/population/population100real\41\5305.jpg,41
./balancer/population/population100real\41\5306.jpg,41
./balancer/population/population100real\41\5409.jpg,41
./balancer/population/population100real\41\5468.JPG,41
./balancer/population/population100real\41\554.jpg,41
./balancer/population/population100real\41\557.jpg,41
./balancer/population/population100real\41\5575.jpg,41
./balancer/population/population100real\41\5724.jpg,41
./balancer/population/population100real\41\5815.jpg,41
./balancer/population/population100real\41\583.JPG,41
./balancer/population/population100real\41\5842.jpg,41
./balancer/population/population100real\41\5858.JPG,41
./balancer/population/population100real\41\5896.jpg,41
./balancer/population/population100real\41\5906.jpg,41
./balancer/population/population100real\41\5925.jpg,41
./balancer/population/population100real\41\5991.JPG,41
./balancer/population/population100real\41\6003.jpg,41
./balancer/population/population100real\41\6028.jpg,41
./balancer/population/population100real\41\6029.jpg,41
./balancer/population/population100real\41\6160.jpg,41
./balancer/population/population100real\41\6175.jpg,41
./balancer/population/population100real\41\6182.jpg,41
./balancer/population/population100real\41\631.jpg,41
./balancer/population/population100real\41\6329.jpg,41
./balancer/population/population100real\41\6356.jpg,41
./balancer/population/population100real\41\6363.jpg,41
./balancer/population/population100real\41\6367.jpg,41
./balancer/population/population100real\41\6387.jpg,41
./balancer/population/population100real\41\6393.jpg,41
./balancer/population/population100real\41\6530.jpg,41
./balancer/population/population100real\41\6565.jpg,41
./balancer/population/population100real\41\6604.JPG,41
./balancer/population/population100real\41\6619.JPG,41
./balancer/population/population100real\41\6642.jpg,41
./balancer/population/population100real\41\6654.jpg,41
./balancer/population/population100real\41\6660.jpg,41
./balancer/population/population100real\41\6678.jpg,41
./balancer/population/population100real\41\6685.jpg,41
./balancer/population/population100real\41\6753.jpg,41
./balancer/population/population100real\41\6785.jpg,41
./balancer/population/population100real\41\6820.jpg,41
./balancer/population/population100real\41\694.jpg,41
./balancer/population/population100real\41\6954.JPG,41
./balancer/population/population100real\41\7051.jpg,41
./balancer/population/population100real\41\7106.jpg,41
./balancer/population/population100real\41\7143.jpg,41
./balancer/population/population100real\41\7252.jpg,41
./balancer/population/population100real\41\7269.jpg,41
./balancer/population/population100real\41\7346.jpg,41
./balancer/population/population100real\41\7365.jpg,41
./balancer/population/population100real\41\7423.jpg,41
./balancer/population/population100real\41\7432.jpg,41
./balancer/population/population100real\41\7481.jpg,41
./balancer/population/population100real\41\7559.jpg,41
./balancer/population/population100real\41\7685.jpg,41
./balancer/population/population100real\41\7686.jpg,41
./balancer/population/population100real\41\778.jpg,41
./balancer/population/population100real\41\7792.jpg,41
./balancer/population/population100real\41\7823.JPG,41
./balancer/population/population100real\41\7886.jpg,41
./balancer/population/population100real\41\7941.jpg,41
./balancer/population/population100real\41\80.jpg,41
./balancer/population/population100real\41\8004.jpg,41
./balancer/population/population100real\41\8005.jpg,41
./balancer/population/population100real\41\802.jpg,41
./balancer/population/population100real\41\804.JPG,41
./balancer/population/population100real\41\8078.jpg,41
./balancer/population/population100real\41\8107.jpg,41
./balancer/population/population100real\41\8116.jpg,41
./balancer/population/population100real\41\8141.jpg,41
./balancer/population/population100real\41\8221.jpg,41
./balancer/population/population100real\41\8246.jpg,41
./balancer/population/population100real\41\8347.jpg,41
./balancer/population/population100real\41\8371.jpg,41
./balancer/population/population100real\41\8402.jpg,41
./balancer/population/population100real\41\8484.jpg,41
./balancer/population/population100real\41\8553.jpg,41
./balancer/population/population100real\41\8554.jpg,41
./balancer/population/population100real\41\8567.jpg,41
./balancer/population/population100real\41\8581.JPG,41
./balancer/population/population100real\41\8596.jpg,41
./balancer/population/population100real\41\8687.jpg,41
./balancer/population/population100real\41\8699.jpg,41
./balancer/population/population100real\41\8809.jpg,41
./balancer/population/population100real\41\8863.jpg,41
./balancer/population/population100real\41\8948.jpg,41
./balancer/population/population100real\41\8960.jpg,41
./balancer/population/population100real\41\8995.jpg,41
./balancer/population/population100real\41\901.JPG,41
./balancer/population/population100real\41\9033.jpg,41
./balancer/population/population100real\41\908.jpg,41
./balancer/population/population100real\41\9119.jpg,41
./balancer/population/population100real\41\9178.jpg,41
./balancer/population/population100real\41\9184.jpg,41
./balancer/population/population100real\41\9198.JPG,41
./balancer/population/population100real\41\9205.jpg,41
./balancer/population/population100real\41\9239.jpg,41
./balancer/population/population100real\41\9265.jpg,41
./balancer/population/population100real\41\9313.jpg,41
./balancer/population/population100real\41\9322.jpg,41
./balancer/population/population100real\41\9341.jpg,41
./balancer/population/population100real\41\939.jpg,41
./balancer/population/population100real\41\9417.jpg,41
./balancer/population/population100real\41\9420.jpg,41
./balancer/population/population100real\41\9434.jpg,41
./balancer/population/population100real\41\9449.jpg,41
./balancer/population/population100real\41\9492.jpg,41
./balancer/population/population100real\41\9568.jpg,41
./balancer/population/population100real\41\9606.jpg,41
./balancer/population/population100real\41\9686.jpg,41
./balancer/population/population100real\41\9715.jpg,41
./balancer/population/population100real\41\9750.jpg,41
./balancer/population/population100real\41\9753.jpg,41
./balancer/population/population100real\41\9756.jpg,41
./balancer/population/population100real\41\9796.jpg,41
./balancer/population/population100real\41\9858.jpg,41
./balancer/population/population100real\41\9859.jpg,41
./balancer/population/population100real\41\986.jpg,41
./balancer/population/population100real\41\9898.jpg,41
./balancer/population/population100real\41\991.JPG,41
./balancer/population/population100real\41\9922.jpg,41
./balancer/population/population100real\41\996.jpg,41
./balancer/population/population100real\42\1003.jpg,42
./balancer/population/population100real\42\1034.jpg,42
./balancer/population/population100real\42\1057.jpg,42
./balancer/population/population100real\42\1188.jpg,42
./balancer/population/population100real\42\1204.jpg,42
./balancer/population/population100real\42\1232.jpg,42
./balancer/population/population100real\42\1238.jpg,42
./balancer/population/population100real\42\1272.jpg,42
./balancer/population/population100real\42\1311.jpg,42
./balancer/population/population100real\42\1337.jpg,42
./balancer/population/population100real\42\136.jpg,42
./balancer/population/population100real\42\138.jpg,42
./balancer/population/population100real\42\1396.jpg,42
./balancer/population/population100real\42\1443.jpg,42
./balancer/population/population100real\42\1454.JPG,42
./balancer/population/population100real\42\1465.jpg,42
./balancer/population/population100real\42\1472.jpg,42
./balancer/population/population100real\42\1518.jpg,42
./balancer/population/population100real\42\1536.jpg,42
./balancer/population/population100real\42\1539.jpg,42
./balancer/population/population100real\42\1601.jpg,42
./balancer/population/population100real\42\1719.JPG,42
./balancer/population/population100real\42\1720.jpg,42
./balancer/population/population100real\42\1787.jpg,42
./balancer/population/population100real\42\185.jpg,42
./balancer/population/population100real\42\1874.jpg,42
./balancer/population/population100real\42\1935.jpg,42
./balancer/population/population100real\42\1936.jpg,42
./balancer/population/population100real\42\1960.jpg,42
./balancer/population/population100real\42\1971.jpg,42
./balancer/population/population100real\42\1996.jpg,42
./balancer/population/population100real\42\2086.jpg,42
./balancer/population/population100real\42\2183.jpg,42
./balancer/population/population100real\42\2233.jpg,42
./balancer/population/population100real\42\2234.jpg,42
./balancer/population/population100real\42\2328.jpg,42
./balancer/population/population100real\42\2384.JPG,42
./balancer/population/population100real\42\2386.jpg,42
./balancer/population/population100real\42\2392.jpg,42
./balancer/population/population100real\42\2422.jpg,42
./balancer/population/population100real\42\2468.jpg,42
./balancer/population/population100real\42\2499.jpg,42
./balancer/population/population100real\42\2539.jpg,42
./balancer/population/population100real\42\2560.jpg,42
./balancer/population/population100real\42\2572.jpg,42
./balancer/population/population100real\42\2627.JPG,42
./balancer/population/population100real\42\2695.JPG,42
./balancer/population/population100real\42\2697.jpg,42
./balancer/population/population100real\42\274.jpg,42
./balancer/population/population100real\42\2794.JPG,42
./balancer/population/population100real\42\2800.jpg,42
./balancer/population/population100real\42\2839.JPG,42
./balancer/population/population100real\42\2861.jpg,42
./balancer/population/population100real\42\2925.jpg,42
./balancer/population/population100real\42\2937.jpg,42
./balancer/population/population100real\42\3004.jpg,42
./balancer/population/population100real\42\3021.jpg,42
./balancer/population/population100real\42\3070.jpg,42
./balancer/population/population100real\42\3125.JPG,42
./balancer/population/population100real\42\3133.jpg,42
./balancer/population/population100real\42\3193.jpg,42
./balancer/population/population100real\42\322.jpg,42
./balancer/population/population100real\42\3256.jpg,42
./balancer/population/population100real\42\3437.jpg,42
./balancer/population/population100real\42\3486.jpg,42
./balancer/population/population100real\42\3492.jpg,42
./balancer/population/population100real\42\3524.jpg,42
./balancer/population/population100real\42\36.jpg,42
./balancer/population/population100real\42\360.jpg,42
./balancer/population/population100real\42\3790.jpg,42
./balancer/population/population100real\42\3831.jpg,42
./balancer/population/population100real\42\3882.jpg,42
./balancer/population/population100real\42\3898.jpg,42
./balancer/population/population100real\42\3900.jpg,42
./balancer/population/population100real\42\3918.jpg,42
./balancer/population/population100real\42\3963.jpg,42
./balancer/population/population100real\42\4004.jpg,42
./balancer/population/population100real\42\404.jpg,42
./balancer/population/population100real\42\4055.jpg,42
./balancer/population/population100real\42\4067.jpg,42
./balancer/population/population100real\42\4080.jpg,42
./balancer/population/population100real\42\4082.jpg,42
./balancer/population/population100real\42\4106.jpg,42
./balancer/population/population100real\42\4118.jpg,42
./balancer/population/population100real\42\4160.jpg,42
./balancer/population/population100real\42\4167.JPG,42
./balancer/population/population100real\42\4176.jpg,42
./balancer/population/population100real\42\4180.jpg,42
./balancer/population/population100real\42\4195.jpg,42
./balancer/population/population100real\42\4279.jpg,42
./balancer/population/population100real\42\4282.JPG,42
./balancer/population/population100real\42\4295.jpg,42
./balancer/population/population100real\42\4296.jpg,42
./balancer/population/population100real\42\4309.jpg,42
./balancer/population/population100real\42\4449.jpg,42
./balancer/population/population100real\42\4517.jpg,42
./balancer/population/population100real\42\4603.jpg,42
./balancer/population/population100real\42\4685.jpg,42
./balancer/population/population100real\42\4737.jpg,42
./balancer/population/population100real\42\4898.jpg,42
./balancer/population/population100real\42\494.jpg,42
./balancer/population/population100real\42\4988.jpg,42
./balancer/population/population100real\42\499.JPG,42
./balancer/population/population100real\42\50.jpg,42
./balancer/population/population100real\42\5017.jpg,42
./balancer/population/population100real\42\509.jpg,42
./balancer/population/population100real\42\5096.jpg,42
./balancer/population/population100real\42\5262.jpg,42
./balancer/population/population100real\42\5274.jpg,42
./balancer/population/population100real\42\5279.jpg,42
./balancer/population/population100real\42\5377.jpg,42
./balancer/population/population100real\42\5378.jpg,42
./balancer/population/population100real\42\5388.JPG,42
./balancer/population/population100real\42\5391.jpg,42
./balancer/population/population100real\42\5403.jpg,42
./balancer/population/population100real\42\5469.jpg,42
./balancer/population/population100real\42\5513.jpg,42
./balancer/population/population100real\42\5515.jpg,42
./balancer/population/population100real\42\5535.jpg,42
./balancer/population/population100real\42\5541.JPG,42
./balancer/population/population100real\42\5568.jpg,42
./balancer/population/population100real\42\5569.JPG,42
./balancer/population/population100real\42\5629.jpg,42
./balancer/population/population100real\42\5638.jpg,42
./balancer/population/population100real\42\5691.jpg,42
./balancer/population/population100real\42\5696.jpg,42
./balancer/population/population100real\42\5713.JPG,42
./balancer/population/population100real\42\5725.JPG,42
./balancer/population/population100real\42\578.JPG,42
./balancer/population/population100real\42\584.jpg,42
./balancer/population/population100real\42\5863.jpg,42
./balancer/population/population100real\42\5884.jpg,42
./balancer/population/population100real\42\5919.JPG,42
./balancer/population/population100real\42\6012.jpg,42
./balancer/population/population100real\42\6082.jpg,42
./balancer/population/population100real\42\6085.jpg,42
./balancer/population/population100real\42\6100.jpg,42
./balancer/population/population100real\42\6122.jpg,42
./balancer/population/population100real\42\6135.jpg,42
./balancer/population/population100real\42\6146.jpg,42
./balancer/population/population100real\42\6178.jpg,42
./balancer/population/population100real\42\6182.jpg,42
./balancer/population/population100real\42\6183.jpg,42
./balancer/population/population100real\42\6201.jpg,42
./balancer/population/population100real\42\624.jpg,42
./balancer/population/population100real\42\630.jpg,42
./balancer/population/population100real\42\634.jpg,42
./balancer/population/population100real\42\6421.jpg,42
./balancer/population/population100real\42\6433.jpg,42
./balancer/population/population100real\42\6502.jpg,42
./balancer/population/population100real\42\6542.jpg,42
./balancer/population/population100real\42\6561.jpg,42
./balancer/population/population100real\42\6688.jpg,42
./balancer/population/population100real\42\6767.jpg,42
./balancer/population/population100real\42\6779.jpg,42
./balancer/population/population100real\42\6783.jpg,42
./balancer/population/population100real\42\6808.JPG,42
./balancer/population/population100real\42\6886.jpg,42
./balancer/population/population100real\42\6896.jpg,42
./balancer/population/population100real\42\694.jpg,42
./balancer/population/population100real\42\6981.jpg,42
./balancer/population/population100real\42\6987.jpg,42
./balancer/population/population100real\42\7014.jpg,42
./balancer/population/population100real\42\704.jpg,42
./balancer/population/population100real\42\7158.jpg,42
./balancer/population/population100real\42\7287.jpg,42
./balancer/population/population100real\42\7297.jpg,42
./balancer/population/population100real\42\731.JPG,42
./balancer/population/population100real\42\7311.JPG,42
./balancer/population/population100real\42\7335.jpg,42
./balancer/population/population100real\42\7415.JPG,42
./balancer/population/population100real\42\7427.JPG,42
./balancer/population/population100real\42\7438.jpg,42
./balancer/population/population100real\42\7440.jpg,42
./balancer/population/population100real\42\7481.jpg,42
./balancer/population/population100real\42\750.jpg,42
./balancer/population/population100real\42\7515.jpg,42
./balancer/population/population100real\42\7532.jpg,42
./balancer/population/population100real\42\7552.jpg,42
./balancer/population/population100real\42\7589.JPG,42
./balancer/population/population100real\42\7638.jpg,42
./balancer/population/population100real\42\7645.JPG,42
./balancer/population/population100real\42\7710.jpg,42
./balancer/population/population100real\42\7807.jpg,42
./balancer/population/population100real\42\7818.jpg,42
./balancer/population/population100real\42\783.jpg,42
./balancer/population/population100real\42\7916.JPG,42
./balancer/population/population100real\42\7998.jpg,42
./balancer/population/population100real\42\8072.jpg,42
./balancer/population/population100real\42\8073.jpg,42
./balancer/population/population100real\42\814.jpg,42
./balancer/population/population100real\42\819.jpg,42
./balancer/population/population100real\42\8204.JPG,42
./balancer/population/population100real\42\8233.jpg,42
./balancer/population/population100real\42\8244.jpg,42
./balancer/population/population100real\42\826.jpg,42
./balancer/population/population100real\42\8290.jpg,42
./balancer/population/population100real\42\8303.jpg,42
./balancer/population/population100real\42\8312.jpg,42
./balancer/population/population100real\42\8367.jpg,42
./balancer/population/population100real\42\8461.jpg,42
./balancer/population/population100real\42\8525.JPG,42
./balancer/population/population100real\42\8704.jpg,42
./balancer/population/population100real\42\8799.jpg,42
./balancer/population/population100real\42\8810.jpg,42
./balancer/population/population100real\42\8814.jpg,42
./balancer/population/population100real\42\885.jpg,42
./balancer/population/population100real\42\8887.jpg,42
./balancer/population/population100real\42\89.jpg,42
./balancer/population/population100real\42\8955.jpg,42
./balancer/population/population100real\42\9072.jpg,42
./balancer/population/population100real\42\9144.jpg,42
./balancer/population/population100real\42\9187.jpg,42
./balancer/population/population100real\42\9207.jpg,42
./balancer/population/population100real\42\9240.jpg,42
./balancer/population/population100real\42\9257.jpg,42
./balancer/population/population100real\42\9318.jpg,42
./balancer/population/population100real\42\9342.JPG,42
./balancer/population/population100real\42\9360.jpg,42
./balancer/population/population100real\42\9383.jpg,42
./balancer/population/population100real\42\9406.jpg,42
./balancer/population/population100real\42\9421.jpg,42
./balancer/population/population100real\42\9487.jpg,42
./balancer/population/population100real\42\9579.jpg,42
./balancer/population/population100real\42\9581.jpg,42
./balancer/population/population100real\42\9681.jpg,42
./balancer/population/population100real\42\9689.jpg,42
./balancer/population/population100real\42\9841.jpg,42
./balancer/population/population100real\42\99.jpg,42
./balancer/population/population100real\42\9958.jpg,42
./balancer/population/population100real\43\1003.jpg,43
./balancer/population/population100real\43\1020.jpg,43
./balancer/population/population100real\43\1025.JPG,43
./balancer/population/population100real\43\1047.jpg,43
./balancer/population/population100real\43\1054.JPG,43
./balancer/population/population100real\43\1092.jpg,43
./balancer/population/population100real\43\1122.jpg,43
./balancer/population/population100real\43\1223.jpg,43
./balancer/population/population100real\43\1231.jpg,43
./balancer/population/population100real\43\125.jpg,43
./balancer/population/population100real\43\1272.jpg,43
./balancer/population/population100real\43\1298.jpg,43
./balancer/population/population100real\43\1356.jpg,43
./balancer/population/population100real\43\1378.jpg,43
./balancer/population/population100real\43\1462.jpg,43
./balancer/population/population100real\43\1470.jpg,43
./balancer/population/population100real\43\1498.jpg,43
./balancer/population/population100real\43\1570.jpg,43
./balancer/population/population100real\43\1578.jpg,43
./balancer/population/population100real\43\1579.jpg,43
./balancer/population/population100real\43\1620.jpg,43
./balancer/population/population100real\43\1709.jpg,43
./balancer/population/population100real\43\1759.jpg,43
./balancer/population/population100real\43\1778.jpg,43
./balancer/population/population100real\43\1895.jpg,43
./balancer/population/population100real\43\1904.jpg,43
./balancer/population/population100real\43\1938.jpg,43
./balancer/population/population100real\43\1964.jpg,43
./balancer/population/population100real\43\1969.JPG,43
./balancer/population/population100real\43\1997.jpg,43
./balancer/population/population100real\43\209.jpg,43
./balancer/population/population100real\43\2139.jpg,43
./balancer/population/population100real\43\2155.jpg,43
./balancer/population/population100real\43\2168.jpg,43
./balancer/population/population100real\43\2169.jpg,43
./balancer/population/population100real\43\2190.jpg,43
./balancer/population/population100real\43\2212.JPG,43
./balancer/population/population100real\43\2252.jpg,43
./balancer/population/population100real\43\230.jpg,43
./balancer/population/population100real\43\240.jpg,43
./balancer/population/population100real\43\2427.jpg,43
./balancer/population/population100real\43\255.jpg,43
./balancer/population/population100real\43\2572.jpg,43
./balancer/population/population100real\43\2658.jpg,43
./balancer/population/population100real\43\268.jpg,43
./balancer/population/population100real\43\2785.jpg,43
./balancer/population/population100real\43\2808.jpg,43
./balancer/population/population100real\43\2839.jpg,43
./balancer/population/population100real\43\2862.jpg,43
./balancer/population/population100real\43\2876.JPG,43
./balancer/population/population100real\43\2916.jpg,43
./balancer/population/population100real\43\2925.jpg,43
./balancer/population/population100real\43\3023.jpg,43
./balancer/population/population100real\43\3071.jpg,43
./balancer/population/population100real\43\3103.jpg,43
./balancer/population/population100real\43\3257.jpg,43
./balancer/population/population100real\43\3353.jpg,43
./balancer/population/population100real\43\3356.jpg,43
./balancer/population/population100real\43\338.jpg,43
./balancer/population/population100real\43\3417.jpg,43
./balancer/population/population100real\43\3501.jpg,43
./balancer/population/population100real\43\3548.jpg,43
./balancer/population/population100real\43\3552.JPG,43
./balancer/population/population100real\43\3637.jpg,43
./balancer/population/population100real\43\3682.jpg,43
./balancer/population/population100real\43\372.jpg,43
./balancer/population/population100real\43\3790.jpg,43
./balancer/population/population100real\43\3797.jpg,43
./balancer/population/population100real\43\3807.jpg,43
./balancer/population/population100real\43\3913.jpg,43
./balancer/population/population100real\43\3933.jpg,43
./balancer/population/population100real\43\396.jpg,43
./balancer/population/population100real\43\3995.jpg,43
./balancer/population/population100real\43\4015.jpg,43
./balancer/population/population100real\43\4030.JPG,43
./balancer/population/population100real\43\4051.jpg,43
./balancer/population/population100real\43\4094.JPG,43
./balancer/population/population100real\43\4155.jpg,43
./balancer/population/population100real\43\4183.jpg,43
./balancer/population/population100real\43\4219.jpg,43
./balancer/population/population100real\43\4225.jpg,43
./balancer/population/population100real\43\4238.jpg,43
./balancer/population/population100real\43\4251.jpg,43
./balancer/population/population100real\43\4312.jpg,43
./balancer/population/population100real\43\4372.jpg,43
./balancer/population/population100real\43\4395.jpg,43
./balancer/population/population100real\43\4400.JPG,43
./balancer/population/population100real\43\4426.jpg,43
./balancer/population/population100real\43\4467.JPG,43
./balancer/population/population100real\43\4527.JPG,43
./balancer/population/population100real\43\4550.jpg,43
./balancer/population/population100real\43\4579.jpg,43
./balancer/population/population100real\43\4583.jpg,43
./balancer/population/population100real\43\4634.JPG,43
./balancer/population/population100real\43\4665.jpg,43
./balancer/population/population100real\43\4670.jpg,43
./balancer/population/population100real\43\4672.jpg,43
./balancer/population/population100real\43\4708.jpg,43
./balancer/population/population100real\43\4791.JPG,43
./balancer/population/population100real\43\4800.jpg,43
./balancer/population/population100real\43\4803.jpg,43
./balancer/population/population100real\43\4811.jpg,43
./balancer/population/population100real\43\4860.jpg,43
./balancer/population/population100real\43\4931.jpg,43
./balancer/population/population100real\43\4936.jpg,43
./balancer/population/population100real\43\4951.JPG,43
./balancer/population/population100real\43\5004.jpg,43
./balancer/population/population100real\43\5089.jpg,43
./balancer/population/population100real\43\5092.jpg,43
./balancer/population/population100real\43\5093.jpg,43
./balancer/population/population100real\43\511.jpg,43
./balancer/population/population100real\43\5163.jpg,43
./balancer/population/population100real\43\5180.JPG,43
./balancer/population/population100real\43\5197.jpg,43
./balancer/population/population100real\43\5236.jpg,43
./balancer/population/population100real\43\5256.jpg,43
./balancer/population/population100real\43\5284.JPG,43
./balancer/population/population100real\43\5285.jpg,43
./balancer/population/population100real\43\5316.jpg,43
./balancer/population/population100real\43\5345.jpg,43
./balancer/population/population100real\43\5363.jpg,43
./balancer/population/population100real\43\5380.jpg,43
./balancer/population/population100real\43\5400.JPG,43
./balancer/population/population100real\43\5421.JPG,43
./balancer/population/population100real\43\5435.jpg,43
./balancer/population/population100real\43\5471.jpg,43
./balancer/population/population100real\43\5484.jpg,43
./balancer/population/population100real\43\5488.jpg,43
./balancer/population/population100real\43\5533.jpg,43
./balancer/population/population100real\43\5541.jpg,43
./balancer/population/population100real\43\5547.JPG,43
./balancer/population/population100real\43\5564.jpg,43
./balancer/population/population100real\43\5608.jpg,43
./balancer/population/population100real\43\5631.jpg,43
./balancer/population/population100real\43\5644.jpg,43
./balancer/population/population100real\43\5797.jpg,43
./balancer/population/population100real\43\5801.jpg,43
./balancer/population/population100real\43\5894.JPG,43
./balancer/population/population100real\43\5914.jpg,43
./balancer/population/population100real\43\5942.jpg,43
./balancer/population/population100real\43\5954.jpg,43
./balancer/population/population100real\43\6036.jpg,43
./balancer/population/population100real\43\6045.JPG,43
./balancer/population/population100real\43\6112.jpg,43
./balancer/population/population100real\43\6285.jpg,43
./balancer/population/population100real\43\6287.jpg,43
./balancer/population/population100real\43\6330.jpg,43
./balancer/population/population100real\43\6335.jpg,43
./balancer/population/population100real\43\635.jpg,43
./balancer/population/population100real\43\6376.JPG,43
./balancer/population/population100real\43\640.jpg,43
./balancer/population/population100real\43\6426.JPG,43
./balancer/population/population100real\43\6494.jpg,43
./balancer/population/population100real\43\6531.JPG,43
./balancer/population/population100real\43\6579.JPG,43
./balancer/population/population100real\43\6607.jpg,43
./balancer/population/population100real\43\6643.jpg,43
./balancer/population/population100real\43\6680.jpg,43
./balancer/population/population100real\43\6700.jpg,43
./balancer/population/population100real\43\6767.jpg,43
./balancer/population/population100real\43\6867.JPG,43
./balancer/population/population100real\43\6871.jpg,43
./balancer/population/population100real\43\689.jpg,43
./balancer/population/population100real\43\6920.jpg,43
./balancer/population/population100real\43\6948.jpg,43
./balancer/population/population100real\43\6958.jpg,43
./balancer/population/population100real\43\7033.jpg,43
./balancer/population/population100real\43\7127.jpg,43
./balancer/population/population100real\43\7145.jpg,43
./balancer/population/population100real\43\7147.JPG,43
./balancer/population/population100real\43\7156.jpg,43
./balancer/population/population100real\43\7228.jpg,43
./balancer/population/population100real\43\7247.jpg,43
./balancer/population/population100real\43\7262.jpg,43
./balancer/population/population100real\43\7285.jpg,43
./balancer/population/population100real\43\7289.JPG,43
./balancer/population/population100real\43\7298.jpg,43
./balancer/population/population100real\43\7304.jpg,43
./balancer/population/population100real\43\742.jpg,43
./balancer/population/population100real\43\7424.jpg,43
./balancer/population/population100real\43\7439.JPG,43
./balancer/population/population100real\43\7454.jpg,43
./balancer/population/population100real\43\7658.jpg,43
./balancer/population/population100real\43\7681.jpg,43
./balancer/population/population100real\43\770.jpg,43
./balancer/population/population100real\43\7715.jpg,43
./balancer/population/population100real\43\772.jpg,43
./balancer/population/population100real\43\7778.jpg,43
./balancer/population/population100real\43\7782.jpg,43
./balancer/population/population100real\43\7811.JPG,43
./balancer/population/population100real\43\7831.jpg,43
./balancer/population/population100real\43\7838.jpg,43
./balancer/population/population100real\43\7858.jpg,43
./balancer/population/population100real\43\7878.jpg,43
./balancer/population/population100real\43\7906.jpg,43
./balancer/population/population100real\43\7907.jpg,43
./balancer/population/population100real\43\7909.jpg,43
./balancer/population/population100real\43\7910.jpg,43
./balancer/population/population100real\43\7913.jpg,43
./balancer/population/population100real\43\7948.JPG,43
./balancer/population/population100real\43\7981.jpg,43
./balancer/population/population100real\43\8050.jpg,43
./balancer/population/population100real\43\8128.jpg,43
./balancer/population/population100real\43\814.JPG,43
./balancer/population/population100real\43\8202.jpg,43
./balancer/population/population100real\43\824.jpg,43
./balancer/population/population100real\43\8265.jpg,43
./balancer/population/population100real\43\8306.jpg,43
./balancer/population/population100real\43\8307.jpg,43
./balancer/population/population100real\43\833.jpg,43
./balancer/population/population100real\43\8356.jpg,43
./balancer/population/population100real\43\8373.jpg,43
./balancer/population/population100real\43\8431.jpg,43
./balancer/population/population100real\43\8437.jpg,43
./balancer/population/population100real\43\844.JPG,43
./balancer/population/population100real\43\8440.jpg,43
./balancer/population/population100real\43\8507.jpg,43
./balancer/population/population100real\43\8522.jpg,43
./balancer/population/population100real\43\8571.jpg,43
./balancer/population/population100real\43\8766.JPG,43
./balancer/population/population100real\43\8797.jpg,43
./balancer/population/population100real\43\8801.jpg,43
./balancer/population/population100real\43\8813.jpg,43
./balancer/population/population100real\43\8818.jpg,43
./balancer/population/population100real\43\929.jpg,43
./balancer/population/population100real\43\956.jpg,43
./balancer/population/population100real\43\97.jpg,43
./balancer/population/population100real\44\1021.jpg,44
./balancer/population/population100real\44\1045.jpg,44
./balancer/population/population100real\44\1059.jpg,44
./balancer/population/population100real\44\1076.jpg,44
./balancer/population/population100real\44\1092.jpg,44
./balancer/population/population100real\44\1108.jpg,44
./balancer/population/population100real\44\1120.jpg,44
./balancer/population/population100real\44\1132.jpg,44
./balancer/population/population100real\44\1148.jpg,44
./balancer/population/population100real\44\1193.jpg,44
./balancer/population/population100real\44\121.jpg,44
./balancer/population/population100real\44\1315.jpg,44
./balancer/population/population100real\44\1344.jpg,44
./balancer/population/population100real\44\1360.JPG,44
./balancer/population/population100real\44\1417.jpg,44
./balancer/population/population100real\44\1459.jpg,44
./balancer/population/population100real\44\1464.jpg,44
./balancer/population/population100real\44\1518.jpg,44
./balancer/population/population100real\44\152.jpg,44
./balancer/population/population100real\44\1546.jpg,44
./balancer/population/population100real\44\1572.jpg,44
./balancer/population/population100real\44\16.jpg,44
./balancer/population/population100real\44\1642.jpg,44
./balancer/population/population100real\44\1644.jpg,44
./balancer/population/population100real\44\1706.jpg,44
./balancer/population/population100real\44\1753.jpg,44
./balancer/population/population100real\44\1823.jpg,44
./balancer/population/population100real\44\1849.jpg,44
./balancer/population/population100real\44\186.jpg,44
./balancer/population/population100real\44\1888.jpg,44
./balancer/population/population100real\44\1894.jpg,44
./balancer/population/population100real\44\190.jpg,44
./balancer/population/population100real\44\1958.JPG,44
./balancer/population/population100real\44\1969.jpg,44
./balancer/population/population100real\44\1976.jpg,44
./balancer/population/population100real\44\2002.jpg,44
./balancer/population/population100real\44\2012.JPG,44
./balancer/population/population100real\44\2031.JPG,44
./balancer/population/population100real\44\2036.jpg,44
./balancer/population/population100real\44\2065.jpg,44
./balancer/population/population100real\44\2129.jpg,44
./balancer/population/population100real\44\2163.jpg,44
./balancer/population/population100real\44\2191.jpg,44
./balancer/population/population100real\44\2196.jpg,44
./balancer/population/population100real\44\2260.jpg,44
./balancer/population/population100real\44\2269.jpg,44
./balancer/population/population100real\44\2273.JPG,44
./balancer/population/population100real\44\2280.jpg,44
./balancer/population/population100real\44\2334.jpg,44
./balancer/population/population100real\44\2355.JPG,44
./balancer/population/population100real\44\2357.jpg,44
./balancer/population/population100real\44\2359.jpg,44
./balancer/population/population100real\44\2392.jpg,44
./balancer/population/population100real\44\2403.jpg,44
./balancer/population/population100real\44\2491.jpg,44
./balancer/population/population100real\44\2517.jpg,44
./balancer/population/population100real\44\2537.jpg,44
./balancer/population/population100real\44\2582.jpg,44
./balancer/population/population100real\44\2584.JPG,44
./balancer/population/population100real\44\2608.jpg,44
./balancer/population/population100real\44\2663.jpg,44
./balancer/population/population100real\44\2679.jpg,44
./balancer/population/population100real\44\2751.jpg,44
./balancer/population/population100real\44\2796.jpg,44
./balancer/population/population100real\44\2927.jpg,44
./balancer/population/population100real\44\2970.jpg,44
./balancer/population/population100real\44\2985.JPG,44
./balancer/population/population100real\44\3067.jpg,44
./balancer/population/population100real\44\3077.jpg,44
./balancer/population/population100real\44\3080.jpg,44
./balancer/population/population100real\44\3125.jpg,44
./balancer/population/population100real\44\3153.jpg,44
./balancer/population/population100real\44\3207.jpg,44
./balancer/population/population100real\44\3217.jpg,44
./balancer/population/population100real\44\322.jpg,44
./balancer/population/population100real\44\3241.jpg,44
./balancer/population/population100real\44\3242.jpg,44
./balancer/population/population100real\44\3245.jpg,44
./balancer/population/population100real\44\3350.jpg,44
./balancer/population/population100real\44\3387.jpg,44
./balancer/population/population100real\44\3433.JPG,44
./balancer/population/population100real\44\345.JPG,44
./balancer/population/population100real\44\3469.jpg,44
./balancer/population/population100real\44\3475.jpg,44
./balancer/population/population100real\44\3477.jpg,44
./balancer/population/population100real\44\3577.JPG,44
./balancer/population/population100real\44\3578.jpg,44
./balancer/population/population100real\44\3615.jpg,44
./balancer/population/population100real\44\3633.jpg,44
./balancer/population/population100real\44\368.jpg,44
./balancer/population/population100real\44\3700.jpg,44
./balancer/population/population100real\44\3706.jpg,44
./balancer/population/population100real\44\3798.jpg,44
./balancer/population/population100real\44\387.JPG,44
./balancer/population/population100real\44\3926.jpg,44
./balancer/population/population100real\44\3978.jpg,44
./balancer/population/population100real\44\3994.jpg,44
./balancer/population/population100real\44\4048.jpg,44
./balancer/population/population100real\44\4071.jpg,44
./balancer/population/population100real\44\4110.jpg,44
./balancer/population/population100real\44\415.jpg,44
./balancer/population/population100real\44\4151.jpg,44
./balancer/population/population100real\44\4209.jpg,44
./balancer/population/population100real\44\4242.jpg,44
./balancer/population/population100real\44\4256.jpg,44
./balancer/population/population100real\44\4450.JPG,44
./balancer/population/population100real\44\4479.jpg,44
./balancer/population/population100real\44\4522.jpg,44
./balancer/population/population100real\44\4534.jpg,44
./balancer/population/population100real\44\4558.jpg,44
./balancer/population/population100real\44\4564.jpg,44
./balancer/population/population100real\44\4651.jpg,44
./balancer/population/population100real\44\4680.jpg,44
./balancer/population/population100real\44\4841.jpg,44
./balancer/population/population100real\44\4913.jpg,44
./balancer/population/population100real\44\4986.JPG,44
./balancer/population/population100real\44\4994.JPG,44
./balancer/population/population100real\44\5056.JPG,44
./balancer/population/population100real\44\5138.jpg,44
./balancer/population/population100real\44\5151.jpg,44
./balancer/population/population100real\44\5165.jpg,44
./balancer/population/population100real\44\5176.jpg,44
./balancer/population/population100real\44\5260.jpg,44
./balancer/population/population100real\44\5328.jpg,44
./balancer/population/population100real\44\5354.jpg,44
./balancer/population/population100real\44\5396.jpg,44
./balancer/population/population100real\44\5509.jpg,44
./balancer/population/population100real\44\5514.jpg,44
./balancer/population/population100real\44\5566.jpg,44
./balancer/population/population100real\44\5579.jpg,44
./balancer/population/population100real\44\5591.jpg,44
./balancer/population/population100real\44\5618.jpg,44
./balancer/population/population100real\44\5630.jpg,44
./balancer/population/population100real\44\5653.JPG,44
./balancer/population/population100real\44\5731.jpg,44
./balancer/population/population100real\44\5757.jpg,44
./balancer/population/population100real\44\5805.jpg,44
./balancer/population/population100real\44\5823.jpg,44
./balancer/population/population100real\44\588.jpg,44
./balancer/population/population100real\44\6006.jpg,44
./balancer/population/population100real\44\603.jpg,44
./balancer/population/population100real\44\6063.jpg,44
./balancer/population/population100real\44\6087.jpg,44
./balancer/population/population100real\44\6188.jpg,44
./balancer/population/population100real\44\6243.JPG,44
./balancer/population/population100real\44\6303.jpg,44
./balancer/population/population100real\44\6305.jpg,44
./balancer/population/population100real\44\6353.jpg,44
./balancer/population/population100real\44\6386.jpg,44
./balancer/population/population100real\44\6400.jpg,44
./balancer/population/population100real\44\6402.jpg,44
./balancer/population/population100real\44\6404.jpg,44
./balancer/population/population100real\44\6470.jpg,44
./balancer/population/population100real\44\6498.jpg,44
./balancer/population/population100real\44\6504.jpg,44
./balancer/population/population100real\44\6541.jpg,44
./balancer/population/population100real\44\6555.jpg,44
./balancer/population/population100real\44\6611.JPG,44
./balancer/population/population100real\44\665.jpg,44
./balancer/population/population100real\44\6672.jpg,44
./balancer/population/population100real\44\6768.jpg,44
./balancer/population/population100real\44\6787.jpg,44
./balancer/population/population100real\44\6814.jpg,44
./balancer/population/population100real\44\6830.jpg,44
./balancer/population/population100real\44\6898.jpg,44
./balancer/population/population100real\44\693.JPG,44
./balancer/population/population100real\44\6976.jpg,44
./balancer/population/population100real\44\707.jpg,44
./balancer/population/population100real\44\7172.jpg,44
./balancer/population/population100real\44\7300.jpg,44
./balancer/population/population100real\44\7312.jpg,44
./balancer/population/population100real\44\7357.jpg,44
./balancer/population/population100real\44\7404.jpg,44
./balancer/population/population100real\44\7409.jpg,44
./balancer/population/population100real\44\7410.jpg,44
./balancer/population/population100real\44\7424.jpg,44
./balancer/population/population100real\44\7425.jpg,44
./balancer/population/population100real\44\7444.jpg,44
./balancer/population/population100real\44\7488.jpg,44
./balancer/population/population100real\44\7560.jpg,44
./balancer/population/population100real\44\7596.jpg,44
./balancer/population/population100real\44\7615.jpg,44
./balancer/population/population100real\44\7714.jpg,44
./balancer/population/population100real\44\7725.jpg,44
./balancer/population/population100real\44\7810.jpg,44
./balancer/population/population100real\44\7833.jpg,44
./balancer/population/population100real\44\7843.jpg,44
./balancer/population/population100real\44\7881.JPG,44
./balancer/population/population100real\44\7920.jpg,44
./balancer/population/population100real\44\7926.jpg,44
./balancer/population/population100real\44\7962.jpg,44
./balancer/population/population100real\44\7970.jpg,44
./balancer/population/population100real\44\7971.JPG,44
./balancer/population/population100real\44\7999.jpg,44
./balancer/population/population100real\44\8107.JPG,44
./balancer/population/population100real\44\8136.JPG,44
./balancer/population/population100real\44\821.JPG,44
./balancer/population/population100real\44\8214.jpg,44
./balancer/population/population100real\44\8224.jpg,44
./balancer/population/population100real\44\8282.jpg,44
./balancer/population/population100real\44\8289.jpg,44
./balancer/population/population100real\44\8302.jpg,44
./balancer/population/population100real\44\8340.jpg,44
./balancer/population/population100real\44\8408.jpg,44
./balancer/population/population100real\44\8466.jpg,44
./balancer/population/population100real\44\8493.jpg,44
./balancer/population/population100real\44\8503.jpg,44
./balancer/population/population100real\44\8528.jpg,44
./balancer/population/population100real\44\8624.jpg,44
./balancer/population/population100real\44\8652.jpg,44
./balancer/population/population100real\44\8662.jpg,44
./balancer/population/population100real\44\869.jpg,44
./balancer/population/population100real\44\8704.jpg,44
./balancer/population/population100real\44\8706.jpg,44
./balancer/population/population100real\44\8709.jpg,44
./balancer/population/population100real\44\8718.jpg,44
./balancer/population/population100real\44\8756.jpg,44
./balancer/population/population100real\44\8832.jpg,44
./balancer/population/population100real\44\8843.jpg,44
./balancer/population/population100real\44\8863.jpg,44
./balancer/population/population100real\44\8874.jpg,44
./balancer/population/population100real\44\8885.jpg,44
./balancer/population/population100real\44\8960.jpg,44
./balancer/population/population100real\44\919.jpg,44
./balancer/population/population100real\44\993.jpg,44
./balancer/population/population100real\45\1005.jpg,45
./balancer/population/population100real\45\1044.jpg,45
./balancer/population/population100real\45\1076.jpg,45
./balancer/population/population100real\45\1084.jpg,45
./balancer/population/population100real\45\1292.jpg,45
./balancer/population/population100real\45\1384.jpg,45
./balancer/population/population100real\45\1403.jpg,45
./balancer/population/population100real\45\1422.jpg,45
./balancer/population/population100real\45\1471.jpg,45
./balancer/population/population100real\45\1495.jpg,45
./balancer/population/population100real\45\1518.jpg,45
./balancer/population/population100real\45\158.jpg,45
./balancer/population/population100real\45\1656.jpg,45
./balancer/population/population100real\45\1664.jpg,45
./balancer/population/population100real\45\1772.jpg,45
./balancer/population/population100real\45\1800.jpg,45
./balancer/population/population100real\45\1803.JPG,45
./balancer/population/population100real\45\1859.JPG,45
./balancer/population/population100real\45\1882.jpg,45
./balancer/population/population100real\45\1897.jpg,45
./balancer/population/population100real\45\1908.JPG,45
./balancer/population/population100real\45\1915.jpg,45
./balancer/population/population100real\45\1942.jpg,45
./balancer/population/population100real\45\1962.JPG,45
./balancer/population/population100real\45\1989.jpg,45
./balancer/population/population100real\45\2075.jpg,45
./balancer/population/population100real\45\2139.JPG,45
./balancer/population/population100real\45\2156.JPG,45
./balancer/population/population100real\45\2213.jpg,45
./balancer/population/population100real\45\2232.jpg,45
./balancer/population/population100real\45\2249.jpg,45
./balancer/population/population100real\45\2430.jpg,45
./balancer/population/population100real\45\2441.jpg,45
./balancer/population/population100real\45\248.jpg,45
./balancer/population/population100real\45\2538.jpg,45
./balancer/population/population100real\45\2548.jpg,45
./balancer/population/population100real\45\260.jpg,45
./balancer/population/population100real\45\262.jpg,45
./balancer/population/population100real\45\2652.jpg,45
./balancer/population/population100real\45\2666.jpg,45
./balancer/population/population100real\45\2673.jpg,45
./balancer/population/population100real\45\2721.jpg,45
./balancer/population/population100real\45\2736.JPG,45
./balancer/population/population100real\45\276.jpg,45
./balancer/population/population100real\45\2763.jpg,45
./balancer/population/population100real\45\2799.jpg,45
./balancer/population/population100real\45\2806.jpg,45
./balancer/population/population100real\45\2812.jpg,45
./balancer/population/population100real\45\2913.JPG,45
./balancer/population/population100real\45\2932.jpg,45
./balancer/population/population100real\45\2985.jpg,45
./balancer/population/population100real\45\2990.jpg,45
./balancer/population/population100real\45\3059.jpg,45
./balancer/population/population100real\45\308.jpg,45
./balancer/population/population100real\45\3082.jpg,45
./balancer/population/population100real\45\3094.jpg,45
./balancer/population/population100real\45\3139.jpg,45
./balancer/population/population100real\45\3177.jpg,45
./balancer/population/population100real\45\3197.jpg,45
./balancer/population/population100real\45\3217.jpg,45
./balancer/population/population100real\45\3252.jpg,45
./balancer/population/population100real\45\3295.jpg,45
./balancer/population/population100real\45\3336.jpg,45
./balancer/population/population100real\45\3386.JPG,45
./balancer/population/population100real\45\3401.jpg,45
./balancer/population/population100real\45\3406.JPG,45
./balancer/population/population100real\45\3417.jpg,45
./balancer/population/population100real\45\3467.jpg,45
./balancer/population/population100real\45\3525.jpg,45
./balancer/population/population100real\45\3569.jpg,45
./balancer/population/population100real\45\3610.jpg,45
./balancer/population/population100real\45\3632.jpg,45
./balancer/population/population100real\45\3655.jpg,45
./balancer/population/population100real\45\3676.JPG,45
./balancer/population/population100real\45\3679.jpg,45
./balancer/population/population100real\45\3686.jpg,45
./balancer/population/population100real\45\3761.jpg,45
./balancer/population/population100real\45\379.jpg,45
./balancer/population/population100real\45\3849.jpg,45
./balancer/population/population100real\45\3950.jpg,45
./balancer/population/population100real\45\4.jpg,45
./balancer/population/population100real\45\4026.jpg,45
./balancer/population/population100real\45\4035.jpg,45
./balancer/population/population100real\45\406.jpg,45
./balancer/population/population100real\45\4121.jpg,45
./balancer/population/population100real\45\4127.jpg,45
./balancer/population/population100real\45\426.jpg,45
./balancer/population/population100real\45\4289.JPG,45
./balancer/population/population100real\45\44.jpg,45
./balancer/population/population100real\45\4415.jpg,45
./balancer/population/population100real\45\4451.jpg,45
./balancer/population/population100real\45\4470.JPG,45
./balancer/population/population100real\45\4488.jpg,45
./balancer/population/population100real\45\4496.jpg,45
./balancer/population/population100real\45\4547.jpg,45
./balancer/population/population100real\45\4575.jpg,45
./balancer/population/population100real\45\4586.jpg,45
./balancer/population/population100real\45\460.jpg,45
./balancer/population/population100real\45\4602.jpg,45
./balancer/population/population100real\45\4649.jpg,45
./balancer/population/population100real\45\4653.jpg,45
./balancer/population/population100real\45\4700.jpg,45
./balancer/population/population100real\45\4718.jpg,45
./balancer/population/population100real\45\4730.jpg,45
./balancer/population/population100real\45\4790.jpg,45
./balancer/population/population100real\45\4854.jpg,45
./balancer/population/population100real\45\4861.jpg,45
./balancer/population/population100real\45\493.jpg,45
./balancer/population/population100real\45\4948.jpg,45
./balancer/population/population100real\45\4971.jpg,45
./balancer/population/population100real\45\5000.JPG,45
./balancer/population/population100real\45\5066.jpg,45
./balancer/population/population100real\45\5100.jpg,45
./balancer/population/population100real\45\5169.jpg,45
./balancer/population/population100real\45\5175.jpg,45
./balancer/population/population100real\45\5193.jpg,45
./balancer/population/population100real\45\5281.jpg,45
./balancer/population/population100real\45\5306.jpg,45
./balancer/population/population100real\45\5333.jpg,45
./balancer/population/population100real\45\5356.jpg,45
./balancer/population/population100real\45\539.JPG,45
./balancer/population/population100real\45\5406.jpg,45
./balancer/population/population100real\45\543.jpg,45
./balancer/population/population100real\45\5476.jpg,45
./balancer/population/population100real\45\5515.jpg,45
./balancer/population/population100real\45\5588.jpg,45
./balancer/population/population100real\45\5604.jpg,45
./balancer/population/population100real\45\5644.jpg,45
./balancer/population/population100real\45\5666.jpg,45
./balancer/population/population100real\45\5685.jpg,45
./balancer/population/population100real\45\5694.JPG,45
./balancer/population/population100real\45\5713.jpg,45
./balancer/population/population100real\45\5783.jpg,45
./balancer/population/population100real\45\5791.jpg,45
./balancer/population/population100real\45\5849.jpg,45
./balancer/population/population100real\45\5934.jpg,45
./balancer/population/population100real\45\601.jpg,45
./balancer/population/population100real\45\6027.jpg,45
./balancer/population/population100real\45\6030.jpg,45
./balancer/population/population100real\45\6044.jpg,45
./balancer/population/population100real\45\6090.jpg,45
./balancer/population/population100real\45\6094.jpg,45
./balancer/population/population100real\45\6097.jpg,45
./balancer/population/population100real\45\6112.jpg,45
./balancer/population/population100real\45\6168.jpg,45
./balancer/population/population100real\45\6200.jpg,45
./balancer/population/population100real\45\6207.jpg,45
./balancer/population/population100real\45\6221.jpg,45
./balancer/population/population100real\45\6225.JPG,45
./balancer/population/population100real\45\6233.jpg,45
./balancer/population/population100real\45\6247.jpg,45
./balancer/population/population100real\45\6417.jpg,45
./balancer/population/population100real\45\6465.jpg,45
./balancer/population/population100real\45\6468.jpg,45
./balancer/population/population100real\45\6484.jpg,45
./balancer/population/population100real\45\6513.jpg,45
./balancer/population/population100real\45\6528.jpg,45
./balancer/population/population100real\45\6559.JPG,45
./balancer/population/population100real\45\6612.jpg,45
./balancer/population/population100real\45\6661.JPG,45
./balancer/population/population100real\45\6680.jpg,45
./balancer/population/population100real\45\6743.jpg,45
./balancer/population/population100real\45\678.jpg,45
./balancer/population/population100real\45\6857.jpg,45
./balancer/population/population100real\45\6955.jpg,45
./balancer/population/population100real\45\6959.jpg,45
./balancer/population/population100real\45\7019.jpg,45
./balancer/population/population100real\45\7085.jpg,45
./balancer/population/population100real\45\7105.jpg,45
./balancer/population/population100real\45\723.jpg,45
./balancer/population/population100real\45\7290.jpg,45
./balancer/population/population100real\45\7373.jpg,45
./balancer/population/population100real\45\7416.jpg,45
./balancer/population/population100real\45\7439.jpg,45
./balancer/population/population100real\45\7441.jpg,45
./balancer/population/population100real\45\7445.jpg,45
./balancer/population/population100real\45\7521.jpg,45
./balancer/population/population100real\45\7541.jpg,45
./balancer/population/population100real\45\7581.jpg,45
./balancer/population/population100real\45\7588.jpg,45
./balancer/population/population100real\45\761.jpg,45
./balancer/population/population100real\45\7637.jpg,45
./balancer/population/population100real\45\7641.jpg,45
./balancer/population/population100real\45\7645.jpg,45
./balancer/population/population100real\45\767.JPG,45
./balancer/population/population100real\45\771.jpg,45
./balancer/population/population100real\45\7710.jpg,45
./balancer/population/population100real\45\7729.JPG,45
./balancer/population/population100real\45\7832.jpg,45
./balancer/population/population100real\45\7835.jpg,45
./balancer/population/population100real\45\7849.jpg,45
./balancer/population/population100real\45\7948.jpg,45
./balancer/population/population100real\45\7973.jpg,45
./balancer/population/population100real\45\7975.jpg,45
./balancer/population/population100real\45\7976.jpg,45
./balancer/population/population100real\45\8001.jpg,45
./balancer/population/population100real\45\8060.JPG,45
./balancer/population/population100real\45\8088.jpg,45
./balancer/population/population100real\45\8162.jpg,45
./balancer/population/population100real\45\8165.jpg,45
./balancer/population/population100real\45\8177.jpg,45
./balancer/population/population100real\45\8184.jpg,45
./balancer/population/population100real\45\8248.jpg,45
./balancer/population/population100real\45\8326.jpg,45
./balancer/population/population100real\45\8335.jpg,45
./balancer/population/population100real\45\8447.jpg,45
./balancer/population/population100real\45\8448.jpg,45
./balancer/population/population100real\45\8488.jpg,45
./balancer/population/population100real\45\8501.jpg,45
./balancer/population/population100real\45\8592.jpg,45
./balancer/population/population100real\45\8671.jpg,45
./balancer/population/population100real\45\8682.jpg,45
./balancer/population/population100real\45\8708.jpg,45
./balancer/population/population100real\45\920.jpg,45
./balancer/population/population100real\45\992.jpg,45
./balancer/population/population100real\45\999.JPG,45
./balancer/population/population100real\46\1025.jpg,46
./balancer/population/population100real\46\1064.JPG,46
./balancer/population/population100real\46\1310.jpg,46
./balancer/population/population100real\46\1325.jpg,46
./balancer/population/population100real\46\1327.JPG,46
./balancer/population/population100real\46\1330.jpg,46
./balancer/population/population100real\46\1347.jpg,46
./balancer/population/population100real\46\1356.jpg,46
./balancer/population/population100real\46\1388.jpg,46
./balancer/population/population100real\46\1398.JPG,46
./balancer/population/population100real\46\140.jpg,46
./balancer/population/population100real\46\1414.jpg,46
./balancer/population/population100real\46\1441.JPG,46
./balancer/population/population100real\46\1454.jpg,46
./balancer/population/population100real\46\1469.jpg,46
./balancer/population/population100real\46\1501.JPG,46
./balancer/population/population100real\46\1507.jpg,46
./balancer/population/population100real\46\1534.jpg,46
./balancer/population/population100real\46\1539.jpg,46
./balancer/population/population100real\46\1550.jpg,46
./balancer/population/population100real\46\1584.JPG,46
./balancer/population/population100real\46\1685.jpg,46
./balancer/population/population100real\46\1730.JPG,46
./balancer/population/population100real\46\1737.jpg,46
./balancer/population/population100real\46\1782.jpg,46
./balancer/population/population100real\46\1889.jpg,46
./balancer/population/population100real\46\191.jpg,46
./balancer/population/population100real\46\192.JPG,46
./balancer/population/population100real\46\1942.jpg,46
./balancer/population/population100real\46\2025.jpg,46
./balancer/population/population100real\46\2051.jpg,46
./balancer/population/population100real\46\2073.jpg,46
./balancer/population/population100real\46\2084.jpg,46
./balancer/population/population100real\46\2123.jpg,46
./balancer/population/population100real\46\2132.jpg,46
./balancer/population/population100real\46\2202.jpg,46
./balancer/population/population100real\46\2214.jpg,46
./balancer/population/population100real\46\222.JPG,46
./balancer/population/population100real\46\2227.jpg,46
./balancer/population/population100real\46\2240.jpg,46
./balancer/population/population100real\46\2244.jpg,46
./balancer/population/population100real\46\226.jpg,46
./balancer/population/population100real\46\2361.jpg,46
./balancer/population/population100real\46\2362.jpg,46
./balancer/population/population100real\46\2364.jpg,46
./balancer/population/population100real\46\2374.JPG,46
./balancer/population/population100real\46\2388.jpg,46
./balancer/population/population100real\46\2443.jpg,46
./balancer/population/population100real\46\2488.jpg,46
./balancer/population/population100real\46\2490.jpg,46
./balancer/population/population100real\46\2496.jpg,46
./balancer/population/population100real\46\2544.jpg,46
./balancer/population/population100real\46\2554.jpg,46
./balancer/population/population100real\46\2573.jpg,46
./balancer/population/population100real\46\2584.jpg,46
./balancer/population/population100real\46\2596.jpg,46
./balancer/population/population100real\46\2610.jpg,46
./balancer/population/population100real\46\2646.JPG,46
./balancer/population/population100real\46\2649.jpg,46
./balancer/population/population100real\46\2740.jpg,46
./balancer/population/population100real\46\2760.jpg,46
./balancer/population/population100real\46\2766.jpg,46
./balancer/population/population100real\46\285.jpg,46
./balancer/population/population100real\46\2864.jpg,46
./balancer/population/population100real\46\2889.JPG,46
./balancer/population/population100real\46\2953.jpg,46
./balancer/population/population100real\46\2997.jpg,46
./balancer/population/population100real\46\3011.jpg,46
./balancer/population/population100real\46\3051.jpg,46
./balancer/population/population100real\46\3140.jpg,46
./balancer/population/population100real\46\3143.jpg,46
./balancer/population/population100real\46\3174.jpg,46
./balancer/population/population100real\46\3182.jpg,46
./balancer/population/population100real\46\3203.jpg,46
./balancer/population/population100real\46\3255.jpg,46
./balancer/population/population100real\46\3275.JPG,46
./balancer/population/population100real\46\3292.jpg,46
./balancer/population/population100real\46\3359.jpg,46
./balancer/population/population100real\46\3391.jpg,46
./balancer/population/population100real\46\3403.jpg,46
./balancer/population/population100real\46\3406.jpg,46
./balancer/population/population100real\46\3413.jpg,46
./balancer/population/population100real\46\3424.jpg,46
./balancer/population/population100real\46\3453.jpg,46
./balancer/population/population100real\46\3469.jpg,46
./balancer/population/population100real\46\3532.jpg,46
./balancer/population/population100real\46\3538.jpg,46
./balancer/population/population100real\46\3676.jpg,46
./balancer/population/population100real\46\3680.jpg,46
./balancer/population/population100real\46\3687.JPG,46
./balancer/population/population100real\46\37.jpg,46
./balancer/population/population100real\46\3709.jpg,46
./balancer/population/population100real\46\3761.jpg,46
./balancer/population/population100real\46\3777.jpg,46
./balancer/population/population100real\46\3815.jpg,46
./balancer/population/population100real\46\3821.jpg,46
./balancer/population/population100real\46\3851.JPG,46
./balancer/population/population100real\46\3855.jpg,46
./balancer/population/population100real\46\3878.JPG,46
./balancer/population/population100real\46\3924.jpg,46
./balancer/population/population100real\46\3931.jpg,46
./balancer/population/population100real\46\401.jpg,46
./balancer/population/population100real\46\406.jpg,46
./balancer/population/population100real\46\4085.jpg,46
./balancer/population/population100real\46\4097.jpg,46
./balancer/population/population100real\46\4102.jpg,46
./balancer/population/population100real\46\4115.jpg,46
./balancer/population/population100real\46\4118.jpg,46
./balancer/population/population100real\46\4122.jpg,46
./balancer/population/population100real\46\4126.jpg,46
./balancer/population/population100real\46\4127.jpg,46
./balancer/population/population100real\46\4149.jpg,46
./balancer/population/population100real\46\4198.jpg,46
./balancer/population/population100real\46\4218.jpg,46
./balancer/population/population100real\46\4227.jpg,46
./balancer/population/population100real\46\4241.jpg,46
./balancer/population/population100real\46\4257.jpg,46
./balancer/population/population100real\46\4304.jpg,46
./balancer/population/population100real\46\4328.jpg,46
./balancer/population/population100real\46\4439.jpg,46
./balancer/population/population100real\46\445.jpg,46
./balancer/population/population100real\46\4489.jpg,46
./balancer/population/population100real\46\4496.jpg,46
./balancer/population/population100real\46\4516.jpg,46
./balancer/population/population100real\46\4524.jpg,46
./balancer/population/population100real\46\4535.JPG,46
./balancer/population/population100real\46\4547.JPG,46
./balancer/population/population100real\46\4555.jpg,46
./balancer/population/population100real\46\4575.jpg,46
./balancer/population/population100real\46\4610.JPG,46
./balancer/population/population100real\46\4663.jpg,46
./balancer/population/population100real\46\4686.JPG,46
./balancer/population/population100real\46\473.jpg,46
./balancer/population/population100real\46\4732.jpg,46
./balancer/population/population100real\46\4749.jpg,46
./balancer/population/population100real\46\4782.jpg,46
./balancer/population/population100real\46\4806.jpg,46
./balancer/population/population100real\46\4868.jpg,46
./balancer/population/population100real\46\4887.jpg,46
./balancer/population/population100real\46\49.jpg,46
./balancer/population/population100real\46\4913.jpg,46
./balancer/population/population100real\46\4938.JPG,46
./balancer/population/population100real\46\4944.jpg,46
./balancer/population/population100real\46\5031.JPG,46
./balancer/population/population100real\46\5043.jpg,46
./balancer/population/population100real\46\5073.JPG,46
./balancer/population/population100real\46\5080.jpg,46
./balancer/population/population100real\46\5108.jpg,46
./balancer/population/population100real\46\5117.jpg,46
./balancer/population/population100real\46\5151.jpg,46
./balancer/population/population100real\46\5157.jpg,46
./balancer/population/population100real\46\5193.jpg,46
./balancer/population/population100real\46\5211.jpg,46
./balancer/population/population100real\46\5282.jpg,46
./balancer/population/population100real\46\5296.jpg,46
./balancer/population/population100real\46\5313.jpg,46
./balancer/population/population100real\46\5375.jpg,46
./balancer/population/population100real\46\5384.jpg,46
./balancer/population/population100real\46\5403.jpg,46
./balancer/population/population100real\46\5424.jpg,46
./balancer/population/population100real\46\5450.jpg,46
./balancer/population/population100real\46\5560.jpg,46
./balancer/population/population100real\46\5561.jpg,46
./balancer/population/population100real\46\5576.jpg,46
./balancer/population/population100real\46\5603.JPG,46
./balancer/population/population100real\46\5648.jpg,46
./balancer/population/population100real\46\5722.jpg,46
./balancer/population/population100real\46\5724.jpg,46
./balancer/population/population100real\46\5738.JPG,46
./balancer/population/population100real\46\5750.jpg,46
./balancer/population/population100real\46\5751.jpg,46
./balancer/population/population100real\46\5817.jpg,46
./balancer/population/population100real\46\5821.jpg,46
./balancer/population/population100real\46\5948.jpg,46
./balancer/population/population100real\46\597.jpg,46
./balancer/population/population100real\46\5987.jpg,46
./balancer/population/population100real\46\6009.jpg,46
./balancer/population/population100real\46\6029.jpg,46
./balancer/population/population100real\46\6067.jpg,46
./balancer/population/population100real\46\6082.jpg,46
./balancer/population/population100real\46\6189.jpg,46
./balancer/population/population100real\46\6237.jpg,46
./balancer/population/population100real\46\6285.JPG,46
./balancer/population/population100real\46\6286.jpg,46
./balancer/population/population100real\46\6304.jpg,46
./balancer/population/population100real\46\6320.jpg,46
./balancer/population/population100real\46\6375.jpg,46
./balancer/population/population100real\46\6391.jpg,46
./balancer/population/population100real\46\6411.jpg,46
./balancer/population/population100real\46\6453.jpg,46
./balancer/population/population100real\46\646.jpg,46
./balancer/population/population100real\46\6508.jpg,46
./balancer/population/population100real\46\6538.jpg,46
./balancer/population/population100real\46\6585.jpg,46
./balancer/population/population100real\46\6824.jpg,46
./balancer/population/population100real\46\683.jpg,46
./balancer/population/population100real\46\6883.jpg,46
./balancer/population/population100real\46\6949.jpg,46
./balancer/population/population100real\46\700.jpg,46
./balancer/population/population100real\46\743.JPG,46
./balancer/population/population100real\46\749.jpg,46
./balancer/population/population100real\46\753.JPG,46
./balancer/population/population100real\46\778.jpg,46
./balancer/population/population100real\46\794.JPG,46
./balancer/population/population100real\46\796.jpg,46
./balancer/population/population100real\46\866.jpg,46
./balancer/population/population100real\46\881.jpg,46
./balancer/population/population100real\46\927.jpg,46
./balancer/population/population100real\46\945.jpg,46
./balancer/population/population100real\46\959.jpg,46
./balancer/population/population100real\46\975.jpg,46
./balancer/population/population100real\47\1011.jpg,47
./balancer/population/population100real\47\1026.JPG,47
./balancer/population/population100real\47\1050.jpg,47
./balancer/population/population100real\47\1054.jpg,47
./balancer/population/population100real\47\106.JPG,47
./balancer/population/population100real\47\107.jpg,47
./balancer/population/population100real\47\1109.jpg,47
./balancer/population/population100real\47\1111.jpg,47
./balancer/population/population100real\47\116.jpg,47
./balancer/population/population100real\47\1183.jpg,47
./balancer/population/population100real\47\1187.jpg,47
./balancer/population/population100real\47\1200.jpg,47
./balancer/population/population100real\47\1211.jpg,47
./balancer/population/population100real\47\1320.jpg,47
./balancer/population/population100real\47\1333.JPG,47
./balancer/population/population100real\47\1351.jpg,47
./balancer/population/population100real\47\1400.jpg,47
./balancer/population/population100real\47\1435.jpg,47
./balancer/population/population100real\47\1449.jpg,47
./balancer/population/population100real\47\1456.jpg,47
./balancer/population/population100real\47\1476.JPG,47
./balancer/population/population100real\47\1484.jpg,47
./balancer/population/population100real\47\15.jpg,47
./balancer/population/population100real\47\1612.jpg,47
./balancer/population/population100real\47\1650.jpg,47
./balancer/population/population100real\47\1689.jpg,47
./balancer/population/population100real\47\176.jpg,47
./balancer/population/population100real\47\1781.jpg,47
./balancer/population/population100real\47\1803.jpg,47
./balancer/population/population100real\47\1823.jpg,47
./balancer/population/population100real\47\1876.jpg,47
./balancer/population/population100real\47\1884.jpg,47
./balancer/population/population100real\47\1886.jpg,47
./balancer/population/population100real\47\1913.JPG,47
./balancer/population/population100real\47\2095.jpg,47
./balancer/population/population100real\47\2096.jpg,47
./balancer/population/population100real\47\214.jpg,47
./balancer/population/population100real\47\2146.jpg,47
./balancer/population/population100real\47\2148.jpg,47
./balancer/population/population100real\47\2181.jpg,47
./balancer/population/population100real\47\2186.JPG,47
./balancer/population/population100real\47\2213.jpg,47
./balancer/population/population100real\47\2247.jpg,47
./balancer/population/population100real\47\2268.jpg,47
./balancer/population/population100real\47\2286.JPG,47
./balancer/population/population100real\47\2290.jpg,47
./balancer/population/population100real\47\231.jpg,47
./balancer/population/population100real\47\2311.jpg,47
./balancer/population/population100real\47\241.jpg,47
./balancer/population/population100real\47\243.jpg,47
./balancer/population/population100real\47\2525.JPG,47
./balancer/population/population100real\47\253.jpg,47
./balancer/population/population100real\47\2603.jpg,47
./balancer/population/population100real\47\2611.jpg,47
./balancer/population/population100real\47\2613.jpg,47
./balancer/population/population100real\47\2645.jpg,47
./balancer/population/population100real\47\2694.jpg,47
./balancer/population/population100real\47\2715.jpg,47
./balancer/population/population100real\47\2738.JPG,47
./balancer/population/population100real\47\2747.jpg,47
./balancer/population/population100real\47\2757.jpg,47
./balancer/population/population100real\47\277.jpg,47
./balancer/population/population100real\47\2819.jpg,47
./balancer/population/population100real\47\2843.jpg,47
./balancer/population/population100real\47\2868.jpg,47
./balancer/population/population100real\47\2870.jpg,47
./balancer/population/population100real\47\2923.jpg,47
./balancer/population/population100real\47\2964.jpg,47
./balancer/population/population100real\47\2983.jpg,47
./balancer/population/population100real\47\2992.jpg,47
./balancer/population/population100real\47\3027.jpg,47
./balancer/population/population100real\47\3029.jpg,47
./balancer/population/population100real\47\3125.jpg,47
./balancer/population/population100real\47\3134.jpg,47
./balancer/population/population100real\47\3187.JPG,47
./balancer/population/population100real\47\3201.jpg,47
./balancer/population/population100real\47\3272.jpg,47
./balancer/population/population100real\47\3292.jpg,47
./balancer/population/population100real\47\3309.jpg,47
./balancer/population/population100real\47\3313.jpg,47
./balancer/population/population100real\47\3347.jpg,47
./balancer/population/population100real\47\3351.jpg,47
./balancer/population/population100real\47\3470.jpg,47
./balancer/population/population100real\47\3509.jpg,47
./balancer/population/population100real\47\3519.jpg,47
./balancer/population/population100real\47\355.jpg,47
./balancer/population/population100real\47\3592.jpg,47
./balancer/population/population100real\47\3670.jpg,47
./balancer/population/population100real\47\3672.jpg,47
./balancer/population/population100real\47\3707.jpg,47
./balancer/population/population100real\47\3734.jpg,47
./balancer/population/population100real\47\3757.jpg,47
./balancer/population/population100real\47\3759.jpg,47
./balancer/population/population100real\47\3760.jpg,47
./balancer/population/population100real\47\3839.jpg,47
./balancer/population/population100real\47\3856.jpg,47
./balancer/population/population100real\47\3914.jpg,47
./balancer/population/population100real\47\3915.jpg,47
./balancer/population/population100real\47\3924.jpg,47
./balancer/population/population100real\47\3940.jpg,47
./balancer/population/population100real\47\3972.jpg,47
./balancer/population/population100real\47\4009.JPG,47
./balancer/population/population100real\47\4013.jpg,47
./balancer/population/population100real\47\4149.jpg,47
./balancer/population/population100real\47\4159.jpg,47
./balancer/population/population100real\47\4214.jpg,47
./balancer/population/population100real\47\4222.jpg,47
./balancer/population/population100real\47\4234.jpg,47
./balancer/population/population100real\47\428.jpg,47
./balancer/population/population100real\47\4379.jpg,47
./balancer/population/population100real\47\4387.jpg,47
./balancer/population/population100real\47\4389.JPG,47
./balancer/population/population100real\47\4410.jpg,47
./balancer/population/population100real\47\4429.jpg,47
./balancer/population/population100real\47\4443.jpg,47
./balancer/population/population100real\47\4528.jpg,47
./balancer/population/population100real\47\4541.jpg,47
./balancer/population/population100real\47\4579.jpg,47
./balancer/population/population100real\47\4641.jpg,47
./balancer/population/population100real\47\4648.jpg,47
./balancer/population/population100real\47\4683.jpg,47
./balancer/population/population100real\47\4705.jpg,47
./balancer/population/population100real\47\4746.jpg,47
./balancer/population/population100real\47\476.jpg,47
./balancer/population/population100real\47\4806.JPG,47
./balancer/population/population100real\47\4814.jpg,47
./balancer/population/population100real\47\4821.jpg,47
./balancer/population/population100real\47\4836.JPG,47
./balancer/population/population100real\47\4846.jpg,47
./balancer/population/population100real\47\491.jpg,47
./balancer/population/population100real\47\4967.jpg,47
./balancer/population/population100real\47\4992.jpg,47
./balancer/population/population100real\47\505.jpg,47
./balancer/population/population100real\47\5076.jpg,47
./balancer/population/population100real\47\508.jpg,47
./balancer/population/population100real\47\5112.jpg,47
./balancer/population/population100real\47\5118.jpg,47
./balancer/population/population100real\47\5138.JPG,47
./balancer/population/population100real\47\5157.jpg,47
./balancer/population/population100real\47\5203.jpg,47
./balancer/population/population100real\47\5356.jpg,47
./balancer/population/population100real\47\540.jpg,47
./balancer/population/population100real\47\5402.jpg,47
./balancer/population/population100real\47\5499.jpg,47
./balancer/population/population100real\47\5543.jpg,47
./balancer/population/population100real\47\5580.JPG,47
./balancer/population/population100real\47\5585.jpg,47
./balancer/population/population100real\47\5603.jpg,47
./balancer/population/population100real\47\5668.jpg,47
./balancer/population/population100real\47\5672.jpg,47
./balancer/population/population100real\47\5700.jpg,47
./balancer/population/population100real\47\5748.jpg,47
./balancer/population/population100real\47\5765.JPG,47
./balancer/population/population100real\47\578.jpg,47
./balancer/population/population100real\47\5796.jpg,47
./balancer/population/population100real\47\5805.jpg,47
./balancer/population/population100real\47\5922.JPG,47
./balancer/population/population100real\47\5933.jpg,47
./balancer/population/population100real\47\5986.jpg,47
./balancer/population/population100real\47\6001.jpg,47
./balancer/population/population100real\47\6010.jpg,47
./balancer/population/population100real\47\6017.jpg,47
./balancer/population/population100real\47\6086.jpg,47
./balancer/population/population100real\47\6102.jpg,47
./balancer/population/population100real\47\6153.jpg,47
./balancer/population/population100real\47\6218.jpg,47
./balancer/population/population100real\47\6220.jpg,47
./balancer/population/population100real\47\6237.jpg,47
./balancer/population/population100real\47\6243.jpg,47
./balancer/population/population100real\47\6289.jpg,47
./balancer/population/population100real\47\6294.jpg,47
./balancer/population/population100real\47\6308.jpg,47
./balancer/population/population100real\47\6309.jpg,47
./balancer/population/population100real\47\6356.jpg,47
./balancer/population/population100real\47\6366.JPG,47
./balancer/population/population100real\47\6383.jpg,47
./balancer/population/population100real\47\6388.jpg,47
./balancer/population/population100real\47\6392.jpg,47
./balancer/population/population100real\47\6401.jpg,47
./balancer/population/population100real\47\6409.jpg,47
./balancer/population/population100real\47\6426.jpg,47
./balancer/population/population100real\47\6478.jpg,47
./balancer/population/population100real\47\6487.jpg,47
./balancer/population/population100real\47\6495.JPG,47
./balancer/population/population100real\47\6571.jpg,47
./balancer/population/population100real\47\6604.jpg,47
./balancer/population/population100real\47\6642.jpg,47
./balancer/population/population100real\47\6660.JPG,47
./balancer/population/population100real\47\6681.JPG,47
./balancer/population/population100real\47\6709.jpg,47
./balancer/population/population100real\47\6714.jpg,47
./balancer/population/population100real\47\6723.jpg,47
./balancer/population/population100real\47\6747.jpg,47
./balancer/population/population100real\47\6763.jpg,47
./balancer/population/population100real\47\6780.jpg,47
./balancer/population/population100real\47\6818.jpg,47
./balancer/population/population100real\47\6839.jpg,47
./balancer/population/population100real\47\6864.jpg,47
./balancer/population/population100real\47\6868.jpg,47
./balancer/population/population100real\47\6884.jpg,47
./balancer/population/population100real\47\6934.jpg,47
./balancer/population/population100real\47\6951.jpg,47
./balancer/population/population100real\47\917.jpg,47
./balancer/population/population100real\47\92.jpg,47
./balancer/population/population100real\47\920.JPG,47
./balancer/population/population100real\47\933.jpg,47
./balancer/population/population100real\47\936.jpg,47
./balancer/population/population100real\47\981.JPG,47
./balancer/population/population100real\48\1076.jpg,48
./balancer/population/population100real\48\1082.jpg,48
./balancer/population/population100real\48\1089.jpg,48
./balancer/population/population100real\48\1095.jpg,48
./balancer/population/population100real\48\111.jpg,48
./balancer/population/population100real\48\1193.jpg,48
./balancer/population/population100real\48\1204.jpg,48
./balancer/population/population100real\48\1226.jpg,48
./balancer/population/population100real\48\1238.jpg,48
./balancer/population/population100real\48\1305.jpg,48
./balancer/population/population100real\48\1328.JPG,48
./balancer/population/population100real\48\1350.JPG,48
./balancer/population/population100real\48\1430.JPG,48
./balancer/population/population100real\48\1443.jpg,48
./balancer/population/population100real\48\1454.jpg,48
./balancer/population/population100real\48\1475.jpg,48
./balancer/population/population100real\48\1485.jpg,48
./balancer/population/population100real\48\1488.jpg,48
./balancer/population/population100real\48\1504.JPG,48
./balancer/population/population100real\48\153.jpg,48
./balancer/population/population100real\48\1563.jpg,48
./balancer/population/population100real\48\1629.jpg,48
./balancer/population/population100real\48\1645.jpg,48
./balancer/population/population100real\48\1647.jpg,48
./balancer/population/population100real\48\165.jpg,48
./balancer/population/population100real\48\167.jpg,48
./balancer/population/population100real\48\1693.jpg,48
./balancer/population/population100real\48\1696.jpg,48
./balancer/population/population100real\48\1777.jpg,48
./balancer/population/population100real\48\1788.jpg,48
./balancer/population/population100real\48\181.jpg,48
./balancer/population/population100real\48\1880.jpg,48
./balancer/population/population100real\48\1991.JPG,48
./balancer/population/population100real\48\2018.JPG,48
./balancer/population/population100real\48\2115.jpg,48
./balancer/population/population100real\48\2165.jpg,48
./balancer/population/population100real\48\2201.jpg,48
./balancer/population/population100real\48\2202.jpg,48
./balancer/population/population100real\48\2237.JPG,48
./balancer/population/population100real\48\2269.jpg,48
./balancer/population/population100real\48\2285.jpg,48
./balancer/population/population100real\48\229.jpg,48
./balancer/population/population100real\48\2310.jpg,48
./balancer/population/population100real\48\2317.JPG,48
./balancer/population/population100real\48\2325.jpg,48
./balancer/population/population100real\48\2429.jpg,48
./balancer/population/population100real\48\2449.jpg,48
./balancer/population/population100real\48\2507.jpg,48
./balancer/population/population100real\48\2516.JPG,48
./balancer/population/population100real\48\2521.jpg,48
./balancer/population/population100real\48\2529.jpg,48
./balancer/population/population100real\48\2531.jpg,48
./balancer/population/population100real\48\2574.jpg,48
./balancer/population/population100real\48\2587.jpg,48
./balancer/population/population100real\48\2610.jpg,48
./balancer/population/population100real\48\2614.jpg,48
./balancer/population/population100real\48\2620.JPG,48
./balancer/population/population100real\48\267.jpg,48
./balancer/population/population100real\48\2677.JPG,48
./balancer/population/population100real\48\2700.jpg,48
./balancer/population/population100real\48\2734.jpg,48
./balancer/population/population100real\48\2736.jpg,48
./balancer/population/population100real\48\2738.jpg,48
./balancer/population/population100real\48\2807.jpg,48
./balancer/population/population100real\48\2813.jpg,48
./balancer/population/population100real\48\2842.jpg,48
./balancer/population/population100real\48\289.jpg,48
./balancer/population/population100real\48\2950.jpg,48
./balancer/population/population100real\48\3029.jpg,48
./balancer/population/population100real\48\3061.jpg,48
./balancer/population/population100real\48\3070.jpg,48
./balancer/population/population100real\48\3084.jpg,48
./balancer/population/population100real\48\310.jpg,48
./balancer/population/population100real\48\3137.jpg,48
./balancer/population/population100real\48\3138.jpg,48
./balancer/population/population100real\48\3152.jpg,48
./balancer/population/population100real\48\3193.jpg,48
./balancer/population/population100real\48\3199.jpg,48
./balancer/population/population100real\48\3203.jpg,48
./balancer/population/population100real\48\3241.jpg,48
./balancer/population/population100real\48\3244.jpg,48
./balancer/population/population100real\48\3259.jpg,48
./balancer/population/population100real\48\3273.jpg,48
./balancer/population/population100real\48\3295.jpg,48
./balancer/population/population100real\48\3323.JPG,48
./balancer/population/population100real\48\3324.jpg,48
./balancer/population/population100real\48\3334.jpg,48
./balancer/population/population100real\48\343.jpg,48
./balancer/population/population100real\48\3509.JPG,48
./balancer/population/population100real\48\3522.JPG,48
./balancer/population/population100real\48\3574.jpg,48
./balancer/population/population100real\48\3589.jpg,48
./balancer/population/population100real\48\3603.jpg,48
./balancer/population/population100real\48\3622.jpg,48
./balancer/population/population100real\48\3640.jpg,48
./balancer/population/population100real\48\3644.jpg,48
./balancer/population/population100real\48\365.jpg,48
./balancer/population/population100real\48\3659.jpg,48
./balancer/population/population100real\48\3680.jpg,48
./balancer/population/population100real\48\3779.jpg,48
./balancer/population/population100real\48\3805.JPG,48
./balancer/population/population100real\48\382.JPG,48
./balancer/population/population100real\48\3873.jpg,48
./balancer/population/population100real\48\3878.jpg,48
./balancer/population/population100real\48\3885.JPG,48
./balancer/population/population100real\48\3916.JPG,48
./balancer/population/population100real\48\3920.jpg,48
./balancer/population/population100real\48\3937.jpg,48
./balancer/population/population100real\48\3954.jpg,48
./balancer/population/population100real\48\396.jpg,48
./balancer/population/population100real\48\3972.jpg,48
./balancer/population/population100real\48\3990.jpg,48
./balancer/population/population100real\48\4021.jpg,48
./balancer/population/population100real\48\4042.jpg,48
./balancer/population/population100real\48\4061.jpg,48
./balancer/population/population100real\48\4073.jpg,48
./balancer/population/population100real\48\4080.JPG,48
./balancer/population/population100real\48\4121.JPG,48
./balancer/population/population100real\48\4144.jpg,48
./balancer/population/population100real\48\4151.jpg,48
./balancer/population/population100real\48\4208.jpg,48
./balancer/population/population100real\48\4212.jpg,48
./balancer/population/population100real\48\4231.jpg,48
./balancer/population/population100real\48\4243.JPG,48
./balancer/population/population100real\48\4252.jpg,48
./balancer/population/population100real\48\4263.jpg,48
./balancer/population/population100real\48\4264.jpg,48
./balancer/population/population100real\48\427.jpg,48
./balancer/population/population100real\48\4298.jpg,48
./balancer/population/population100real\48\4359.JPG,48
./balancer/population/population100real\48\4419.jpg,48
./balancer/population/population100real\48\4420.jpg,48
./balancer/population/population100real\48\4497.jpg,48
./balancer/population/population100real\48\4568.jpg,48
./balancer/population/population100real\48\4569.JPG,48
./balancer/population/population100real\48\4594.jpg,48
./balancer/population/population100real\48\4645.jpg,48
./balancer/population/population100real\48\4659.jpg,48
./balancer/population/population100real\48\4663.jpg,48
./balancer/population/population100real\48\4688.jpg,48
./balancer/population/population100real\48\4691.jpg,48
./balancer/population/population100real\48\4702.jpg,48
./balancer/population/population100real\48\4721.jpg,48
./balancer/population/population100real\48\4738.jpg,48
./balancer/population/population100real\48\4757.jpg,48
./balancer/population/population100real\48\4840.jpg,48
./balancer/population/population100real\48\4853.jpg,48
./balancer/population/population100real\48\4941.jpg,48
./balancer/population/population100real\48\4973.jpg,48
./balancer/population/population100real\48\5044.jpg,48
./balancer/population/population100real\48\5064.JPG,48
./balancer/population/population100real\48\5080.jpg,48
./balancer/population/population100real\48\5119.jpg,48
./balancer/population/population100real\48\5141.jpg,48
./balancer/population/population100real\48\5193.jpg,48
./balancer/population/population100real\48\5283.jpg,48
./balancer/population/population100real\48\5340.jpg,48
./balancer/population/population100real\48\536.jpg,48
./balancer/population/population100real\48\5411.jpg,48
./balancer/population/population100real\48\5412.jpg,48
./balancer/population/population100real\48\5422.jpg,48
./balancer/population/population100real\48\5431.jpg,48
./balancer/population/population100real\48\5449.jpg,48
./balancer/population/population100real\48\5502.jpg,48
./balancer/population/population100real\48\5567.jpg,48
./balancer/population/population100real\48\5607.jpg,48
./balancer/population/population100real\48\5611.jpg,48
./balancer/population/population100real\48\565.JPG,48
./balancer/population/population100real\48\5655.jpg,48
./balancer/population/population100real\48\5764.jpg,48
./balancer/population/population100real\48\5774.jpg,48
./balancer/population/population100real\48\5833.jpg,48
./balancer/population/population100real\48\5929.jpg,48
./balancer/population/population100real\48\5936.jpg,48
./balancer/population/population100real\48\5950.jpg,48
./balancer/population/population100real\48\608.jpg,48
./balancer/population/population100real\48\613.jpg,48
./balancer/population/population100real\48\6139.jpg,48
./balancer/population/population100real\48\6144.jpg,48
./balancer/population/population100real\48\6159.jpg,48
./balancer/population/population100real\48\6174.jpg,48
./balancer/population/population100real\48\6191.jpg,48
./balancer/population/population100real\48\6203.jpg,48
./balancer/population/population100real\48\6250.jpg,48
./balancer/population/population100real\48\641.JPG,48
./balancer/population/population100real\48\65.jpg,48
./balancer/population/population100real\48\769.jpg,48
./balancer/population/population100real\48\777.jpg,48
./balancer/population/population100real\48\781.jpg,48
./balancer/population/population100real\48\794.jpg,48
./balancer/population/population100real\48\835.jpg,48
./balancer/population/population100real\48\836.jpg,48
./balancer/population/population100real\48\88.jpg,48
./balancer/population/population100real\48\908.JPG,48
./balancer/population/population100real\48\911.jpg,48
./balancer/population/population100real\48\94.jpg,48
./balancer/population/population100real\48\946.jpg,48
./balancer/population/population100real\48\954.jpg,48
./balancer/population/population100real\48\957.jpg,48
./balancer/population/population100real\48\980.jpg,48
./balancer/population/population100real\49\1042.jpg,49
./balancer/population/population100real\49\1055.jpg,49
./balancer/population/population100real\49\107.jpg,49
./balancer/population/population100real\49\1099.jpg,49
./balancer/population/population100real\49\1104.jpg,49
./balancer/population/population100real\49\1121.jpg,49
./balancer/population/population100real\49\1133.jpg,49
./balancer/population/population100real\49\1187.JPG,49
./balancer/population/population100real\49\1235.jpg,49
./balancer/population/population100real\49\1237.JPG,49
./balancer/population/population100real\49\126.jpg,49
./balancer/population/population100real\49\1271.jpg,49
./balancer/population/population100real\49\1314.jpg,49
./balancer/population/population100real\49\1321.jpg,49
./balancer/population/population100real\49\1337.jpg,49
./balancer/population/population100real\49\1361.jpg,49
./balancer/population/population100real\49\1382.jpg,49
./balancer/population/population100real\49\1420.jpg,49
./balancer/population/population100real\49\1439.jpg,49
./balancer/population/population100real\49\1451.jpg,49
./balancer/population/population100real\49\1454.jpg,49
./balancer/population/population100real\49\1480.jpg,49
./balancer/population/population100real\49\1484.jpg,49
./balancer/population/population100real\49\1497.jpg,49
./balancer/population/population100real\49\1554.jpg,49
./balancer/population/population100real\49\1606.jpg,49
./balancer/population/population100real\49\1633.jpg,49
./balancer/population/population100real\49\1638.jpg,49
./balancer/population/population100real\49\1656.jpg,49
./balancer/population/population100real\49\1717.jpg,49
./balancer/population/population100real\49\1744.jpg,49
./balancer/population/population100real\49\1748.jpg,49
./balancer/population/population100real\49\1770.jpg,49
./balancer/population/population100real\49\1824.jpg,49
./balancer/population/population100real\49\1840.jpg,49
./balancer/population/population100real\49\1864.jpg,49
./balancer/population/population100real\49\1907.jpg,49
./balancer/population/population100real\49\1958.jpg,49
./balancer/population/population100real\49\2013.jpg,49
./balancer/population/population100real\49\2020.jpg,49
./balancer/population/population100real\49\215.jpg,49
./balancer/population/population100real\49\2220.jpg,49
./balancer/population/population100real\49\2238.jpg,49
./balancer/population/population100real\49\2277.jpg,49
./balancer/population/population100real\49\23.jpg,49
./balancer/population/population100real\49\2310.jpg,49
./balancer/population/population100real\49\2327.jpg,49
./balancer/population/population100real\49\234.JPG,49
./balancer/population/population100real\49\2344.jpg,49
./balancer/population/population100real\49\237.jpg,49
./balancer/population/population100real\49\2384.jpg,49
./balancer/population/population100real\49\2423.jpg,49
./balancer/population/population100real\49\2424.jpg,49
./balancer/population/population100real\49\2433.jpg,49
./balancer/population/population100real\49\247.jpg,49
./balancer/population/population100real\49\2483.jpg,49
./balancer/population/population100real\49\253.jpg,49
./balancer/population/population100real\49\2533.jpg,49
./balancer/population/population100real\49\2541.jpg,49
./balancer/population/population100real\49\2586.jpg,49
./balancer/population/population100real\49\2623.jpg,49
./balancer/population/population100real\49\27.jpg,49
./balancer/population/population100real\49\2706.JPG,49
./balancer/population/population100real\49\2723.jpg,49
./balancer/population/population100real\49\2735.jpg,49
./balancer/population/population100real\49\274.jpg,49
./balancer/population/population100real\49\2745.JPG,49
./balancer/population/population100real\49\2866.jpg,49
./balancer/population/population100real\49\2882.jpg,49
./balancer/population/population100real\49\2927.jpg,49
./balancer/population/population100real\49\2930.jpg,49
./balancer/population/population100real\49\2943.jpg,49
./balancer/population/population100real\49\2969.jpg,49
./balancer/population/population100real\49\2988.JPG,49
./balancer/population/population100real\49\3020.jpg,49
./balancer/population/population100real\49\3021.JPG,49
./balancer/population/population100real\49\3051.jpg,49
./balancer/population/population100real\49\3095.jpg,49
./balancer/population/population100real\49\311.jpg,49
./balancer/population/population100real\49\3114.JPG,49
./balancer/population/population100real\49\3134.jpg,49
./balancer/population/population100real\49\3189.jpg,49
./balancer/population/population100real\49\3196.JPG,49
./balancer/population/population100real\49\3249.jpg,49
./balancer/population/population100real\49\3263.jpg,49
./balancer/population/population100real\49\3295.jpg,49
./balancer/population/population100real\49\3298.jpg,49
./balancer/population/population100real\49\3331.jpg,49
./balancer/population/population100real\49\3464.jpg,49
./balancer/population/population100real\49\3496.jpg,49
./balancer/population/population100real\49\3569.jpg,49
./balancer/population/population100real\49\3632.JPG,49
./balancer/population/population100real\49\3633.jpg,49
./balancer/population/population100real\49\3672.jpg,49
./balancer/population/population100real\49\3701.JPG,49
./balancer/population/population100real\49\3710.jpg,49
./balancer/population/population100real\49\3711.jpg,49
./balancer/population/population100real\49\372.jpg,49
./balancer/population/population100real\49\3764.jpg,49
./balancer/population/population100real\49\3767.jpg,49
./balancer/population/population100real\49\3792.jpg,49
./balancer/population/population100real\49\3855.jpg,49
./balancer/population/population100real\49\3876.jpg,49
./balancer/population/population100real\49\3913.jpg,49
./balancer/population/population100real\49\3932.jpg,49
./balancer/population/population100real\49\3999.jpg,49
./balancer/population/population100real\49\4004.JPG,49
./balancer/population/population100real\49\4008.jpg,49
./balancer/population/population100real\49\4028.jpg,49
./balancer/population/population100real\49\409.jpg,49
./balancer/population/population100real\49\4102.jpg,49
./balancer/population/population100real\49\4116.jpg,49
./balancer/population/population100real\49\4132.jpg,49
./balancer/population/population100real\49\4212.JPG,49
./balancer/population/population100real\49\4227.jpg,49
./balancer/population/population100real\49\4231.jpg,49
./balancer/population/population100real\49\424.jpg,49
./balancer/population/population100real\49\4242.jpg,49
./balancer/population/population100real\49\4260.jpg,49
./balancer/population/population100real\49\4263.jpg,49
./balancer/population/population100real\49\4277.jpg,49
./balancer/population/population100real\49\4278.jpg,49
./balancer/population/population100real\49\429.jpg,49
./balancer/population/population100real\49\4295.jpg,49
./balancer/population/population100real\49\4305.jpg,49
./balancer/population/population100real\49\4355.jpg,49
./balancer/population/population100real\49\4398.jpg,49
./balancer/population/population100real\49\4400.jpg,49
./balancer/population/population100real\49\4434.JPG,49
./balancer/population/population100real\49\4438.jpg,49
./balancer/population/population100real\49\4503.jpg,49
./balancer/population/population100real\49\4515.jpg,49
./balancer/population/population100real\49\4529.JPG,49
./balancer/population/population100real\49\4534.jpg,49
./balancer/population/population100real\49\4538.jpg,49
./balancer/population/population100real\49\4568.jpg,49
./balancer/population/population100real\49\4605.jpg,49
./balancer/population/population100real\49\4641.jpg,49
./balancer/population/population100real\49\4643.jpg,49
./balancer/population/population100real\49\4660.jpg,49
./balancer/population/population100real\49\4706.jpg,49
./balancer/population/population100real\49\4707.jpg,49
./balancer/population/population100real\49\4727.jpg,49
./balancer/population/population100real\49\4735.jpg,49
./balancer/population/population100real\49\4749.jpg,49
./balancer/population/population100real\49\4753.jpg,49
./balancer/population/population100real\49\4921.jpg,49
./balancer/population/population100real\49\4959.jpg,49
./balancer/population/population100real\49\5028.jpg,49
./balancer/population/population100real\49\5066.jpg,49
./balancer/population/population100real\49\5067.jpg,49
./balancer/population/population100real\49\5068.JPG,49
./balancer/population/population100real\49\5076.jpg,49
./balancer/population/population100real\49\5083.jpg,49
./balancer/population/population100real\49\5104.jpg,49
./balancer/population/population100real\49\5132.jpg,49
./balancer/population/population100real\49\5150.jpg,49
./balancer/population/population100real\49\5152.jpg,49
./balancer/population/population100real\49\5160.JPG,49
./balancer/population/population100real\49\5167.jpg,49
./balancer/population/population100real\49\5225.jpg,49
./balancer/population/population100real\49\5264.jpg,49
./balancer/population/population100real\49\5331.jpg,49
./balancer/population/population100real\49\5338.jpg,49
./balancer/population/population100real\49\5408.jpg,49
./balancer/population/population100real\49\5414.jpg,49
./balancer/population/population100real\49\5417.jpg,49
./balancer/population/population100real\49\552.jpg,49
./balancer/population/population100real\49\5525.jpg,49
./balancer/population/population100real\49\5526.JPG,49
./balancer/population/population100real\49\553.jpg,49
./balancer/population/population100real\49\5530.jpg,49
./balancer/population/population100real\49\5558.jpg,49
./balancer/population/population100real\49\5570.jpg,49
./balancer/population/population100real\49\5611.JPG,49
./balancer/population/population100real\49\5626.jpg,49
./balancer/population/population100real\49\5681.jpg,49
./balancer/population/population100real\49\5693.jpg,49
./balancer/population/population100real\49\5711.jpg,49
./balancer/population/population100real\49\5722.JPG,49
./balancer/population/population100real\49\5739.jpg,49
./balancer/population/population100real\49\5785.jpg,49
./balancer/population/population100real\49\5802.jpg,49
./balancer/population/population100real\49\640.jpg,49
./balancer/population/population100real\49\645.jpg,49
./balancer/population/population100real\49\661.jpg,49
./balancer/population/population100real\49\684.jpg,49
./balancer/population/population100real\49\686.jpg,49
./balancer/population/population100real\49\745.jpg,49
./balancer/population/population100real\49\749.jpg,49
./balancer/population/population100real\49\755.jpg,49
./balancer/population/population100real\49\790.jpg,49
./balancer/population/population100real\49\797.jpg,49
./balancer/population/population100real\49\80.JPG,49
./balancer/population/population100real\49\827.JPG,49
./balancer/population/population100real\49\854.jpg,49
./balancer/population/population100real\49\855.jpg,49
./balancer/population/population100real\49\903.JPG,49
./balancer/population/population100real\49\919.JPG,49
./balancer/population/population100real\49\936.jpg,49
./balancer/population/population100real\49\940.jpg,49
./balancer/population/population100real\49\992.jpg,49
./balancer/population/population100real\5\0.jpg,5
./balancer/population/population100real\5\10.jpg,5
./balancer/population/population100real\5\100.jpg,5
./balancer/population/population100real\5\104.JPG,5
./balancer/population/population100real\5\105.jpg,5
./balancer/population/population100real\5\107.JPG,5
./balancer/population/population100real\5\109.jpg,5
./balancer/population/population100real\5\11.jpg,5
./balancer/population/population100real\5\110.jpg,5
./balancer/population/population100real\5\111.jpg,5
./balancer/population/population100real\5\112.JPG,5
./balancer/population/population100real\5\113.jpg,5
./balancer/population/population100real\5\114.jpg,5
./balancer/population/population100real\5\115.JPG,5
./balancer/population/population100real\5\116.jpg,5
./balancer/population/population100real\5\117.jpg,5
./balancer/population/population100real\5\119.JPG,5
./balancer/population/population100real\5\12.jpg,5
./balancer/population/population100real\5\120.JPG,5
./balancer/population/population100real\5\122.JPG,5
./balancer/population/population100real\5\123.jpg,5
./balancer/population/population100real\5\125.jpg,5
./balancer/population/population100real\5\126.jpg,5
./balancer/population/population100real\5\128.JPG,5
./balancer/population/population100real\5\130.jpg,5
./balancer/population/population100real\5\133.JPG,5
./balancer/population/population100real\5\134.jpg,5
./balancer/population/population100real\5\135.jpg,5
./balancer/population/population100real\5\137.jpg,5
./balancer/population/population100real\5\138.jpg,5
./balancer/population/population100real\5\139.jpg,5
./balancer/population/population100real\5\140.jpg,5
./balancer/population/population100real\5\142.jpg,5
./balancer/population/population100real\5\144.jpg,5
./balancer/population/population100real\5\145.jpg,5
./balancer/population/population100real\5\146.jpg,5
./balancer/population/population100real\5\147.jpg,5
./balancer/population/population100real\5\149.jpg,5
./balancer/population/population100real\5\15.jpg,5
./balancer/population/population100real\5\150.jpg,5
./balancer/population/population100real\5\151.jpg,5
./balancer/population/population100real\5\152.jpg,5
./balancer/population/population100real\5\154.JPG,5
./balancer/population/population100real\5\155.jpg,5
./balancer/population/population100real\5\156.JPG,5
./balancer/population/population100real\5\159.JPG,5
./balancer/population/population100real\5\16.jpg,5
./balancer/population/population100real\5\160.jpg,5
./balancer/population/population100real\5\161.jpg,5
./balancer/population/population100real\5\162.jpg,5
./balancer/population/population100real\5\163.jpg,5
./balancer/population/population100real\5\165.jpg,5
./balancer/population/population100real\5\167.JPG,5
./balancer/population/population100real\5\168.jpg,5
./balancer/population/population100real\5\17.jpg,5
./balancer/population/population100real\5\170.jpg,5
./balancer/population/population100real\5\173.jpg,5
./balancer/population/population100real\5\174.jpg,5
./balancer/population/population100real\5\177.jpg,5
./balancer/population/population100real\5\178.jpg,5
./balancer/population/population100real\5\18.jpg,5
./balancer/population/population100real\5\180.jpg,5
./balancer/population/population100real\5\181.jpg,5
./balancer/population/population100real\5\183.JPG,5
./balancer/population/population100real\5\185.jpg,5
./balancer/population/population100real\5\186.JPG,5
./balancer/population/population100real\5\187.jpg,5
./balancer/population/population100real\5\188.jpg,5
./balancer/population/population100real\5\19.JPG,5
./balancer/population/population100real\5\190.jpg,5
./balancer/population/population100real\5\191.jpg,5
./balancer/population/population100real\5\192.jpg,5
./balancer/population/population100real\5\195.jpg,5
./balancer/population/population100real\5\196.jpg,5
./balancer/population/population100real\5\197.jpg,5
./balancer/population/population100real\5\198.jpg,5
./balancer/population/population100real\5\199.JPG,5
./balancer/population/population100real\5\2.jpg,5
./balancer/population/population100real\5\200.jpg,5
./balancer/population/population100real\5\202.jpg,5
./balancer/population/population100real\5\203.jpg,5
./balancer/population/population100real\5\204.jpg,5
./balancer/population/population100real\5\205.jpg,5
./balancer/population/population100real\5\206.jpg,5
./balancer/population/population100real\5\210.jpg,5
./balancer/population/population100real\5\211.jpg,5
./balancer/population/population100real\5\212.JPG,5
./balancer/population/population100real\5\213.jpg,5
./balancer/population/population100real\5\215.jpg,5
./balancer/population/population100real\5\216.jpg,5
./balancer/population/population100real\5\219.jpg,5
./balancer/population/population100real\5\22.jpg,5
./balancer/population/population100real\5\220.jpg,5
./balancer/population/population100real\5\221.jpg,5
./balancer/population/population100real\5\222.jpg,5
./balancer/population/population100real\5\224.jpg,5
./balancer/population/population100real\5\225.jpg,5
./balancer/population/population100real\5\226.jpg,5
./balancer/population/population100real\5\227.jpg,5
./balancer/population/population100real\5\229.jpg,5
./balancer/population/population100real\5\23.jpg,5
./balancer/population/population100real\5\230.jpg,5
./balancer/population/population100real\5\231.JPG,5
./balancer/population/population100real\5\232.jpg,5
./balancer/population/population100real\5\233.jpg,5
./balancer/population/population100real\5\234.jpg,5
./balancer/population/population100real\5\235.jpg,5
./balancer/population/population100real\5\237.JPG,5
./balancer/population/population100real\5\238.jpg,5
./balancer/population/population100real\5\239.jpg,5
./balancer/population/population100real\5\240.jpg,5
./balancer/population/population100real\5\241.jpg,5
./balancer/population/population100real\5\242.jpg,5
./balancer/population/population100real\5\243.jpg,5
./balancer/population/population100real\5\244.jpg,5
./balancer/population/population100real\5\245.jpg,5
./balancer/population/population100real\5\246.jpg,5
./balancer/population/population100real\5\247.jpg,5
./balancer/population/population100real\5\248.jpg,5
./balancer/population/population100real\5\249.jpg,5
./balancer/population/population100real\5\25.jpg,5
./balancer/population/population100real\5\250.jpg,5
./balancer/population/population100real\5\252.jpg,5
./balancer/population/population100real\5\253.jpg,5
./balancer/population/population100real\5\255.jpg,5
./balancer/population/population100real\5\256.jpg,5
./balancer/population/population100real\5\257.jpg,5
./balancer/population/population100real\5\258.jpg,5
./balancer/population/population100real\5\259.jpg,5
./balancer/population/population100real\5\26.jpg,5
./balancer/population/population100real\5\260.jpg,5
./balancer/population/population100real\5\262.jpg,5
./balancer/population/population100real\5\263.jpg,5
./balancer/population/population100real\5\264.jpg,5
./balancer/population/population100real\5\266.jpg,5
./balancer/population/population100real\5\269.jpg,5
./balancer/population/population100real\5\27.jpg,5
./balancer/population/population100real\5\270.jpg,5
./balancer/population/population100real\5\271.jpg,5
./balancer/population/population100real\5\272.jpg,5
./balancer/population/population100real\5\273.JPG,5
./balancer/population/population100real\5\275.jpg,5
./balancer/population/population100real\5\276.jpg,5
./balancer/population/population100real\5\277.jpg,5
./balancer/population/population100real\5\282.jpg,5
./balancer/population/population100real\5\283.jpg,5
./balancer/population/population100real\5\284.jpg,5
./balancer/population/population100real\5\285.jpg,5
./balancer/population/population100real\5\286.jpg,5
./balancer/population/population100real\5\30.jpg,5
./balancer/population/population100real\5\31.jpg,5
./balancer/population/population100real\5\32.jpg,5
./balancer/population/population100real\5\33.JPG,5
./balancer/population/population100real\5\34.jpg,5
./balancer/population/population100real\5\37.jpg,5
./balancer/population/population100real\5\38.jpg,5
./balancer/population/population100real\5\39.jpg,5
./balancer/population/population100real\5\4.jpg,5
./balancer/population/population100real\5\41.jpg,5
./balancer/population/population100real\5\42.jpg,5
./balancer/population/population100real\5\43.jpg,5
./balancer/population/population100real\5\46.jpg,5
./balancer/population/population100real\5\48.jpg,5
./balancer/population/population100real\5\50.jpg,5
./balancer/population/population100real\5\51.jpg,5
./balancer/population/population100real\5\52.JPG,5
./balancer/population/population100real\5\53.jpg,5
./balancer/population/population100real\5\54.jpg,5
./balancer/population/population100real\5\55.jpg,5
./balancer/population/population100real\5\56.jpg,5
./balancer/population/population100real\5\58.jpg,5
./balancer/population/population100real\5\6.jpg,5
./balancer/population/population100real\5\60.jpg,5
./balancer/population/population100real\5\61.jpg,5
./balancer/population/population100real\5\62.JPG,5
./balancer/population/population100real\5\63.jpg,5
./balancer/population/population100real\5\64.jpg,5
./balancer/population/population100real\5\70.jpg,5
./balancer/population/population100real\5\72.jpg,5
./balancer/population/population100real\5\75.jpg,5
./balancer/population/population100real\5\76.jpg,5
./balancer/population/population100real\5\77.jpg,5
./balancer/population/population100real\5\78.jpg,5
./balancer/population/population100real\5\8.jpg,5
./balancer/population/population100real\5\80.jpg,5
./balancer/population/population100real\5\81.jpg,5
./balancer/population/population100real\5\82.jpg,5
./balancer/population/population100real\5\83.jpg,5
./balancer/population/population100real\5\85.jpg,5
./balancer/population/population100real\5\86.jpg,5
./balancer/population/population100real\5\87.jpg,5
./balancer/population/population100real\5\88.jpg,5
./balancer/population/population100real\5\9.jpg,5
./balancer/population/population100real\5\90.jpg,5
./balancer/population/population100real\5\91.jpg,5
./balancer/population/population100real\5\94.jpg,5
./balancer/population/population100real\5\95.jpg,5
./balancer/population/population100real\5\98.jpg,5
./balancer/population/population100real\50\1006.jpg,50
./balancer/population/population100real\50\1010.jpg,50
./balancer/population/population100real\50\1011.jpg,50
./balancer/population/population100real\50\1016.jpg,50
./balancer/population/population100real\50\104.jpg,50
./balancer/population/population100real\50\1063.jpg,50
./balancer/population/population100real\50\1094.jpg,50
./balancer/population/population100real\50\1111.jpg,50
./balancer/population/population100real\50\1203.jpg,50
./balancer/population/population100real\50\1216.jpg,50
./balancer/population/population100real\50\1252.jpg,50
./balancer/population/population100real\50\126.jpg,50
./balancer/population/population100real\50\1262.jpg,50
./balancer/population/population100real\50\1269.JPG,50
./balancer/population/population100real\50\1284.jpg,50
./balancer/population/population100real\50\1299.jpg,50
./balancer/population/population100real\50\1306.jpg,50
./balancer/population/population100real\50\1337.jpg,50
./balancer/population/population100real\50\135.jpg,50
./balancer/population/population100real\50\137.jpg,50
./balancer/population/population100real\50\1400.JPG,50
./balancer/population/population100real\50\1405.jpg,50
./balancer/population/population100real\50\1428.jpg,50
./balancer/population/population100real\50\1433.jpg,50
./balancer/population/population100real\50\1459.jpg,50
./balancer/population/population100real\50\1461.jpg,50
./balancer/population/population100real\50\1530.jpg,50
./balancer/population/population100real\50\1553.JPG,50
./balancer/population/population100real\50\1563.jpg,50
./balancer/population/population100real\50\1565.JPG,50
./balancer/population/population100real\50\1576.jpg,50
./balancer/population/population100real\50\1646.jpg,50
./balancer/population/population100real\50\1667.jpg,50
./balancer/population/population100real\50\1703.jpg,50
./balancer/population/population100real\50\1704.jpg,50
./balancer/population/population100real\50\1711.JPG,50
./balancer/population/population100real\50\1743.jpg,50
./balancer/population/population100real\50\1759.jpg,50
./balancer/population/population100real\50\1767.jpg,50
./balancer/population/population100real\50\1790.jpg,50
./balancer/population/population100real\50\1872.jpg,50
./balancer/population/population100real\50\1886.jpg,50
./balancer/population/population100real\50\1898.jpg,50
./balancer/population/population100real\50\19.JPG,50
./balancer/population/population100real\50\1957.jpg,50
./balancer/population/population100real\50\1977.jpg,50
./balancer/population/population100real\50\1999.jpg,50
./balancer/population/population100real\50\2034.jpg,50
./balancer/population/population100real\50\2076.JPG,50
./balancer/population/population100real\50\2133.jpg,50
./balancer/population/population100real\50\2237.jpg,50
./balancer/population/population100real\50\2261.jpg,50
./balancer/population/population100real\50\2386.jpg,50
./balancer/population/population100real\50\2423.jpg,50
./balancer/population/population100real\50\2449.jpg,50
./balancer/population/population100real\50\2466.jpg,50
./balancer/population/population100real\50\2472.jpg,50
./balancer/population/population100real\50\2483.jpg,50
./balancer/population/population100real\50\2491.jpg,50
./balancer/population/population100real\50\2561.jpg,50
./balancer/population/population100real\50\2568.JPG,50
./balancer/population/population100real\50\2570.jpg,50
./balancer/population/population100real\50\2572.jpg,50
./balancer/population/population100real\50\2586.JPG,50
./balancer/population/population100real\50\2589.jpg,50
./balancer/population/population100real\50\262.jpg,50
./balancer/population/population100real\50\2624.jpg,50
./balancer/population/population100real\50\2625.jpg,50
./balancer/population/population100real\50\2647.jpg,50
./balancer/population/population100real\50\2653.jpg,50
./balancer/population/population100real\50\2682.jpg,50
./balancer/population/population100real\50\2692.jpg,50
./balancer/population/population100real\50\2700.jpg,50
./balancer/population/population100real\50\2712.jpg,50
./balancer/population/population100real\50\2723.jpg,50
./balancer/population/population100real\50\2724.jpg,50
./balancer/population/population100real\50\2729.jpg,50
./balancer/population/population100real\50\2733.jpg,50
./balancer/population/population100real\50\2745.jpg,50
./balancer/population/population100real\50\2783.jpg,50
./balancer/population/population100real\50\2786.jpg,50
./balancer/population/population100real\50\2924.jpg,50
./balancer/population/population100real\50\2956.jpg,50
./balancer/population/population100real\50\2980.jpg,50
./balancer/population/population100real\50\3013.JPG,50
./balancer/population/population100real\50\3033.jpg,50
./balancer/population/population100real\50\3049.jpg,50
./balancer/population/population100real\50\3077.JPG,50
./balancer/population/population100real\50\3090.jpg,50
./balancer/population/population100real\50\3110.jpg,50
./balancer/population/population100real\50\3124.jpg,50
./balancer/population/population100real\50\3143.jpg,50
./balancer/population/population100real\50\3149.JPG,50
./balancer/population/population100real\50\3179.jpg,50
./balancer/population/population100real\50\3205.jpg,50
./balancer/population/population100real\50\3262.jpg,50
./balancer/population/population100real\50\3309.jpg,50
./balancer/population/population100real\50\331.jpg,50
./balancer/population/population100real\50\3312.jpg,50
./balancer/population/population100real\50\3354.jpg,50
./balancer/population/population100real\50\3369.jpg,50
./balancer/population/population100real\50\3390.jpg,50
./balancer/population/population100real\50\3420.jpg,50
./balancer/population/population100real\50\344.jpg,50
./balancer/population/population100real\50\3446.jpg,50
./balancer/population/population100real\50\3510.jpg,50
./balancer/population/population100real\50\3588.jpg,50
./balancer/population/population100real\50\3591.jpg,50
./balancer/population/population100real\50\3635.jpg,50
./balancer/population/population100real\50\3656.jpg,50
./balancer/population/population100real\50\3722.jpg,50
./balancer/population/population100real\50\3733.JPG,50
./balancer/population/population100real\50\3735.jpg,50
./balancer/population/population100real\50\3744.jpg,50
./balancer/population/population100real\50\3755.jpg,50
./balancer/population/population100real\50\3771.jpg,50
./balancer/population/population100real\50\3785.jpg,50
./balancer/population/population100real\50\3843.jpg,50
./balancer/population/population100real\50\3997.jpg,50
./balancer/population/population100real\50\401.jpg,50
./balancer/population/population100real\50\4057.jpg,50
./balancer/population/population100real\50\4080.jpg,50
./balancer/population/population100real\50\41.jpg,50
./balancer/population/population100real\50\4118.jpg,50
./balancer/population/population100real\50\4121.jpg,50
./balancer/population/population100real\50\4154.jpg,50
./balancer/population/population100real\50\4177.jpg,50
./balancer/population/population100real\50\4191.jpg,50
./balancer/population/population100real\50\4227.jpg,50
./balancer/population/population100real\50\4233.jpg,50
./balancer/population/population100real\50\4294.jpg,50
./balancer/population/population100real\50\43.jpg,50
./balancer/population/population100real\50\4320.jpg,50
./balancer/population/population100real\50\433.JPG,50
./balancer/population/population100real\50\4339.jpg,50
./balancer/population/population100real\50\4360.jpg,50
./balancer/population/population100real\50\4402.jpg,50
./balancer/population/population100real\50\4421.JPG,50
./balancer/population/population100real\50\4438.JPG,50
./balancer/population/population100real\50\4446.jpg,50
./balancer/population/population100real\50\4454.jpg,50
./balancer/population/population100real\50\447.jpg,50
./balancer/population/population100real\50\45.jpg,50
./balancer/population/population100real\50\4509.jpg,50
./balancer/population/population100real\50\4525.JPG,50
./balancer/population/population100real\50\4558.JPG,50
./balancer/population/population100real\50\4597.jpg,50
./balancer/population/population100real\50\4623.jpg,50
./balancer/population/population100real\50\4688.jpg,50
./balancer/population/population100real\50\4741.jpg,50
./balancer/population/population100real\50\4773.jpg,50
./balancer/population/population100real\50\4798.jpg,50
./balancer/population/population100real\50\4799.jpg,50
./balancer/population/population100real\50\4808.jpg,50
./balancer/population/population100real\50\4809.jpg,50
./balancer/population/population100real\50\4828.jpg,50
./balancer/population/population100real\50\4839.jpg,50
./balancer/population/population100real\50\485.JPG,50
./balancer/population/population100real\50\4892.jpg,50
./balancer/population/population100real\50\4923.jpg,50
./balancer/population/population100real\50\4937.JPG,50
./balancer/population/population100real\50\4961.jpg,50
./balancer/population/population100real\50\4965.jpg,50
./balancer/population/population100real\50\4972.jpg,50
./balancer/population/population100real\50\5016.JPG,50
./balancer/population/population100real\50\5017.jpg,50
./balancer/population/population100real\50\5060.jpg,50
./balancer/population/population100real\50\5077.jpg,50
./balancer/population/population100real\50\508.jpg,50
./balancer/population/population100real\50\5094.jpg,50
./balancer/population/population100real\50\5100.jpg,50
./balancer/population/population100real\50\5109.jpg,50
./balancer/population/population100real\50\5172.jpg,50
./balancer/population/population100real\50\5194.jpg,50
./balancer/population/population100real\50\5197.jpg,50
./balancer/population/population100real\50\522.jpg,50
./balancer/population/population100real\50\5279.jpg,50
./balancer/population/population100real\50\5283.jpg,50
./balancer/population/population100real\50\529.jpg,50
./balancer/population/population100real\50\5335.jpg,50
./balancer/population/population100real\50\5344.jpg,50
./balancer/population/population100real\50\5356.JPG,50
./balancer/population/population100real\50\5375.jpg,50
./balancer/population/population100real\50\5384.jpg,50
./balancer/population/population100real\50\5398.jpg,50
./balancer/population/population100real\50\54.jpg,50
./balancer/population/population100real\50\5418.jpg,50
./balancer/population/population100real\50\5508.jpg,50
./balancer/population/population100real\50\5549.JPG,50
./balancer/population/population100real\50\5625.jpg,50
./balancer/population/population100real\50\5662.JPG,50
./balancer/population/population100real\50\5669.jpg,50
./balancer/population/population100real\50\578.jpg,50
./balancer/population/population100real\50\624.jpg,50
./balancer/population/population100real\50\689.jpg,50
./balancer/population/population100real\50\733.jpg,50
./balancer/population/population100real\50\765.jpg,50
./balancer/population/population100real\50\768.jpg,50
./balancer/population/population100real\50\881.jpg,50
./balancer/population/population100real\50\974.JPG,50
./balancer/population/population100real\50\996.jpg,50
./balancer/population/population100real\51\0.jpg,51
./balancer/population/population100real\51\1002.jpg,51
./balancer/population/population100real\51\1054.JPG,51
./balancer/population/population100real\51\1069.jpg,51
./balancer/population/population100real\51\1090.jpg,51
./balancer/population/population100real\51\1147.jpg,51
./balancer/population/population100real\51\1181.jpg,51
./balancer/population/population100real\51\124.jpg,51
./balancer/population/population100real\51\1299.jpg,51
./balancer/population/population100real\51\1304.jpg,51
./balancer/population/population100real\51\1346.jpg,51
./balancer/population/population100real\51\1372.JPG,51
./balancer/population/population100real\51\1376.jpg,51
./balancer/population/population100real\51\1402.jpg,51
./balancer/population/population100real\51\1417.jpg,51
./balancer/population/population100real\51\1474.jpg,51
./balancer/population/population100real\51\1494.jpg,51
./balancer/population/population100real\51\1497.jpg,51
./balancer/population/population100real\51\1559.jpg,51
./balancer/population/population100real\51\1613.jpg,51
./balancer/population/population100real\51\1658.jpg,51
./balancer/population/population100real\51\1665.jpg,51
./balancer/population/population100real\51\1671.jpg,51
./balancer/population/population100real\51\1686.JPG,51
./balancer/population/population100real\51\17.jpg,51
./balancer/population/population100real\51\1726.jpg,51
./balancer/population/population100real\51\1728.JPG,51
./balancer/population/population100real\51\1737.jpg,51
./balancer/population/population100real\51\1752.jpg,51
./balancer/population/population100real\51\1770.jpg,51
./balancer/population/population100real\51\1795.jpg,51
./balancer/population/population100real\51\1800.jpg,51
./balancer/population/population100real\51\1809.jpg,51
./balancer/population/population100real\51\1815.jpg,51
./balancer/population/population100real\51\1827.jpg,51
./balancer/population/population100real\51\1837.JPG,51
./balancer/population/population100real\51\1854.jpg,51
./balancer/population/population100real\51\1894.jpg,51
./balancer/population/population100real\51\19.jpg,51
./balancer/population/population100real\51\1958.jpg,51
./balancer/population/population100real\51\196.jpg,51
./balancer/population/population100real\51\1976.jpg,51
./balancer/population/population100real\51\1998.JPG,51
./balancer/population/population100real\51\2002.jpg,51
./balancer/population/population100real\51\2005.jpg,51
./balancer/population/population100real\51\2049.jpg,51
./balancer/population/population100real\51\2078.jpg,51
./balancer/population/population100real\51\209.jpg,51
./balancer/population/population100real\51\2091.jpg,51
./balancer/population/population100real\51\2095.jpg,51
./balancer/population/population100real\51\211.jpg,51
./balancer/population/population100real\51\2114.jpg,51
./balancer/population/population100real\51\2134.jpg,51
./balancer/population/population100real\51\2173.jpg,51
./balancer/population/population100real\51\222.jpg,51
./balancer/population/population100real\51\2241.jpg,51
./balancer/population/population100real\51\2252.jpg,51
./balancer/population/population100real\51\2320.jpg,51
./balancer/population/population100real\51\2329.jpg,51
./balancer/population/population100real\51\2331.jpg,51
./balancer/population/population100real\51\2336.JPG,51
./balancer/population/population100real\51\2344.JPG,51
./balancer/population/population100real\51\2416.jpg,51
./balancer/population/population100real\51\2448.jpg,51
./balancer/population/population100real\51\2476.jpg,51
./balancer/population/population100real\51\253.jpg,51
./balancer/population/population100real\51\2544.jpg,51
./balancer/population/population100real\51\2547.jpg,51
./balancer/population/population100real\51\2555.jpg,51
./balancer/population/population100real\51\2566.jpg,51
./balancer/population/population100real\51\26.JPG,51
./balancer/population/population100real\51\2654.jpg,51
./balancer/population/population100real\51\2660.jpg,51
./balancer/population/population100real\51\2678.jpg,51
./balancer/population/population100real\51\2714.jpg,51
./balancer/population/population100real\51\2715.JPG,51
./balancer/population/population100real\51\2748.JPG,51
./balancer/population/population100real\51\2772.jpg,51
./balancer/population/population100real\51\2794.jpg,51
./balancer/population/population100real\51\2879.jpg,51
./balancer/population/population100real\51\2880.jpg,51
./balancer/population/population100real\51\2888.jpg,51
./balancer/population/population100real\51\2897.jpg,51
./balancer/population/population100real\51\2947.jpg,51
./balancer/population/population100real\51\2977.jpg,51
./balancer/population/population100real\51\303.JPG,51
./balancer/population/population100real\51\3036.jpg,51
./balancer/population/population100real\51\3038.jpg,51
./balancer/population/population100real\51\3053.jpg,51
./balancer/population/population100real\51\3063.jpg,51
./balancer/population/population100real\51\3067.jpg,51
./balancer/population/population100real\51\3086.jpg,51
./balancer/population/population100real\51\3090.jpg,51
./balancer/population/population100real\51\31.jpg,51
./balancer/population/population100real\51\3105.jpg,51
./balancer/population/population100real\51\3110.jpg,51
./balancer/population/population100real\51\3128.jpg,51
./balancer/population/population100real\51\3133.jpg,51
./balancer/population/population100real\51\3202.jpg,51
./balancer/population/population100real\51\3226.JPG,51
./balancer/population/population100real\51\3251.jpg,51
./balancer/population/population100real\51\3260.jpg,51
./balancer/population/population100real\51\3326.jpg,51
./balancer/population/population100real\51\3336.jpg,51
./balancer/population/population100real\51\3355.jpg,51
./balancer/population/population100real\51\3375.jpg,51
./balancer/population/population100real\51\3432.jpg,51
./balancer/population/population100real\51\3455.jpg,51
./balancer/population/population100real\51\3457.jpg,51
./balancer/population/population100real\51\347.jpg,51
./balancer/population/population100real\51\3519.jpg,51
./balancer/population/population100real\51\3529.JPG,51
./balancer/population/population100real\51\356.jpg,51
./balancer/population/population100real\51\3575.jpg,51
./balancer/population/population100real\51\3579.jpg,51
./balancer/population/population100real\51\3581.jpg,51
./balancer/population/population100real\51\3613.jpg,51
./balancer/population/population100real\51\3653.jpg,51
./balancer/population/population100real\51\37.jpg,51
./balancer/population/population100real\51\3715.jpg,51
./balancer/population/population100real\51\373.jpg,51
./balancer/population/population100real\51\3758.jpg,51
./balancer/population/population100real\51\3822.JPG,51
./balancer/population/population100real\51\3887.jpg,51
./balancer/population/population100real\51\3924.jpg,51
./balancer/population/population100real\51\3951.jpg,51
./balancer/population/population100real\51\3977.jpg,51
./balancer/population/population100real\51\398.jpg,51
./balancer/population/population100real\51\3994.jpg,51
./balancer/population/population100real\51\4034.jpg,51
./balancer/population/population100real\51\4062.jpg,51
./balancer/population/population100real\51\4073.jpg,51
./balancer/population/population100real\51\4127.jpg,51
./balancer/population/population100real\51\4139.jpg,51
./balancer/population/population100real\51\4150.jpg,51
./balancer/population/population100real\51\4172.jpg,51
./balancer/population/population100real\51\4181.jpg,51
./balancer/population/population100real\51\4185.jpg,51
./balancer/population/population100real\51\4203.jpg,51
./balancer/population/population100real\51\4248.jpg,51
./balancer/population/population100real\51\425.jpg,51
./balancer/population/population100real\51\4263.jpg,51
./balancer/population/population100real\51\4264.jpg,51
./balancer/population/population100real\51\4280.jpg,51
./balancer/population/population100real\51\4328.jpg,51
./balancer/population/population100real\51\4367.JPG,51
./balancer/population/population100real\51\4435.jpg,51
./balancer/population/population100real\51\4479.jpg,51
./balancer/population/population100real\51\4486.JPG,51
./balancer/population/population100real\51\4490.jpg,51
./balancer/population/population100real\51\4499.jpg,51
./balancer/population/population100real\51\4548.jpg,51
./balancer/population/population100real\51\4570.jpg,51
./balancer/population/population100real\51\4597.JPG,51
./balancer/population/population100real\51\4598.jpg,51
./balancer/population/population100real\51\46.jpg,51
./balancer/population/population100real\51\4603.jpg,51
./balancer/population/population100real\51\4618.jpg,51
./balancer/population/population100real\51\463.JPG,51
./balancer/population/population100real\51\4671.jpg,51
./balancer/population/population100real\51\4677.jpg,51
./balancer/population/population100real\51\4701.jpg,51
./balancer/population/population100real\51\4705.jpg,51
./balancer/population/population100real\51\4732.jpg,51
./balancer/population/population100real\51\475.jpg,51
./balancer/population/population100real\51\4788.jpg,51
./balancer/population/population100real\51\479.jpg,51
./balancer/population/population100real\51\4811.jpg,51
./balancer/population/population100real\51\4812.JPG,51
./balancer/population/population100real\51\4832.jpg,51
./balancer/population/population100real\51\4886.jpg,51
./balancer/population/population100real\51\4896.jpg,51
./balancer/population/population100real\51\4910.jpg,51
./balancer/population/population100real\51\4924.jpg,51
./balancer/population/population100real\51\4930.jpg,51
./balancer/population/population100real\51\4952.jpg,51
./balancer/population/population100real\51\4976.jpg,51
./balancer/population/population100real\51\5031.jpg,51
./balancer/population/population100real\51\509.jpg,51
./balancer/population/population100real\51\530.jpg,51
./balancer/population/population100real\51\531.jpg,51
./balancer/population/population100real\51\541.jpg,51
./balancer/population/population100real\51\586.jpg,51
./balancer/population/population100real\51\602.jpg,51
./balancer/population/population100real\51\640.jpg,51
./balancer/population/population100real\51\649.jpg,51
./balancer/population/population100real\51\657.jpg,51
./balancer/population/population100real\51\666.jpg,51
./balancer/population/population100real\51\670.jpg,51
./balancer/population/population100real\51\680.jpg,51
./balancer/population/population100real\51\690.jpg,51
./balancer/population/population100real\51\729.jpg,51
./balancer/population/population100real\51\745.jpg,51
./balancer/population/population100real\51\750.jpg,51
./balancer/population/population100real\51\783.jpg,51
./balancer/population/population100real\51\807.jpg,51
./balancer/population/population100real\51\926.jpg,51
./balancer/population/population100real\51\934.jpg,51
./balancer/population/population100real\51\964.jpg,51
./balancer/population/population100real\51\973.jpg,51
./balancer/population/population100real\52\1019.JPG,52
./balancer/population/population100real\52\1021.jpg,52
./balancer/population/population100real\52\1023.jpg,52
./balancer/population/population100real\52\1032.jpg,52
./balancer/population/population100real\52\104.jpg,52
./balancer/population/population100real\52\1040.jpg,52
./balancer/population/population100real\52\1057.jpg,52
./balancer/population/population100real\52\1064.jpg,52
./balancer/population/population100real\52\1080.jpg,52
./balancer/population/population100real\52\1084.JPG,52
./balancer/population/population100real\52\1089.jpg,52
./balancer/population/population100real\52\109.jpg,52
./balancer/population/population100real\52\1095.jpg,52
./balancer/population/population100real\52\1179.jpg,52
./balancer/population/population100real\52\119.jpg,52
./balancer/population/population100real\52\1191.jpg,52
./balancer/population/population100real\52\1202.jpg,52
./balancer/population/population100real\52\1206.jpg,52
./balancer/population/population100real\52\1230.jpg,52
./balancer/population/population100real\52\1260.jpg,52
./balancer/population/population100real\52\1287.jpg,52
./balancer/population/population100real\52\1305.jpg,52
./balancer/population/population100real\52\1309.jpg,52
./balancer/population/population100real\52\1321.jpg,52
./balancer/population/population100real\52\1322.JPG,52
./balancer/population/population100real\52\1325.jpg,52
./balancer/population/population100real\52\1352.jpg,52
./balancer/population/population100real\52\1371.jpg,52
./balancer/population/population100real\52\1402.jpg,52
./balancer/population/population100real\52\1416.jpg,52
./balancer/population/population100real\52\1435.jpg,52
./balancer/population/population100real\52\1436.jpg,52
./balancer/population/population100real\52\1456.jpg,52
./balancer/population/population100real\52\1508.jpg,52
./balancer/population/population100real\52\1521.jpg,52
./balancer/population/population100real\52\1529.JPG,52
./balancer/population/population100real\52\1533.jpg,52
./balancer/population/population100real\52\1551.jpg,52
./balancer/population/population100real\52\1555.jpg,52
./balancer/population/population100real\52\1670.jpg,52
./balancer/population/population100real\52\1707.jpg,52
./balancer/population/population100real\52\1728.jpg,52
./balancer/population/population100real\52\1747.jpg,52
./balancer/population/population100real\52\1792.jpg,52
./balancer/population/population100real\52\1803.jpg,52
./balancer/population/population100real\52\1863.jpg,52
./balancer/population/population100real\52\1864.jpg,52
./balancer/population/population100real\52\1873.jpg,52
./balancer/population/population100real\52\1883.jpg,52
./balancer/population/population100real\52\1887.jpg,52
./balancer/population/population100real\52\1906.jpg,52
./balancer/population/population100real\52\1908.jpg,52
./balancer/population/population100real\52\1917.jpg,52
./balancer/population/population100real\52\1929.jpg,52
./balancer/population/population100real\52\196.jpg,52
./balancer/population/population100real\52\1988.jpg,52
./balancer/population/population100real\52\2009.jpg,52
./balancer/population/population100real\52\2034.jpg,52
./balancer/population/population100real\52\2048.jpg,52
./balancer/population/population100real\52\2052.jpg,52
./balancer/population/population100real\52\2056.jpg,52
./balancer/population/population100real\52\2087.jpg,52
./balancer/population/population100real\52\2090.JPG,52
./balancer/population/population100real\52\2091.jpg,52
./balancer/population/population100real\52\2093.jpg,52
./balancer/population/population100real\52\2097.JPG,52
./balancer/population/population100real\52\2109.jpg,52
./balancer/population/population100real\52\2116.jpg,52
./balancer/population/population100real\52\2121.jpg,52
./balancer/population/population100real\52\2143.jpg,52
./balancer/population/population100real\52\2171.jpg,52
./balancer/population/population100real\52\2192.JPG,52
./balancer/population/population100real\52\2206.jpg,52
./balancer/population/population100real\52\2312.jpg,52
./balancer/population/population100real\52\2345.jpg,52
./balancer/population/population100real\52\2362.jpg,52
./balancer/population/population100real\52\2380.jpg,52
./balancer/population/population100real\52\2397.jpg,52
./balancer/population/population100real\52\2404.jpg,52
./balancer/population/population100real\52\2442.jpg,52
./balancer/population/population100real\52\2443.jpg,52
./balancer/population/population100real\52\2469.jpg,52
./balancer/population/population100real\52\2483.jpg,52
./balancer/population/population100real\52\2489.jpg,52
./balancer/population/population100real\52\2492.jpg,52
./balancer/population/population100real\52\251.jpg,52
./balancer/population/population100real\52\2562.jpg,52
./balancer/population/population100real\52\2624.jpg,52
./balancer/population/population100real\52\2632.jpg,52
./balancer/population/population100real\52\2633.jpg,52
./balancer/population/population100real\52\2666.JPG,52
./balancer/population/population100real\52\2699.jpg,52
./balancer/population/population100real\52\2751.jpg,52
./balancer/population/population100real\52\2764.jpg,52
./balancer/population/population100real\52\2848.jpg,52
./balancer/population/population100real\52\2856.jpg,52
./balancer/population/population100real\52\2879.jpg,52
./balancer/population/population100real\52\2922.jpg,52
./balancer/population/population100real\52\2927.jpg,52
./balancer/population/population100real\52\2935.jpg,52
./balancer/population/population100real\52\2956.jpg,52
./balancer/population/population100real\52\298.jpg,52
./balancer/population/population100real\52\2984.jpg,52
./balancer/population/population100real\52\3012.jpg,52
./balancer/population/population100real\52\3028.jpg,52
./balancer/population/population100real\52\3030.jpg,52
./balancer/population/population100real\52\3083.jpg,52
./balancer/population/population100real\52\3148.jpg,52
./balancer/population/population100real\52\3165.jpg,52
./balancer/population/population100real\52\3179.jpg,52
./balancer/population/population100real\52\3185.jpg,52
./balancer/population/population100real\52\3190.jpg,52
./balancer/population/population100real\52\3207.JPG,52
./balancer/population/population100real\52\3221.jpg,52
./balancer/population/population100real\52\3235.jpg,52
./balancer/population/population100real\52\3263.jpg,52
./balancer/population/population100real\52\327.jpg,52
./balancer/population/population100real\52\3319.jpg,52
./balancer/population/population100real\52\3361.jpg,52
./balancer/population/population100real\52\3365.JPG,52
./balancer/population/population100real\52\3429.jpg,52
./balancer/population/population100real\52\3433.jpg,52
./balancer/population/population100real\52\3434.jpg,52
./balancer/population/population100real\52\3440.jpg,52
./balancer/population/population100real\52\3444.jpg,52
./balancer/population/population100real\52\3543.jpg,52
./balancer/population/population100real\52\3554.jpg,52
./balancer/population/population100real\52\3573.JPG,52
./balancer/population/population100real\52\3575.jpg,52
./balancer/population/population100real\52\3643.jpg,52
./balancer/population/population100real\52\3680.jpg,52
./balancer/population/population100real\52\3690.jpg,52
./balancer/population/population100real\52\3733.jpg,52
./balancer/population/population100real\52\3768.jpg,52
./balancer/population/population100real\52\3771.jpg,52
./balancer/population/population100real\52\3775.jpg,52
./balancer/population/population100real\52\3794.jpg,52
./balancer/population/population100real\52\3800.jpg,52
./balancer/population/population100real\52\3877.jpg,52
./balancer/population/population100real\52\3918.JPG,52
./balancer/population/population100real\52\3974.jpg,52
./balancer/population/population100real\52\4019.jpg,52
./balancer/population/population100real\52\4024.jpg,52
./balancer/population/population100real\52\4070.jpg,52
./balancer/population/population100real\52\4094.jpg,52
./balancer/population/population100real\52\4098.jpg,52
./balancer/population/population100real\52\4127.jpg,52
./balancer/population/population100real\52\4141.jpg,52
./balancer/population/population100real\52\4169.jpg,52
./balancer/population/population100real\52\4182.jpg,52
./balancer/population/population100real\52\4192.jpg,52
./balancer/population/population100real\52\4195.JPG,52
./balancer/population/population100real\52\4218.jpg,52
./balancer/population/population100real\52\422.jpg,52
./balancer/population/population100real\52\4220.jpg,52
./balancer/population/population100real\52\4221.jpg,52
./balancer/population/population100real\52\424.JPG,52
./balancer/population/population100real\52\4244.jpg,52
./balancer/population/population100real\52\4245.jpg,52
./balancer/population/population100real\52\4256.jpg,52
./balancer/population/population100real\52\4290.jpg,52
./balancer/population/population100real\52\4291.jpg,52
./balancer/population/population100real\52\4306.JPG,52
./balancer/population/population100real\52\4324.jpg,52
./balancer/population/population100real\52\4327.jpg,52
./balancer/population/population100real\52\4336.jpg,52
./balancer/population/population100real\52\4347.JPG,52
./balancer/population/population100real\52\4362.jpg,52
./balancer/population/population100real\52\4403.jpg,52
./balancer/population/population100real\52\450.jpg,52
./balancer/population/population100real\52\4527.jpg,52
./balancer/population/population100real\52\4533.jpg,52
./balancer/population/population100real\52\4550.jpg,52
./balancer/population/population100real\52\4551.jpg,52
./balancer/population/population100real\52\4570.jpg,52
./balancer/population/population100real\52\4574.jpg,52
./balancer/population/population100real\52\4610.jpg,52
./balancer/population/population100real\52\462.jpg,52
./balancer/population/population100real\52\4673.jpg,52
./balancer/population/population100real\52\4688.jpg,52
./balancer/population/population100real\52\4698.JPG,52
./balancer/population/population100real\52\4747.jpg,52
./balancer/population/population100real\52\476.jpg,52
./balancer/population/population100real\52\4767.JPG,52
./balancer/population/population100real\52\4797.jpg,52
./balancer/population/population100real\52\4866.jpg,52
./balancer/population/population100real\52\4867.JPG,52
./balancer/population/population100real\52\4886.jpg,52
./balancer/population/population100real\52\4893.jpg,52
./balancer/population/population100real\52\496.jpg,52
./balancer/population/population100real\52\500.jpg,52
./balancer/population/population100real\52\503.jpg,52
./balancer/population/population100real\52\542.JPG,52
./balancer/population/population100real\52\601.jpg,52
./balancer/population/population100real\52\623.jpg,52
./balancer/population/population100real\52\657.jpg,52
./balancer/population/population100real\52\673.jpg,52
./balancer/population/population100real\52\727.jpg,52
./balancer/population/population100real\52\765.jpg,52
./balancer/population/population100real\52\770.jpg,52
./balancer/population/population100real\52\773.jpg,52
./balancer/population/population100real\52\787.jpg,52
./balancer/population/population100real\52\834.jpg,52
./balancer/population/population100real\52\85.jpg,52
./balancer/population/population100real\52\856.jpg,52
./balancer/population/population100real\52\87.jpg,52
./balancer/population/population100real\52\975.jpg,52
./balancer/population/population100real\52\983.jpg,52
./balancer/population/population100real\52\990.jpg,52
./balancer/population/population100real\53\1039.jpg,53
./balancer/population/population100real\53\1040.jpg,53
./balancer/population/population100real\53\1046.jpg,53
./balancer/population/population100real\53\1058.jpg,53
./balancer/population/population100real\53\1060.jpg,53
./balancer/population/population100real\53\1069.jpg,53
./balancer/population/population100real\53\107.JPG,53
./balancer/population/population100real\53\1088.jpg,53
./balancer/population/population100real\53\1102.jpg,53
./balancer/population/population100real\53\1103.jpg,53
./balancer/population/population100real\53\113.jpg,53
./balancer/population/population100real\53\1133.jpg,53
./balancer/population/population100real\53\1145.jpg,53
./balancer/population/population100real\53\1146.jpg,53
./balancer/population/population100real\53\1196.jpg,53
./balancer/population/population100real\53\1212.jpg,53
./balancer/population/population100real\53\1217.jpg,53
./balancer/population/population100real\53\1224.jpg,53
./balancer/population/population100real\53\1227.jpg,53
./balancer/population/population100real\53\1252.jpg,53
./balancer/population/population100real\53\1292.JPG,53
./balancer/population/population100real\53\1306.jpg,53
./balancer/population/population100real\53\1327.jpg,53
./balancer/population/population100real\53\1353.jpg,53
./balancer/population/population100real\53\1390.jpg,53
./balancer/population/population100real\53\1392.jpg,53
./balancer/population/population100real\53\1405.JPG,53
./balancer/population/population100real\53\1426.jpg,53
./balancer/population/population100real\53\1433.jpg,53
./balancer/population/population100real\53\1442.JPG,53
./balancer/population/population100real\53\1449.jpg,53
./balancer/population/population100real\53\1459.jpg,53
./balancer/population/population100real\53\1466.jpg,53
./balancer/population/population100real\53\1470.JPG,53
./balancer/population/population100real\53\1476.jpg,53
./balancer/population/population100real\53\1499.jpg,53
./balancer/population/population100real\53\1523.jpg,53
./balancer/population/population100real\53\1533.jpg,53
./balancer/population/population100real\53\155.jpg,53
./balancer/population/population100real\53\1631.jpg,53
./balancer/population/population100real\53\1639.jpg,53
./balancer/population/population100real\53\1726.jpg,53
./balancer/population/population100real\53\1741.JPG,53
./balancer/population/population100real\53\1745.jpg,53
./balancer/population/population100real\53\1746.jpg,53
./balancer/population/population100real\53\1801.jpg,53
./balancer/population/population100real\53\1835.JPG,53
./balancer/population/population100real\53\1854.jpg,53
./balancer/population/population100real\53\1879.jpg,53
./balancer/population/population100real\53\1890.jpg,53
./balancer/population/population100real\53\1914.jpg,53
./balancer/population/population100real\53\1926.jpg,53
./balancer/population/population100real\53\1933.jpg,53
./balancer/population/population100real\53\1940.jpg,53
./balancer/population/population100real\53\1945.jpg,53
./balancer/population/population100real\53\1949.jpg,53
./balancer/population/population100real\53\1959.jpg,53
./balancer/population/population100real\53\1965.jpg,53
./balancer/population/population100real\53\1967.jpg,53
./balancer/population/population100real\53\1979.jpg,53
./balancer/population/population100real\53\1997.jpg,53
./balancer/population/population100real\53\1998.JPG,53
./balancer/population/population100real\53\2003.jpg,53
./balancer/population/population100real\53\2028.jpg,53
./balancer/population/population100real\53\2069.jpg,53
./balancer/population/population100real\53\2111.jpg,53
./balancer/population/population100real\53\2114.jpg,53
./balancer/population/population100real\53\2125.jpg,53
./balancer/population/population100real\53\2137.jpg,53
./balancer/population/population100real\53\2138.jpg,53
./balancer/population/population100real\53\215.jpg,53
./balancer/population/population100real\53\2172.jpg,53
./balancer/population/population100real\53\2187.JPG,53
./balancer/population/population100real\53\2190.jpg,53
./balancer/population/population100real\53\2196.jpg,53
./balancer/population/population100real\53\2207.jpg,53
./balancer/population/population100real\53\2247.jpg,53
./balancer/population/population100real\53\2261.jpg,53
./balancer/population/population100real\53\2267.jpg,53
./balancer/population/population100real\53\2275.jpg,53
./balancer/population/population100real\53\2288.jpg,53
./balancer/population/population100real\53\2290.jpg,53
./balancer/population/population100real\53\2303.jpg,53
./balancer/population/population100real\53\2310.JPG,53
./balancer/population/population100real\53\2373.JPG,53
./balancer/population/population100real\53\2375.jpg,53
./balancer/population/population100real\53\2392.jpg,53
./balancer/population/population100real\53\2402.jpg,53
./balancer/population/population100real\53\2404.jpg,53
./balancer/population/population100real\53\2407.jpg,53
./balancer/population/population100real\53\2418.jpg,53
./balancer/population/population100real\53\2438.jpg,53
./balancer/population/population100real\53\2468.jpg,53
./balancer/population/population100real\53\2470.jpg,53
./balancer/population/population100real\53\2475.jpg,53
./balancer/population/population100real\53\2496.jpg,53
./balancer/population/population100real\53\2503.jpg,53
./balancer/population/population100real\53\2510.jpg,53
./balancer/population/population100real\53\2538.jpg,53
./balancer/population/population100real\53\2545.jpg,53
./balancer/population/population100real\53\2553.JPG,53
./balancer/population/population100real\53\2561.jpg,53
./balancer/population/population100real\53\2573.jpg,53
./balancer/population/population100real\53\2585.jpg,53
./balancer/population/population100real\53\2597.jpg,53
./balancer/population/population100real\53\2598.jpg,53
./balancer/population/population100real\53\2607.JPG,53
./balancer/population/population100real\53\2640.jpg,53
./balancer/population/population100real\53\2641.jpg,53
./balancer/population/population100real\53\2679.jpg,53
./balancer/population/population100real\53\2681.JPG,53
./balancer/population/population100real\53\2690.jpg,53
./balancer/population/population100real\53\2703.jpg,53
./balancer/population/population100real\53\2711.jpg,53
./balancer/population/population100real\53\2724.jpg,53
./balancer/population/population100real\53\2754.jpg,53
./balancer/population/population100real\53\2761.jpg,53
./balancer/population/population100real\53\2773.JPG,53
./balancer/population/population100real\53\2804.jpg,53
./balancer/population/population100real\53\2830.jpg,53
./balancer/population/population100real\53\2840.jpg,53
./balancer/population/population100real\53\2855.jpg,53
./balancer/population/population100real\53\2863.jpg,53
./balancer/population/population100real\53\2894.jpg,53
./balancer/population/population100real\53\2908.jpg,53
./balancer/population/population100real\53\2920.jpg,53
./balancer/population/population100real\53\2939.jpg,53
./balancer/population/population100real\53\2940.jpg,53
./balancer/population/population100real\53\296.jpg,53
./balancer/population/population100real\53\2964.jpg,53
./balancer/population/population100real\53\2967.jpg,53
./balancer/population/population100real\53\2971.jpg,53
./balancer/population/population100real\53\2996.jpg,53
./balancer/population/population100real\53\2998.jpg,53
./balancer/population/population100real\53\3016.jpg,53
./balancer/population/population100real\53\3034.JPG,53
./balancer/population/population100real\53\3036.jpg,53
./balancer/population/population100real\53\3077.jpg,53
./balancer/population/population100real\53\3114.jpg,53
./balancer/population/population100real\53\3171.jpg,53
./balancer/population/population100real\53\3209.jpg,53
./balancer/population/population100real\53\3242.jpg,53
./balancer/population/population100real\53\3243.jpg,53
./balancer/population/population100real\53\3245.JPG,53
./balancer/population/population100real\53\3260.jpg,53
./balancer/population/population100real\53\3266.jpg,53
./balancer/population/population100real\53\3268.jpg,53
./balancer/population/population100real\53\3271.jpg,53
./balancer/population/population100real\53\3289.jpg,53
./balancer/population/population100real\53\3369.jpg,53
./balancer/population/population100real\53\3371.jpg,53
./balancer/population/population100real\53\3375.jpg,53
./balancer/population/population100real\53\3382.jpg,53
./balancer/population/population100real\53\3415.jpg,53
./balancer/population/population100real\53\3416.jpg,53
./balancer/population/population100real\53\3466.jpg,53
./balancer/population/population100real\53\3485.jpg,53
./balancer/population/population100real\53\3520.jpg,53
./balancer/population/population100real\53\3582.jpg,53
./balancer/population/population100real\53\3587.jpg,53
./balancer/population/population100real\53\3593.jpg,53
./balancer/population/population100real\53\3605.JPG,53
./balancer/population/population100real\53\3624.jpg,53
./balancer/population/population100real\53\3629.jpg,53
./balancer/population/population100real\53\3645.jpg,53
./balancer/population/population100real\53\3663.jpg,53
./balancer/population/population100real\53\3675.jpg,53
./balancer/population/population100real\53\37.JPG,53
./balancer/population/population100real\53\3740.jpg,53
./balancer/population/population100real\53\3778.jpg,53
./balancer/population/population100real\53\3837.jpg,53
./balancer/population/population100real\53\3843.jpg,53
./balancer/population/population100real\53\3878.jpg,53
./balancer/population/population100real\53\3906.jpg,53
./balancer/population/population100real\53\3907.jpg,53
./balancer/population/population100real\53\3914.jpg,53
./balancer/population/population100real\53\3953.jpg,53
./balancer/population/population100real\53\3959.jpg,53
./balancer/population/population100real\53\3978.jpg,53
./balancer/population/population100real\53\3980.JPG,53
./balancer/population/population100real\53\3985.jpg,53
./balancer/population/population100real\53\4003.JPG,53
./balancer/population/population100real\53\4009.jpg,53
./balancer/population/population100real\53\4037.jpg,53
./balancer/population/population100real\53\4050.JPG,53
./balancer/population/population100real\53\4061.jpg,53
./balancer/population/population100real\53\4067.jpg,53
./balancer/population/population100real\53\4091.jpg,53
./balancer/population/population100real\53\4127.jpg,53
./balancer/population/population100real\53\4165.jpg,53
./balancer/population/population100real\53\4183.jpg,53
./balancer/population/population100real\53\442.jpg,53
./balancer/population/population100real\53\448.jpg,53
./balancer/population/population100real\53\452.jpg,53
./balancer/population/population100real\53\454.jpg,53
./balancer/population/population100real\53\458.jpg,53
./balancer/population/population100real\53\480.jpg,53
./balancer/population/population100real\53\57.jpg,53
./balancer/population/population100real\53\631.jpg,53
./balancer/population/population100real\53\635.jpg,53
./balancer/population/population100real\53\67.jpg,53
./balancer/population/population100real\53\672.JPG,53
./balancer/population/population100real\53\673.jpg,53
./balancer/population/population100real\53\692.jpg,53
./balancer/population/population100real\53\699.jpg,53
./balancer/population/population100real\53\73.jpg,53
./balancer/population/population100real\53\733.jpg,53
./balancer/population/population100real\53\769.jpg,53
./balancer/population/population100real\53\807.JPG,53
./balancer/population/population100real\53\818.jpg,53
./balancer/population/population100real\53\832.jpg,53
./balancer/population/population100real\53\866.jpg,53
./balancer/population/population100real\53\869.jpg,53
./balancer/population/population100real\53\874.jpg,53
./balancer/population/population100real\53\893.jpg,53
./balancer/population/population100real\53\894.jpg,53
./balancer/population/population100real\53\90.jpg,53
./balancer/population/population100real\53\925.jpg,53
./balancer/population/population100real\53\937.jpg,53
./balancer/population/population100real\53\950.jpg,53
./balancer/population/population100real\53\999.jpg,53
./balancer/population/population100real\54\1005.jpg,54
./balancer/population/population100real\54\1015.jpg,54
./balancer/population/population100real\54\102.jpg,54
./balancer/population/population100real\54\1021.JPG,54
./balancer/population/population100real\54\1066.jpg,54
./balancer/population/population100real\54\1090.jpg,54
./balancer/population/population100real\54\1096.jpg,54
./balancer/population/population100real\54\11.jpg,54
./balancer/population/population100real\54\1101.jpg,54
./balancer/population/population100real\54\1120.jpg,54
./balancer/population/population100real\54\1142.jpg,54
./balancer/population/population100real\54\1152.jpg,54
./balancer/population/population100real\54\1158.JPG,54
./balancer/population/population100real\54\1166.jpg,54
./balancer/population/population100real\54\1167.jpg,54
./balancer/population/population100real\54\1177.jpg,54
./balancer/population/population100real\54\119.jpg,54
./balancer/population/population100real\54\1208.jpg,54
./balancer/population/population100real\54\1220.jpg,54
./balancer/population/population100real\54\1224.jpg,54
./balancer/population/population100real\54\1230.jpg,54
./balancer/population/population100real\54\1249.jpg,54
./balancer/population/population100real\54\1252.jpg,54
./balancer/population/population100real\54\128.jpg,54
./balancer/population/population100real\54\1288.jpg,54
./balancer/population/population100real\54\131.jpg,54
./balancer/population/population100real\54\135.jpg,54
./balancer/population/population100real\54\1353.jpg,54
./balancer/population/population100real\54\1355.jpg,54
./balancer/population/population100real\54\1356.jpg,54
./balancer/population/population100real\54\1357.jpg,54
./balancer/population/population100real\54\1358.jpg,54
./balancer/population/population100real\54\1364.jpg,54
./balancer/population/population100real\54\1373.JPG,54
./balancer/population/population100real\54\1395.JPG,54
./balancer/population/population100real\54\1397.jpg,54
./balancer/population/population100real\54\142.jpg,54
./balancer/population/population100real\54\1445.JPG,54
./balancer/population/population100real\54\1454.jpg,54
./balancer/population/population100real\54\1470.jpg,54
./balancer/population/population100real\54\1503.jpg,54
./balancer/population/population100real\54\1517.jpg,54
./balancer/population/population100real\54\1520.jpg,54
./balancer/population/population100real\54\1523.jpg,54
./balancer/population/population100real\54\1535.jpg,54
./balancer/population/population100real\54\1559.jpg,54
./balancer/population/population100real\54\158.jpg,54
./balancer/population/population100real\54\1595.jpg,54
./balancer/population/population100real\54\1598.jpg,54
./balancer/population/population100real\54\1640.jpg,54
./balancer/population/population100real\54\1670.jpg,54
./balancer/population/population100real\54\1700.jpg,54
./balancer/population/population100real\54\1731.jpg,54
./balancer/population/population100real\54\1739.jpg,54
./balancer/population/population100real\54\174.jpg,54
./balancer/population/population100real\54\176.jpg,54
./balancer/population/population100real\54\1768.jpg,54
./balancer/population/population100real\54\177.jpg,54
./balancer/population/population100real\54\1778.jpg,54
./balancer/population/population100real\54\1791.jpg,54
./balancer/population/population100real\54\1820.jpg,54
./balancer/population/population100real\54\1842.jpg,54
./balancer/population/population100real\54\1882.jpg,54
./balancer/population/population100real\54\189.jpg,54
./balancer/population/population100real\54\1900.jpg,54
./balancer/population/population100real\54\1926.jpg,54
./balancer/population/population100real\54\1935.JPG,54
./balancer/population/population100real\54\1953.JPG,54
./balancer/population/population100real\54\1955.jpg,54
./balancer/population/population100real\54\1973.jpg,54
./balancer/population/population100real\54\1983.jpg,54
./balancer/population/population100real\54\2009.JPG,54
./balancer/population/population100real\54\2021.jpg,54
./balancer/population/population100real\54\2029.jpg,54
./balancer/population/population100real\54\2032.jpg,54
./balancer/population/population100real\54\2039.jpg,54
./balancer/population/population100real\54\2064.jpg,54
./balancer/population/population100real\54\2075.jpg,54
./balancer/population/population100real\54\2089.jpg,54
./balancer/population/population100real\54\2108.jpg,54
./balancer/population/population100real\54\212.JPG,54
./balancer/population/population100real\54\2177.jpg,54
./balancer/population/population100real\54\2206.jpg,54
./balancer/population/population100real\54\2220.jpg,54
./balancer/population/population100real\54\232.jpg,54
./balancer/population/population100real\54\2324.jpg,54
./balancer/population/population100real\54\2326.jpg,54
./balancer/population/population100real\54\2341.jpg,54
./balancer/population/population100real\54\2364.jpg,54
./balancer/population/population100real\54\2372.jpg,54
./balancer/population/population100real\54\2378.jpg,54
./balancer/population/population100real\54\2492.jpg,54
./balancer/population/population100real\54\2526.jpg,54
./balancer/population/population100real\54\257.jpg,54
./balancer/population/population100real\54\2572.JPG,54
./balancer/population/population100real\54\2595.jpg,54
./balancer/population/population100real\54\2628.jpg,54
./balancer/population/population100real\54\2645.jpg,54
./balancer/population/population100real\54\2675.jpg,54
./balancer/population/population100real\54\2695.jpg,54
./balancer/population/population100real\54\271.jpg,54
./balancer/population/population100real\54\2738.jpg,54
./balancer/population/population100real\54\2743.jpg,54
./balancer/population/population100real\54\2769.jpg,54
./balancer/population/population100real\54\2784.jpg,54
./balancer/population/population100real\54\283.jpg,54
./balancer/population/population100real\54\2846.jpg,54
./balancer/population/population100real\54\2849.jpg,54
./balancer/population/population100real\54\2877.jpg,54
./balancer/population/population100real\54\2893.jpg,54
./balancer/population/population100real\54\2901.jpg,54
./balancer/population/population100real\54\2906.jpg,54
./balancer/population/population100real\54\2918.jpg,54
./balancer/population/population100real\54\2926.jpg,54
./balancer/population/population100real\54\2940.jpg,54
./balancer/population/population100real\54\2971.jpg,54
./balancer/population/population100real\54\3.jpg,54
./balancer/population/population100real\54\3032.JPG,54
./balancer/population/population100real\54\3104.jpg,54
./balancer/population/population100real\54\3108.jpg,54
./balancer/population/population100real\54\3109.jpg,54
./balancer/population/population100real\54\3140.jpg,54
./balancer/population/population100real\54\3146.jpg,54
./balancer/population/population100real\54\3186.jpg,54
./balancer/population/population100real\54\3209.jpg,54
./balancer/population/population100real\54\3260.jpg,54
./balancer/population/population100real\54\3309.jpg,54
./balancer/population/population100real\54\3312.jpg,54
./balancer/population/population100real\54\3325.jpg,54
./balancer/population/population100real\54\3334.jpg,54
./balancer/population/population100real\54\3356.jpg,54
./balancer/population/population100real\54\337.jpg,54
./balancer/population/population100real\54\3370.jpg,54
./balancer/population/population100real\54\3378.jpg,54
./balancer/population/population100real\54\3386.jpg,54
./balancer/population/population100real\54\3449.jpg,54
./balancer/population/population100real\54\345.jpg,54
./balancer/population/population100real\54\3483.jpg,54
./balancer/population/population100real\54\3497.jpg,54
./balancer/population/population100real\54\3507.jpg,54
./balancer/population/population100real\54\3519.jpg,54
./balancer/population/population100real\54\3527.jpg,54
./balancer/population/population100real\54\3573.jpg,54
./balancer/population/population100real\54\3584.jpg,54
./balancer/population/population100real\54\3585.jpg,54
./balancer/population/population100real\54\3624.jpg,54
./balancer/population/population100real\54\3647.jpg,54
./balancer/population/population100real\54\3670.jpg,54
./balancer/population/population100real\54\3694.jpg,54
./balancer/population/population100real\54\371.jpg,54
./balancer/population/population100real\54\3744.jpg,54
./balancer/population/population100real\54\3745.jpg,54
./balancer/population/population100real\54\3765.jpg,54
./balancer/population/population100real\54\3774.jpg,54
./balancer/population/population100real\54\3808.jpg,54
./balancer/population/population100real\54\3833.jpg,54
./balancer/population/population100real\54\3838.jpg,54
./balancer/population/population100real\54\3865.jpg,54
./balancer/population/population100real\54\388.jpg,54
./balancer/population/population100real\54\3887.jpg,54
./balancer/population/population100real\54\3899.jpg,54
./balancer/population/population100real\54\3925.jpg,54
./balancer/population/population100real\54\3929.jpg,54
./balancer/population/population100real\54\3952.JPG,54
./balancer/population/population100real\54\3953.jpg,54
./balancer/population/population100real\54\3977.jpg,54
./balancer/population/population100real\54\3987.jpg,54
./balancer/population/population100real\54\4010.jpg,54
./balancer/population/population100real\54\4016.jpg,54
./balancer/population/population100real\54\4026.jpg,54
./balancer/population/population100real\54\4033.jpg,54
./balancer/population/population100real\54\4049.jpg,54
./balancer/population/population100real\54\4074.jpg,54
./balancer/population/population100real\54\410.jpg,54
./balancer/population/population100real\54\413.jpg,54
./balancer/population/population100real\54\4131.jpg,54
./balancer/population/population100real\54\4149.jpg,54
./balancer/population/population100real\54\4152.jpg,54
./balancer/population/population100real\54\4192.jpg,54
./balancer/population/population100real\54\4208.jpg,54
./balancer/population/population100real\54\4212.JPG,54
./balancer/population/population100real\54\4215.jpg,54
./balancer/population/population100real\54\4221.jpg,54
./balancer/population/population100real\54\4228.jpg,54
./balancer/population/population100real\54\4230.jpg,54
./balancer/population/population100real\54\4244.jpg,54
./balancer/population/population100real\54\47.jpg,54
./balancer/population/population100real\54\482.jpg,54
./balancer/population/population100real\54\490.jpg,54
./balancer/population/population100real\54\521.jpg,54
./balancer/population/population100real\54\576.jpg,54
./balancer/population/population100real\54\603.jpg,54
./balancer/population/population100real\54\604.jpg,54
./balancer/population/population100real\54\609.JPG,54
./balancer/population/population100real\54\612.jpg,54
./balancer/population/population100real\54\625.jpg,54
./balancer/population/population100real\54\656.jpg,54
./balancer/population/population100real\54\686.jpg,54
./balancer/population/population100real\54\712.jpg,54
./balancer/population/population100real\54\714.jpg,54
./balancer/population/population100real\54\753.jpg,54
./balancer/population/population100real\54\788.jpg,54
./balancer/population/population100real\54\799.jpg,54
./balancer/population/population100real\54\814.jpg,54
./balancer/population/population100real\54\816.jpg,54
./balancer/population/population100real\54\823.jpg,54
./balancer/population/population100real\54\845.jpg,54
./balancer/population/population100real\54\853.jpg,54
./balancer/population/population100real\54\873.jpg,54
./balancer/population/population100real\54\891.jpg,54
./balancer/population/population100real\54\892.jpg,54
./balancer/population/population100real\54\897.jpg,54
./balancer/population/population100real\54\907.jpg,54
./balancer/population/population100real\54\942.jpg,54
./balancer/population/population100real\54\949.jpg,54
./balancer/population/population100real\54\959.jpg,54
./balancer/population/population100real\54\964.jpg,54
./balancer/population/population100real\54\994.jpg,54
./balancer/population/population100real\55\1002.jpg,55
./balancer/population/population100real\55\1006.jpg,55
./balancer/population/population100real\55\1023.jpg,55
./balancer/population/population100real\55\1045.jpg,55
./balancer/population/population100real\55\1063.jpg,55
./balancer/population/population100real\55\107.jpg,55
./balancer/population/population100real\55\1110.jpg,55
./balancer/population/population100real\55\1117.jpg,55
./balancer/population/population100real\55\1163.jpg,55
./balancer/population/population100real\55\1175.jpg,55
./balancer/population/population100real\55\1181.jpg,55
./balancer/population/population100real\55\119.jpg,55
./balancer/population/population100real\55\1203.jpg,55
./balancer/population/population100real\55\1215.jpg,55
./balancer/population/population100real\55\1249.jpg,55
./balancer/population/population100real\55\1261.jpg,55
./balancer/population/population100real\55\130.jpg,55
./balancer/population/population100real\55\1318.jpg,55
./balancer/population/population100real\55\1326.jpg,55
./balancer/population/population100real\55\133.jpg,55
./balancer/population/population100real\55\1359.jpg,55
./balancer/population/population100real\55\1366.jpg,55
./balancer/population/population100real\55\1377.jpg,55
./balancer/population/population100real\55\1383.jpg,55
./balancer/population/population100real\55\139.jpg,55
./balancer/population/population100real\55\1412.jpg,55
./balancer/population/population100real\55\1470.jpg,55
./balancer/population/population100real\55\1488.JPG,55
./balancer/population/population100real\55\1502.jpg,55
./balancer/population/population100real\55\1505.jpg,55
./balancer/population/population100real\55\152.JPG,55
./balancer/population/population100real\55\1525.jpg,55
./balancer/population/population100real\55\1532.jpg,55
./balancer/population/population100real\55\1562.jpg,55
./balancer/population/population100real\55\1563.jpg,55
./balancer/population/population100real\55\1579.jpg,55
./balancer/population/population100real\55\1605.jpg,55
./balancer/population/population100real\55\161.jpg,55
./balancer/population/population100real\55\166.JPG,55
./balancer/population/population100real\55\1675.jpg,55
./balancer/population/population100real\55\1688.jpg,55
./balancer/population/population100real\55\1689.jpg,55
./balancer/population/population100real\55\1696.jpg,55
./balancer/population/population100real\55\1725.jpg,55
./balancer/population/population100real\55\1741.jpg,55
./balancer/population/population100real\55\1750.jpg,55
./balancer/population/population100real\55\1760.jpg,55
./balancer/population/population100real\55\178.jpg,55
./balancer/population/population100real\55\1788.jpg,55
./balancer/population/population100real\55\1791.JPG,55
./balancer/population/population100real\55\1793.jpg,55
./balancer/population/population100real\55\1800.jpg,55
./balancer/population/population100real\55\1810.jpg,55
./balancer/population/population100real\55\1811.jpg,55
./balancer/population/population100real\55\1815.JPG,55
./balancer/population/population100real\55\1817.jpg,55
./balancer/population/population100real\55\184.jpg,55
./balancer/population/population100real\55\1842.jpg,55
./balancer/population/population100real\55\186.jpg,55
./balancer/population/population100real\55\1862.JPG,55
./balancer/population/population100real\55\1890.jpg,55
./balancer/population/population100real\55\1894.jpg,55
./balancer/population/population100real\55\1911.jpg,55
./balancer/population/population100real\55\1918.jpg,55
./balancer/population/population100real\55\1933.JPG,55
./balancer/population/population100real\55\1992.jpg,55
./balancer/population/population100real\55\2002.jpg,55
./balancer/population/population100real\55\2007.jpg,55
./balancer/population/population100real\55\2011.jpg,55
./balancer/population/population100real\55\2014.jpg,55
./balancer/population/population100real\55\2048.jpg,55
./balancer/population/population100real\55\2075.jpg,55
./balancer/population/population100real\55\2079.jpg,55
./balancer/population/population100real\55\2096.jpg,55
./balancer/population/population100real\55\2098.jpg,55
./balancer/population/population100real\55\2115.jpg,55
./balancer/population/population100real\55\2150.jpg,55
./balancer/population/population100real\55\2152.jpg,55
./balancer/population/population100real\55\2161.jpg,55
./balancer/population/population100real\55\2201.jpg,55
./balancer/population/population100real\55\2219.jpg,55
./balancer/population/population100real\55\224.jpg,55
./balancer/population/population100real\55\2245.jpg,55
./balancer/population/population100real\55\2281.jpg,55
./balancer/population/population100real\55\2286.jpg,55
./balancer/population/population100real\55\2335.jpg,55
./balancer/population/population100real\55\2352.jpg,55
./balancer/population/population100real\55\2358.jpg,55
./balancer/population/population100real\55\2398.jpg,55
./balancer/population/population100real\55\24.JPG,55
./balancer/population/population100real\55\2425.jpg,55
./balancer/population/population100real\55\2431.jpg,55
./balancer/population/population100real\55\2442.jpg,55
./balancer/population/population100real\55\2446.jpg,55
./balancer/population/population100real\55\2523.JPG,55
./balancer/population/population100real\55\2524.jpg,55
./balancer/population/population100real\55\2552.jpg,55
./balancer/population/population100real\55\2560.jpg,55
./balancer/population/population100real\55\2573.jpg,55
./balancer/population/population100real\55\2586.jpg,55
./balancer/population/population100real\55\2619.jpg,55
./balancer/population/population100real\55\2642.jpg,55
./balancer/population/population100real\55\2661.jpg,55
./balancer/population/population100real\55\2665.jpg,55
./balancer/population/population100real\55\2678.jpg,55
./balancer/population/population100real\55\2697.jpg,55
./balancer/population/population100real\55\2707.jpg,55
./balancer/population/population100real\55\2719.jpg,55
./balancer/population/population100real\55\2725.jpg,55
./balancer/population/population100real\55\2757.jpg,55
./balancer/population/population100real\55\2763.jpg,55
./balancer/population/population100real\55\2767.jpg,55
./balancer/population/population100real\55\2770.jpg,55
./balancer/population/population100real\55\2771.jpg,55
./balancer/population/population100real\55\2795.jpg,55
./balancer/population/population100real\55\2796.jpg,55
./balancer/population/population100real\55\2842.jpg,55
./balancer/population/population100real\55\2844.JPG,55
./balancer/population/population100real\55\2848.jpg,55
./balancer/population/population100real\55\2883.jpg,55
./balancer/population/population100real\55\292.JPG,55
./balancer/population/population100real\55\2926.jpg,55
./balancer/population/population100real\55\2931.jpg,55
./balancer/population/population100real\55\2936.JPG,55
./balancer/population/population100real\55\2937.jpg,55
./balancer/population/population100real\55\2978.jpg,55
./balancer/population/population100real\55\3033.jpg,55
./balancer/population/population100real\55\3034.jpg,55
./balancer/population/population100real\55\3065.jpg,55
./balancer/population/population100real\55\3077.jpg,55
./balancer/population/population100real\55\3098.JPG,55
./balancer/population/population100real\55\3099.jpg,55
./balancer/population/population100real\55\315.jpg,55
./balancer/population/population100real\55\3172.jpg,55
./balancer/population/population100real\55\3183.jpg,55
./balancer/population/population100real\55\3197.jpg,55
./balancer/population/population100real\55\3225.jpg,55
./balancer/population/population100real\55\3229.jpg,55
./balancer/population/population100real\55\3246.jpg,55
./balancer/population/population100real\55\3251.jpg,55
./balancer/population/population100real\55\3258.jpg,55
./balancer/population/population100real\55\3273.JPG,55
./balancer/population/population100real\55\328.JPG,55
./balancer/population/population100real\55\3291.jpg,55
./balancer/population/population100real\55\3293.jpg,55
./balancer/population/population100real\55\3298.jpg,55
./balancer/population/population100real\55\3301.jpg,55
./balancer/population/population100real\55\3317.JPG,55
./balancer/population/population100real\55\3318.jpg,55
./balancer/population/population100real\55\3331.jpg,55
./balancer/population/population100real\55\3342.jpg,55
./balancer/population/population100real\55\3346.jpg,55
./balancer/population/population100real\55\3380.jpg,55
./balancer/population/population100real\55\3404.jpg,55
./balancer/population/population100real\55\3450.jpg,55
./balancer/population/population100real\55\3478.jpg,55
./balancer/population/population100real\55\3498.jpg,55
./balancer/population/population100real\55\3517.jpg,55
./balancer/population/population100real\55\3520.jpg,55
./balancer/population/population100real\55\3525.jpg,55
./balancer/population/population100real\55\3551.jpg,55
./balancer/population/population100real\55\3552.jpg,55
./balancer/population/population100real\55\3554.jpg,55
./balancer/population/population100real\55\3569.jpg,55
./balancer/population/population100real\55\3588.jpg,55
./balancer/population/population100real\55\359.jpg,55
./balancer/population/population100real\55\3603.jpg,55
./balancer/population/population100real\55\372.jpg,55
./balancer/population/population100real\55\403.jpg,55
./balancer/population/population100real\55\435.jpg,55
./balancer/population/population100real\55\455.jpg,55
./balancer/population/population100real\55\48.jpg,55
./balancer/population/population100real\55\482.jpg,55
./balancer/population/population100real\55\529.jpg,55
./balancer/population/population100real\55\533.jpg,55
./balancer/population/population100real\55\545.jpg,55
./balancer/population/population100real\55\549.JPG,55
./balancer/population/population100real\55\552.jpg,55
./balancer/population/population100real\55\560.jpg,55
./balancer/population/population100real\55\567.jpg,55
./balancer/population/population100real\55\57.jpg,55
./balancer/population/population100real\55\579.jpg,55
./balancer/population/population100real\55\595.jpg,55
./balancer/population/population100real\55\640.jpg,55
./balancer/population/population100real\55\66.jpg,55
./balancer/population/population100real\55\661.jpg,55
./balancer/population/population100real\55\672.jpg,55
./balancer/population/population100real\55\71.jpg,55
./balancer/population/population100real\55\725.jpg,55
./balancer/population/population100real\55\73.jpg,55
./balancer/population/population100real\55\741.jpg,55
./balancer/population/population100real\55\75.jpg,55
./balancer/population/population100real\55\76.jpg,55
./balancer/population/population100real\55\771.jpg,55
./balancer/population/population100real\55\787.jpg,55
./balancer/population/population100real\55\827.jpg,55
./balancer/population/population100real\55\830.JPG,55
./balancer/population/population100real\55\834.jpg,55
./balancer/population/population100real\55\839.jpg,55
./balancer/population/population100real\55\878.JPG,55
./balancer/population/population100real\55\89.jpg,55
./balancer/population/population100real\55\911.jpg,55
./balancer/population/population100real\55\925.jpg,55
./balancer/population/population100real\55\929.jpg,55
./balancer/population/population100real\55\940.jpg,55
./balancer/population/population100real\55\941.jpg,55
./balancer/population/population100real\55\956.jpg,55
./balancer/population/population100real\55\982.jpg,55
./balancer/population/population100real\55\999.jpg,55
./balancer/population/population100real\56\1026.jpg,56
./balancer/population/population100real\56\1032.jpg,56
./balancer/population/population100real\56\1087.jpg,56
./balancer/population/population100real\56\1102.jpg,56
./balancer/population/population100real\56\1113.jpg,56
./balancer/population/population100real\56\1133.JPG,56
./balancer/population/population100real\56\1144.jpg,56
./balancer/population/population100real\56\1152.jpg,56
./balancer/population/population100real\56\1189.jpg,56
./balancer/population/population100real\56\1197.jpg,56
./balancer/population/population100real\56\1217.jpg,56
./balancer/population/population100real\56\1250.jpg,56
./balancer/population/population100real\56\1275.jpg,56
./balancer/population/population100real\56\129.jpg,56
./balancer/population/population100real\56\131.jpg,56
./balancer/population/population100real\56\1321.jpg,56
./balancer/population/population100real\56\1327.jpg,56
./balancer/population/population100real\56\1330.jpg,56
./balancer/population/population100real\56\1355.jpg,56
./balancer/population/population100real\56\1360.jpg,56
./balancer/population/population100real\56\1363.jpg,56
./balancer/population/population100real\56\14.jpg,56
./balancer/population/population100real\56\1411.jpg,56
./balancer/population/population100real\56\1450.JPG,56
./balancer/population/population100real\56\1467.jpg,56
./balancer/population/population100real\56\1473.jpg,56
./balancer/population/population100real\56\1527.jpg,56
./balancer/population/population100real\56\1534.jpg,56
./balancer/population/population100real\56\1546.jpg,56
./balancer/population/population100real\56\1556.jpg,56
./balancer/population/population100real\56\1573.jpg,56
./balancer/population/population100real\56\1594.jpg,56
./balancer/population/population100real\56\160.jpg,56
./balancer/population/population100real\56\1600.jpg,56
./balancer/population/population100real\56\1621.jpg,56
./balancer/population/population100real\56\1639.jpg,56
./balancer/population/population100real\56\1658.jpg,56
./balancer/population/population100real\56\1663.jpg,56
./balancer/population/population100real\56\167.jpg,56
./balancer/population/population100real\56\169.jpg,56
./balancer/population/population100real\56\1695.jpg,56
./balancer/population/population100real\56\1700.jpg,56
./balancer/population/population100real\56\1705.jpg,56
./balancer/population/population100real\56\1728.jpg,56
./balancer/population/population100real\56\173.jpg,56
./balancer/population/population100real\56\1738.jpg,56
./balancer/population/population100real\56\1751.jpg,56
./balancer/population/population100real\56\1758.jpg,56
./balancer/population/population100real\56\1774.jpg,56
./balancer/population/population100real\56\1841.jpg,56
./balancer/population/population100real\56\1846.jpg,56
./balancer/population/population100real\56\1869.jpg,56
./balancer/population/population100real\56\1887.jpg,56
./balancer/population/population100real\56\1915.jpg,56
./balancer/population/population100real\56\1917.JPG,56
./balancer/population/population100real\56\1932.jpg,56
./balancer/population/population100real\56\1933.jpg,56
./balancer/population/population100real\56\1981.jpg,56
./balancer/population/population100real\56\1986.jpg,56
./balancer/population/population100real\56\1994.jpg,56
./balancer/population/population100real\56\2000.JPG,56
./balancer/population/population100real\56\2001.jpg,56
./balancer/population/population100real\56\2010.jpg,56
./balancer/population/population100real\56\2019.jpg,56
./balancer/population/population100real\56\203.jpg,56
./balancer/population/population100real\56\2073.jpg,56
./balancer/population/population100real\56\2099.jpg,56
./balancer/population/population100real\56\2143.jpg,56
./balancer/population/population100real\56\2155.JPG,56
./balancer/population/population100real\56\2189.jpg,56
./balancer/population/population100real\56\2191.jpg,56
./balancer/population/population100real\56\2195.jpg,56
./balancer/population/population100real\56\2197.jpg,56
./balancer/population/population100real\56\2211.jpg,56
./balancer/population/population100real\56\2219.jpg,56
./balancer/population/population100real\56\2250.jpg,56
./balancer/population/population100real\56\227.jpg,56
./balancer/population/population100real\56\2271.JPG,56
./balancer/population/population100real\56\2297.jpg,56
./balancer/population/population100real\56\2304.jpg,56
./balancer/population/population100real\56\2322.jpg,56
./balancer/population/population100real\56\234.jpg,56
./balancer/population/population100real\56\2352.jpg,56
./balancer/population/population100real\56\2353.jpg,56
./balancer/population/population100real\56\2384.jpg,56
./balancer/population/population100real\56\2385.jpg,56
./balancer/population/population100real\56\240.jpg,56
./balancer/population/population100real\56\2409.jpg,56
./balancer/population/population100real\56\2446.jpg,56
./balancer/population/population100real\56\2447.jpg,56
./balancer/population/population100real\56\2450.jpg,56
./balancer/population/population100real\56\2452.jpg,56
./balancer/population/population100real\56\2461.jpg,56
./balancer/population/population100real\56\2478.jpg,56
./balancer/population/population100real\56\252.jpg,56
./balancer/population/population100real\56\2526.jpg,56
./balancer/population/population100real\56\257.jpg,56
./balancer/population/population100real\56\2642.jpg,56
./balancer/population/population100real\56\2664.jpg,56
./balancer/population/population100real\56\2681.jpg,56
./balancer/population/population100real\56\2690.jpg,56
./balancer/population/population100real\56\271.jpg,56
./balancer/population/population100real\56\2716.JPG,56
./balancer/population/population100real\56\2750.jpg,56
./balancer/population/population100real\56\2794.JPG,56
./balancer/population/population100real\56\2807.jpg,56
./balancer/population/population100real\56\2816.jpg,56
./balancer/population/population100real\56\2828.jpg,56
./balancer/population/population100real\56\2829.jpg,56
./balancer/population/population100real\56\2831.JPG,56
./balancer/population/population100real\56\2853.JPG,56
./balancer/population/population100real\56\2855.jpg,56
./balancer/population/population100real\56\2857.jpg,56
./balancer/population/population100real\56\2859.jpg,56
./balancer/population/population100real\56\2867.jpg,56
./balancer/population/population100real\56\2882.jpg,56
./balancer/population/population100real\56\2900.jpg,56
./balancer/population/population100real\56\2901.jpg,56
./balancer/population/population100real\56\2908.jpg,56
./balancer/population/population100real\56\291.jpg,56
./balancer/population/population100real\56\2912.jpg,56
./balancer/population/population100real\56\2913.jpg,56
./balancer/population/population100real\56\2926.jpg,56
./balancer/population/population100real\56\2929.jpg,56
./balancer/population/population100real\56\2940.JPG,56
./balancer/population/population100real\56\2953.jpg,56
./balancer/population/population100real\56\2980.jpg,56
./balancer/population/population100real\56\3003.jpg,56
./balancer/population/population100real\56\3006.jpg,56
./balancer/population/population100real\56\3025.jpg,56
./balancer/population/population100real\56\3064.jpg,56
./balancer/population/population100real\56\3077.jpg,56
./balancer/population/population100real\56\3087.jpg,56
./balancer/population/population100real\56\309.jpg,56
./balancer/population/population100real\56\3118.jpg,56
./balancer/population/population100real\56\3134.jpg,56
./balancer/population/population100real\56\3176.jpg,56
./balancer/population/population100real\56\3218.jpg,56
./balancer/population/population100real\56\3242.jpg,56
./balancer/population/population100real\56\3245.JPG,56
./balancer/population/population100real\56\3248.jpg,56
./balancer/population/population100real\56\3249.jpg,56
./balancer/population/population100real\56\3296.jpg,56
./balancer/population/population100real\56\3297.jpg,56
./balancer/population/population100real\56\3309.jpg,56
./balancer/population/population100real\56\3323.jpg,56
./balancer/population/population100real\56\337.jpg,56
./balancer/population/population100real\56\341.jpg,56
./balancer/population/population100real\56\358.jpg,56
./balancer/population/population100real\56\391.jpg,56
./balancer/population/population100real\56\41.jpg,56
./balancer/population/population100real\56\411.jpg,56
./balancer/population/population100real\56\413.jpg,56
./balancer/population/population100real\56\448.jpg,56
./balancer/population/population100real\56\449.jpg,56
./balancer/population/population100real\56\452.jpg,56
./balancer/population/population100real\56\46.jpg,56
./balancer/population/population100real\56\464.jpg,56
./balancer/population/population100real\56\465.jpg,56
./balancer/population/population100real\56\482.jpg,56
./balancer/population/population100real\56\506.jpg,56
./balancer/population/population100real\56\508.jpg,56
./balancer/population/population100real\56\518.jpg,56
./balancer/population/population100real\56\519.jpg,56
./balancer/population/population100real\56\543.JPG,56
./balancer/population/population100real\56\553.jpg,56
./balancer/population/population100real\56\563.jpg,56
./balancer/population/population100real\56\572.jpg,56
./balancer/population/population100real\56\606.jpg,56
./balancer/population/population100real\56\61.jpg,56
./balancer/population/population100real\56\612.jpg,56
./balancer/population/population100real\56\617.jpg,56
./balancer/population/population100real\56\628.jpg,56
./balancer/population/population100real\56\670.jpg,56
./balancer/population/population100real\56\678.jpg,56
./balancer/population/population100real\56\71.jpg,56
./balancer/population/population100real\56\717.jpg,56
./balancer/population/population100real\56\721.jpg,56
./balancer/population/population100real\56\745.jpg,56
./balancer/population/population100real\56\762.jpg,56
./balancer/population/population100real\56\778.jpg,56
./balancer/population/population100real\56\788.jpg,56
./balancer/population/population100real\56\789.jpg,56
./balancer/population/population100real\56\794.jpg,56
./balancer/population/population100real\56\799.JPG,56
./balancer/population/population100real\56\81.jpg,56
./balancer/population/population100real\56\814.JPG,56
./balancer/population/population100real\56\819.JPG,56
./balancer/population/population100real\56\822.jpg,56
./balancer/population/population100real\56\826.jpg,56
./balancer/population/population100real\56\841.jpg,56
./balancer/population/population100real\56\844.jpg,56
./balancer/population/population100real\56\862.jpg,56
./balancer/population/population100real\56\867.jpg,56
./balancer/population/population100real\56\875.JPG,56
./balancer/population/population100real\56\896.jpg,56
./balancer/population/population100real\56\897.jpg,56
./balancer/population/population100real\56\916.jpg,56
./balancer/population/population100real\56\942.jpg,56
./balancer/population/population100real\56\948.jpg,56
./balancer/population/population100real\56\957.JPG,56
./balancer/population/population100real\56\962.jpg,56
./balancer/population/population100real\56\976.jpg,56
./balancer/population/population100real\56\978.jpg,56
./balancer/population/population100real\57\1011.JPG,57
./balancer/population/population100real\57\1028.jpg,57
./balancer/population/population100real\57\1050.jpg,57
./balancer/population/population100real\57\1054.jpg,57
./balancer/population/population100real\57\1058.jpg,57
./balancer/population/population100real\57\1062.jpg,57
./balancer/population/population100real\57\1070.jpg,57
./balancer/population/population100real\57\108.jpg,57
./balancer/population/population100real\57\1091.jpg,57
./balancer/population/population100real\57\1105.jpg,57
./balancer/population/population100real\57\1107.jpg,57
./balancer/population/population100real\57\1123.jpg,57
./balancer/population/population100real\57\1149.jpg,57
./balancer/population/population100real\57\1151.jpg,57
./balancer/population/population100real\57\1156.jpg,57
./balancer/population/population100real\57\1157.jpg,57
./balancer/population/population100real\57\1169.jpg,57
./balancer/population/population100real\57\1188.jpg,57
./balancer/population/population100real\57\1212.jpg,57
./balancer/population/population100real\57\1219.jpg,57
./balancer/population/population100real\57\1232.jpg,57
./balancer/population/population100real\57\1233.jpg,57
./balancer/population/population100real\57\1320.jpg,57
./balancer/population/population100real\57\1359.jpg,57
./balancer/population/population100real\57\1361.jpg,57
./balancer/population/population100real\57\1409.jpg,57
./balancer/population/population100real\57\1412.jpg,57
./balancer/population/population100real\57\1420.jpg,57
./balancer/population/population100real\57\1422.jpg,57
./balancer/population/population100real\57\143.jpg,57
./balancer/population/population100real\57\145.jpg,57
./balancer/population/population100real\57\1452.jpg,57
./balancer/population/population100real\57\1456.jpg,57
./balancer/population/population100real\57\1487.jpg,57
./balancer/population/population100real\57\1499.jpg,57
./balancer/population/population100real\57\1521.jpg,57
./balancer/population/population100real\57\1547.jpg,57
./balancer/population/population100real\57\1558.jpg,57
./balancer/population/population100real\57\1592.jpg,57
./balancer/population/population100real\57\1595.jpg,57
./balancer/population/population100real\57\1597.jpg,57
./balancer/population/population100real\57\1601.jpg,57
./balancer/population/population100real\57\1608.jpg,57
./balancer/population/population100real\57\164.jpg,57
./balancer/population/population100real\57\1664.jpg,57
./balancer/population/population100real\57\170.jpg,57
./balancer/population/population100real\57\1715.jpg,57
./balancer/population/population100real\57\1731.jpg,57
./balancer/population/population100real\57\1749.jpg,57
./balancer/population/population100real\57\1761.jpg,57
./balancer/population/population100real\57\1779.jpg,57
./balancer/population/population100real\57\1795.jpg,57
./balancer/population/population100real\57\1809.jpg,57
./balancer/population/population100real\57\182.jpg,57
./balancer/population/population100real\57\1823.jpg,57
./balancer/population/population100real\57\1825.JPG,57
./balancer/population/population100real\57\1835.jpg,57
./balancer/population/population100real\57\1839.jpg,57
./balancer/population/population100real\57\1851.jpg,57
./balancer/population/population100real\57\1853.jpg,57
./balancer/population/population100real\57\1860.jpg,57
./balancer/population/population100real\57\1863.jpg,57
./balancer/population/population100real\57\1865.jpg,57
./balancer/population/population100real\57\187.jpg,57
./balancer/population/population100real\57\1884.jpg,57
./balancer/population/population100real\57\1898.jpg,57
./balancer/population/population100real\57\1903.JPG,57
./balancer/population/population100real\57\191.jpg,57
./balancer/population/population100real\57\1915.jpg,57
./balancer/population/population100real\57\1916.jpg,57
./balancer/population/population100real\57\1921.jpg,57
./balancer/population/population100real\57\1931.jpg,57
./balancer/population/population100real\57\1947.jpg,57
./balancer/population/population100real\57\1971.jpg,57
./balancer/population/population100real\57\1976.jpg,57
./balancer/population/population100real\57\1986.jpg,57
./balancer/population/population100real\57\2009.jpg,57
./balancer/population/population100real\57\2010.jpg,57
./balancer/population/population100real\57\2013.jpg,57
./balancer/population/population100real\57\2023.jpg,57
./balancer/population/population100real\57\2042.jpg,57
./balancer/population/population100real\57\2047.jpg,57
./balancer/population/population100real\57\2068.jpg,57
./balancer/population/population100real\57\2072.jpg,57
./balancer/population/population100real\57\2084.jpg,57
./balancer/population/population100real\57\209.jpg,57
./balancer/population/population100real\57\2138.jpg,57
./balancer/population/population100real\57\2141.jpg,57
./balancer/population/population100real\57\216.jpg,57
./balancer/population/population100real\57\2164.jpg,57
./balancer/population/population100real\57\2168.JPG,57
./balancer/population/population100real\57\2169.JPG,57
./balancer/population/population100real\57\2198.jpg,57
./balancer/population/population100real\57\2201.jpg,57
./balancer/population/population100real\57\2224.jpg,57
./balancer/population/population100real\57\2227.jpg,57
./balancer/population/population100real\57\2233.jpg,57
./balancer/population/population100real\57\2260.jpg,57
./balancer/population/population100real\57\2273.jpg,57
./balancer/population/population100real\57\2305.jpg,57
./balancer/population/population100real\57\2356.jpg,57
./balancer/population/population100real\57\2362.jpg,57
./balancer/population/population100real\57\2388.jpg,57
./balancer/population/population100real\57\239.jpg,57
./balancer/population/population100real\57\2390.jpg,57
./balancer/population/population100real\57\2418.jpg,57
./balancer/population/population100real\57\2445.jpg,57
./balancer/population/population100real\57\2450.jpg,57
./balancer/population/population100real\57\2457.jpg,57
./balancer/population/population100real\57\2477.jpg,57
./balancer/population/population100real\57\2512.jpg,57
./balancer/population/population100real\57\254.jpg,57
./balancer/population/population100real\57\2557.jpg,57
./balancer/population/population100real\57\2559.jpg,57
./balancer/population/population100real\57\2588.jpg,57
./balancer/population/population100real\57\2610.jpg,57
./balancer/population/population100real\57\2618.jpg,57
./balancer/population/population100real\57\265.jpg,57
./balancer/population/population100real\57\2658.jpg,57
./balancer/population/population100real\57\2676.jpg,57
./balancer/population/population100real\57\268.jpg,57
./balancer/population/population100real\57\2723.jpg,57
./balancer/population/population100real\57\2751.jpg,57
./balancer/population/population100real\57\2791.jpg,57
./balancer/population/population100real\57\2794.jpg,57
./balancer/population/population100real\57\2805.jpg,57
./balancer/population/population100real\57\2808.JPG,57
./balancer/population/population100real\57\2822.jpg,57
./balancer/population/population100real\57\2840.jpg,57
./balancer/population/population100real\57\2844.jpg,57
./balancer/population/population100real\57\2846.JPG,57
./balancer/population/population100real\57\2869.jpg,57
./balancer/population/population100real\57\2871.jpg,57
./balancer/population/population100real\57\288.jpg,57
./balancer/population/population100real\57\2881.jpg,57
./balancer/population/population100real\57\2894.jpg,57
./balancer/population/population100real\57\29.jpg,57
./balancer/population/population100real\57\2909.jpg,57
./balancer/population/population100real\57\2911.jpg,57
./balancer/population/population100real\57\2914.jpg,57
./balancer/population/population100real\57\298.jpg,57
./balancer/population/population100real\57\2990.jpg,57
./balancer/population/population100real\57\2994.jpg,57
./balancer/population/population100real\57\300.jpg,57
./balancer/population/population100real\57\3002.jpg,57
./balancer/population/population100real\57\3006.jpg,57
./balancer/population/population100real\57\3011.jpg,57
./balancer/population/population100real\57\3014.jpg,57
./balancer/population/population100real\57\3015.jpg,57
./balancer/population/population100real\57\3027.jpg,57
./balancer/population/population100real\57\3033.jpg,57
./balancer/population/population100real\57\3048.jpg,57
./balancer/population/population100real\57\3077.jpg,57
./balancer/population/population100real\57\313.jpg,57
./balancer/population/population100real\57\324.jpg,57
./balancer/population/population100real\57\339.jpg,57
./balancer/population/population100real\57\363.jpg,57
./balancer/population/population100real\57\396.jpg,57
./balancer/population/population100real\57\411.jpg,57
./balancer/population/population100real\57\416.jpg,57
./balancer/population/population100real\57\422.jpg,57
./balancer/population/population100real\57\437.jpg,57
./balancer/population/population100real\57\458.JPG,57
./balancer/population/population100real\57\479.jpg,57
./balancer/population/population100real\57\483.jpg,57
./balancer/population/population100real\57\49.jpg,57
./balancer/population/population100real\57\490.jpg,57
./balancer/population/population100real\57\503.jpg,57
./balancer/population/population100real\57\511.jpg,57
./balancer/population/population100real\57\52.JPG,57
./balancer/population/population100real\57\527.jpg,57
./balancer/population/population100real\57\530.jpg,57
./balancer/population/population100real\57\531.jpg,57
./balancer/population/population100real\57\539.jpg,57
./balancer/population/population100real\57\553.jpg,57
./balancer/population/population100real\57\559.jpg,57
./balancer/population/population100real\57\570.jpg,57
./balancer/population/population100real\57\578.jpg,57
./balancer/population/population100real\57\621.jpg,57
./balancer/population/population100real\57\635.jpg,57
./balancer/population/population100real\57\639.jpg,57
./balancer/population/population100real\57\65.jpg,57
./balancer/population/population100real\57\672.jpg,57
./balancer/population/population100real\57\7.jpg,57
./balancer/population/population100real\57\706.jpg,57
./balancer/population/population100real\57\738.jpg,57
./balancer/population/population100real\57\799.jpg,57
./balancer/population/population100real\57\8.jpg,57
./balancer/population/population100real\57\805.jpg,57
./balancer/population/population100real\57\811.jpg,57
./balancer/population/population100real\57\812.jpg,57
./balancer/population/population100real\57\815.jpg,57
./balancer/population/population100real\57\830.jpg,57
./balancer/population/population100real\57\852.jpg,57
./balancer/population/population100real\57\864.jpg,57
./balancer/population/population100real\57\875.jpg,57
./balancer/population/population100real\57\879.jpg,57
./balancer/population/population100real\57\884.jpg,57
./balancer/population/population100real\57\885.JPG,57
./balancer/population/population100real\57\893.jpg,57
./balancer/population/population100real\57\912.jpg,57
./balancer/population/population100real\57\937.jpg,57
./balancer/population/population100real\57\939.jpg,57
./balancer/population/population100real\57\951.jpg,57
./balancer/population/population100real\57\958.jpg,57
./balancer/population/population100real\58\1001.jpg,58
./balancer/population/population100real\58\1042.jpg,58
./balancer/population/population100real\58\1043.jpg,58
./balancer/population/population100real\58\1057.jpg,58
./balancer/population/population100real\58\1061.jpg,58
./balancer/population/population100real\58\1076.jpg,58
./balancer/population/population100real\58\1079.jpg,58
./balancer/population/population100real\58\1101.jpg,58
./balancer/population/population100real\58\1156.jpg,58
./balancer/population/population100real\58\1162.JPG,58
./balancer/population/population100real\58\1163.jpg,58
./balancer/population/population100real\58\118.jpg,58
./balancer/population/population100real\58\1187.jpg,58
./balancer/population/population100real\58\1189.jpg,58
./balancer/population/population100real\58\121.jpg,58
./balancer/population/population100real\58\124.jpg,58
./balancer/population/population100real\58\1297.jpg,58
./balancer/population/population100real\58\1300.jpg,58
./balancer/population/population100real\58\1304.jpg,58
./balancer/population/population100real\58\1306.jpg,58
./balancer/population/population100real\58\132.jpg,58
./balancer/population/population100real\58\1333.jpg,58
./balancer/population/population100real\58\1352.jpg,58
./balancer/population/population100real\58\1353.jpg,58
./balancer/population/population100real\58\1409.jpg,58
./balancer/population/population100real\58\1411.jpg,58
./balancer/population/population100real\58\1429.jpg,58
./balancer/population/population100real\58\1433.jpg,58
./balancer/population/population100real\58\1435.jpg,58
./balancer/population/population100real\58\1489.jpg,58
./balancer/population/population100real\58\149.jpg,58
./balancer/population/population100real\58\1490.JPG,58
./balancer/population/population100real\58\1501.jpg,58
./balancer/population/population100real\58\1519.jpg,58
./balancer/population/population100real\58\1535.jpg,58
./balancer/population/population100real\58\1541.jpg,58
./balancer/population/population100real\58\1543.jpg,58
./balancer/population/population100real\58\1553.jpg,58
./balancer/population/population100real\58\1577.jpg,58
./balancer/population/population100real\58\1590.jpg,58
./balancer/population/population100real\58\1592.jpg,58
./balancer/population/population100real\58\16.jpg,58
./balancer/population/population100real\58\1611.jpg,58
./balancer/population/population100real\58\1614.jpg,58
./balancer/population/population100real\58\1632.jpg,58
./balancer/population/population100real\58\1660.jpg,58
./balancer/population/population100real\58\1671.JPG,58
./balancer/population/population100real\58\1694.jpg,58
./balancer/population/population100real\58\1702.JPG,58
./balancer/population/population100real\58\1713.jpg,58
./balancer/population/population100real\58\1719.jpg,58
./balancer/population/population100real\58\172.JPG,58
./balancer/population/population100real\58\1728.jpg,58
./balancer/population/population100real\58\1731.jpg,58
./balancer/population/population100real\58\1736.jpg,58
./balancer/population/population100real\58\1747.jpg,58
./balancer/population/population100real\58\1749.jpg,58
./balancer/population/population100real\58\1752.jpg,58
./balancer/population/population100real\58\1755.jpg,58
./balancer/population/population100real\58\1760.jpg,58
./balancer/population/population100real\58\1768.jpg,58
./balancer/population/population100real\58\178.jpg,58
./balancer/population/population100real\58\1793.jpg,58
./balancer/population/population100real\58\1825.jpg,58
./balancer/population/population100real\58\1833.JPG,58
./balancer/population/population100real\58\1897.jpg,58
./balancer/population/population100real\58\1915.jpg,58
./balancer/population/population100real\58\1933.jpg,58
./balancer/population/population100real\58\1941.jpg,58
./balancer/population/population100real\58\1943.jpg,58
./balancer/population/population100real\58\1964.jpg,58
./balancer/population/population100real\58\1986.jpg,58
./balancer/population/population100real\58\1988.jpg,58
./balancer/population/population100real\58\1989.jpg,58
./balancer/population/population100real\58\2008.jpg,58
./balancer/population/population100real\58\201.jpg,58
./balancer/population/population100real\58\2035.jpg,58
./balancer/population/population100real\58\2059.jpg,58
./balancer/population/population100real\58\2079.jpg,58
./balancer/population/population100real\58\2084.jpg,58
./balancer/population/population100real\58\2089.jpg,58
./balancer/population/population100real\58\2128.jpg,58
./balancer/population/population100real\58\2133.jpg,58
./balancer/population/population100real\58\2176.jpg,58
./balancer/population/population100real\58\2214.jpg,58
./balancer/population/population100real\58\2226.JPG,58
./balancer/population/population100real\58\2227.jpg,58
./balancer/population/population100real\58\2228.jpg,58
./balancer/population/population100real\58\2239.jpg,58
./balancer/population/population100real\58\2256.jpg,58
./balancer/population/population100real\58\2257.jpg,58
./balancer/population/population100real\58\2271.jpg,58
./balancer/population/population100real\58\2275.jpg,58
./balancer/population/population100real\58\2293.jpg,58
./balancer/population/population100real\58\2307.jpg,58
./balancer/population/population100real\58\2326.jpg,58
./balancer/population/population100real\58\2330.jpg,58
./balancer/population/population100real\58\2344.jpg,58
./balancer/population/population100real\58\2379.jpg,58
./balancer/population/population100real\58\2380.jpg,58
./balancer/population/population100real\58\2395.jpg,58
./balancer/population/population100real\58\2406.jpg,58
./balancer/population/population100real\58\2407.jpg,58
./balancer/population/population100real\58\2417.jpg,58
./balancer/population/population100real\58\2433.jpg,58
./balancer/population/population100real\58\2435.jpg,58
./balancer/population/population100real\58\2454.jpg,58
./balancer/population/population100real\58\2478.jpg,58
./balancer/population/population100real\58\2521.jpg,58
./balancer/population/population100real\58\2545.jpg,58
./balancer/population/population100real\58\2552.jpg,58
./balancer/population/population100real\58\2562.jpg,58
./balancer/population/population100real\58\2563.jpg,58
./balancer/population/population100real\58\2566.jpg,58
./balancer/population/population100real\58\2579.jpg,58
./balancer/population/population100real\58\2587.jpg,58
./balancer/population/population100real\58\2636.jpg,58
./balancer/population/population100real\58\2641.jpg,58
./balancer/population/population100real\58\2649.jpg,58
./balancer/population/population100real\58\2671.jpg,58
./balancer/population/population100real\58\2674.jpg,58
./balancer/population/population100real\58\2683.jpg,58
./balancer/population/population100real\58\2689.jpg,58
./balancer/population/population100real\58\2692.jpg,58
./balancer/population/population100real\58\2707.jpg,58
./balancer/population/population100real\58\2718.jpg,58
./balancer/population/population100real\58\273.jpg,58
./balancer/population/population100real\58\2740.jpg,58
./balancer/population/population100real\58\2758.jpg,58
./balancer/population/population100real\58\2778.jpg,58
./balancer/population/population100real\58\278.jpg,58
./balancer/population/population100real\58\2788.jpg,58
./balancer/population/population100real\58\2806.jpg,58
./balancer/population/population100real\58\2808.jpg,58
./balancer/population/population100real\58\2815.jpg,58
./balancer/population/population100real\58\2817.jpg,58
./balancer/population/population100real\58\2820.jpg,58
./balancer/population/population100real\58\2839.jpg,58
./balancer/population/population100real\58\2850.jpg,58
./balancer/population/population100real\58\2859.jpg,58
./balancer/population/population100real\58\2867.jpg,58
./balancer/population/population100real\58\2897.jpg,58
./balancer/population/population100real\58\29.jpg,58
./balancer/population/population100real\58\2925.jpg,58
./balancer/population/population100real\58\293.jpg,58
./balancer/population/population100real\58\2954.jpg,58
./balancer/population/population100real\58\2955.jpg,58
./balancer/population/population100real\58\296.jpg,58
./balancer/population/population100real\58\2965.jpg,58
./balancer/population/population100real\58\2969.jpg,58
./balancer/population/population100real\58\3020.jpg,58
./balancer/population/population100real\58\3062.jpg,58
./balancer/population/population100real\58\3064.jpg,58
./balancer/population/population100real\58\3076.jpg,58
./balancer/population/population100real\58\3113.jpg,58
./balancer/population/population100real\58\3126.jpg,58
./balancer/population/population100real\58\327.JPG,58
./balancer/population/population100real\58\329.jpg,58
./balancer/population/population100real\58\341.jpg,58
./balancer/population/population100real\58\343.jpg,58
./balancer/population/population100real\58\344.jpg,58
./balancer/population/population100real\58\358.jpg,58
./balancer/population/population100real\58\372.JPG,58
./balancer/population/population100real\58\381.jpg,58
./balancer/population/population100real\58\4.jpg,58
./balancer/population/population100real\58\450.jpg,58
./balancer/population/population100real\58\491.jpg,58
./balancer/population/population100real\58\5.jpg,58
./balancer/population/population100real\58\506.jpg,58
./balancer/population/population100real\58\511.jpg,58
./balancer/population/population100real\58\525.jpg,58
./balancer/population/population100real\58\544.jpg,58
./balancer/population/population100real\58\580.jpg,58
./balancer/population/population100real\58\629.jpg,58
./balancer/population/population100real\58\639.jpg,58
./balancer/population/population100real\58\661.jpg,58
./balancer/population/population100real\58\665.jpg,58
./balancer/population/population100real\58\677.jpg,58
./balancer/population/population100real\58\689.jpg,58
./balancer/population/population100real\58\695.jpg,58
./balancer/population/population100real\58\73.jpg,58
./balancer/population/population100real\58\737.jpg,58
./balancer/population/population100real\58\740.jpg,58
./balancer/population/population100real\58\758.jpg,58
./balancer/population/population100real\58\763.jpg,58
./balancer/population/population100real\58\77.jpg,58
./balancer/population/population100real\58\770.jpg,58
./balancer/population/population100real\58\800.jpg,58
./balancer/population/population100real\58\801.jpg,58
./balancer/population/population100real\58\806.jpg,58
./balancer/population/population100real\58\820.jpg,58
./balancer/population/population100real\58\84.jpg,58
./balancer/population/population100real\58\842.jpg,58
./balancer/population/population100real\58\865.jpg,58
./balancer/population/population100real\58\909.jpg,58
./balancer/population/population100real\58\911.jpg,58
./balancer/population/population100real\58\949.jpg,58
./balancer/population/population100real\58\952.jpg,58
./balancer/population/population100real\58\953.jpg,58
./balancer/population/population100real\58\963.jpg,58
./balancer/population/population100real\58\969.jpg,58
./balancer/population/population100real\58\971.jpg,58
./balancer/population/population100real\58\979.jpg,58
./balancer/population/population100real\58\98.jpg,58
./balancer/population/population100real\58\983.jpg,58
./balancer/population/population100real\58\984.jpg,58
./balancer/population/population100real\58\985.jpg,58
./balancer/population/population100real\59\1002.jpg,59
./balancer/population/population100real\59\1006.jpg,59
./balancer/population/population100real\59\1008.jpg,59
./balancer/population/population100real\59\1020.jpg,59
./balancer/population/population100real\59\1028.jpg,59
./balancer/population/population100real\59\1047.jpg,59
./balancer/population/population100real\59\1079.jpg,59
./balancer/population/population100real\59\1081.jpg,59
./balancer/population/population100real\59\1093.jpg,59
./balancer/population/population100real\59\1106.jpg,59
./balancer/population/population100real\59\1121.jpg,59
./balancer/population/population100real\59\1132.jpg,59
./balancer/population/population100real\59\1140.jpg,59
./balancer/population/population100real\59\1178.jpg,59
./balancer/population/population100real\59\1201.jpg,59
./balancer/population/population100real\59\1209.jpg,59
./balancer/population/population100real\59\1222.jpg,59
./balancer/population/population100real\59\1223.jpg,59
./balancer/population/population100real\59\1229.jpg,59
./balancer/population/population100real\59\1252.jpg,59
./balancer/population/population100real\59\1275.jpg,59
./balancer/population/population100real\59\1286.jpg,59
./balancer/population/population100real\59\1334.jpg,59
./balancer/population/population100real\59\1338.jpg,59
./balancer/population/population100real\59\1353.jpg,59
./balancer/population/population100real\59\1357.jpg,59
./balancer/population/population100real\59\1360.jpg,59
./balancer/population/population100real\59\1361.jpg,59
./balancer/population/population100real\59\1362.jpg,59
./balancer/population/population100real\59\142.jpg,59
./balancer/population/population100real\59\1454.jpg,59
./balancer/population/population100real\59\1472.jpg,59
./balancer/population/population100real\59\1501.jpg,59
./balancer/population/population100real\59\1509.jpg,59
./balancer/population/population100real\59\151.jpg,59
./balancer/population/population100real\59\1516.jpg,59
./balancer/population/population100real\59\1545.jpg,59
./balancer/population/population100real\59\1559.jpg,59
./balancer/population/population100real\59\157.jpg,59
./balancer/population/population100real\59\1570.jpg,59
./balancer/population/population100real\59\1571.JPG,59
./balancer/population/population100real\59\1572.jpg,59
./balancer/population/population100real\59\1574.jpg,59
./balancer/population/population100real\59\1584.jpg,59
./balancer/population/population100real\59\1596.jpg,59
./balancer/population/population100real\59\1616.jpg,59
./balancer/population/population100real\59\1628.jpg,59
./balancer/population/population100real\59\1635.jpg,59
./balancer/population/population100real\59\1638.jpg,59
./balancer/population/population100real\59\1644.jpg,59
./balancer/population/population100real\59\1672.jpg,59
./balancer/population/population100real\59\1673.jpg,59
./balancer/population/population100real\59\1701.jpg,59
./balancer/population/population100real\59\1702.jpg,59
./balancer/population/population100real\59\1745.jpg,59
./balancer/population/population100real\59\1757.jpg,59
./balancer/population/population100real\59\1786.jpg,59
./balancer/population/population100real\59\1790.jpg,59
./balancer/population/population100real\59\180.jpg,59
./balancer/population/population100real\59\1802.jpg,59
./balancer/population/population100real\59\1806.JPG,59
./balancer/population/population100real\59\1808.jpg,59
./balancer/population/population100real\59\1832.jpg,59
./balancer/population/population100real\59\185.jpg,59
./balancer/population/population100real\59\1862.jpg,59
./balancer/population/population100real\59\1863.jpg,59
./balancer/population/population100real\59\187.jpg,59
./balancer/population/population100real\59\1871.jpg,59
./balancer/population/population100real\59\1881.jpg,59
./balancer/population/population100real\59\1893.jpg,59
./balancer/population/population100real\59\1900.jpg,59
./balancer/population/population100real\59\1925.jpg,59
./balancer/population/population100real\59\1938.jpg,59
./balancer/population/population100real\59\197.jpg,59
./balancer/population/population100real\59\198.jpg,59
./balancer/population/population100real\59\1980.jpg,59
./balancer/population/population100real\59\1998.jpg,59
./balancer/population/population100real\59\20.jpg,59
./balancer/population/population100real\59\2000.jpg,59
./balancer/population/population100real\59\2013.jpg,59
./balancer/population/population100real\59\202.jpg,59
./balancer/population/population100real\59\2033.jpg,59
./balancer/population/population100real\59\2045.jpg,59
./balancer/population/population100real\59\2056.jpg,59
./balancer/population/population100real\59\2079.jpg,59
./balancer/population/population100real\59\2091.jpg,59
./balancer/population/population100real\59\2131.jpg,59
./balancer/population/population100real\59\2151.jpg,59
./balancer/population/population100real\59\2157.jpg,59
./balancer/population/population100real\59\2180.jpg,59
./balancer/population/population100real\59\2181.jpg,59
./balancer/population/population100real\59\2183.jpg,59
./balancer/population/population100real\59\2184.jpg,59
./balancer/population/population100real\59\2233.jpg,59
./balancer/population/population100real\59\2251.jpg,59
./balancer/population/population100real\59\2263.jpg,59
./balancer/population/population100real\59\2273.jpg,59
./balancer/population/population100real\59\2296.jpg,59
./balancer/population/population100real\59\2300.jpg,59
./balancer/population/population100real\59\2310.jpg,59
./balancer/population/population100real\59\2312.jpg,59
./balancer/population/population100real\59\2330.jpg,59
./balancer/population/population100real\59\2343.jpg,59
./balancer/population/population100real\59\2361.jpg,59
./balancer/population/population100real\59\2366.jpg,59
./balancer/population/population100real\59\2375.jpg,59
./balancer/population/population100real\59\2394.jpg,59
./balancer/population/population100real\59\2431.jpg,59
./balancer/population/population100real\59\2434.jpg,59
./balancer/population/population100real\59\2445.jpg,59
./balancer/population/population100real\59\2460.jpg,59
./balancer/population/population100real\59\247.jpg,59
./balancer/population/population100real\59\2487.jpg,59
./balancer/population/population100real\59\2516.jpg,59
./balancer/population/population100real\59\2526.jpg,59
./balancer/population/population100real\59\2546.jpg,59
./balancer/population/population100real\59\2558.jpg,59
./balancer/population/population100real\59\2562.jpg,59
./balancer/population/population100real\59\257.jpg,59
./balancer/population/population100real\59\2574.jpg,59
./balancer/population/population100real\59\2593.jpg,59
./balancer/population/population100real\59\2595.jpg,59
./balancer/population/population100real\59\2619.jpg,59
./balancer/population/population100real\59\2626.jpg,59
./balancer/population/population100real\59\2632.jpg,59
./balancer/population/population100real\59\2633.jpg,59
./balancer/population/population100real\59\2638.jpg,59
./balancer/population/population100real\59\2654.jpg,59
./balancer/population/population100real\59\2659.jpg,59
./balancer/population/population100real\59\2663.jpg,59
./balancer/population/population100real\59\2724.jpg,59
./balancer/population/population100real\59\2742.jpg,59
./balancer/population/population100real\59\2751.jpg,59
./balancer/population/population100real\59\2754.jpg,59
./balancer/population/population100real\59\2761.jpg,59
./balancer/population/population100real\59\2762.jpg,59
./balancer/population/population100real\59\2763.jpg,59
./balancer/population/population100real\59\2767.jpg,59
./balancer/population/population100real\59\2790.jpg,59
./balancer/population/population100real\59\2806.jpg,59
./balancer/population/population100real\59\281.jpg,59
./balancer/population/population100real\59\2824.jpg,59
./balancer/population/population100real\59\2827.jpg,59
./balancer/population/population100real\59\2834.jpg,59
./balancer/population/population100real\59\2838.jpg,59
./balancer/population/population100real\59\2860.jpg,59
./balancer/population/population100real\59\2868.jpg,59
./balancer/population/population100real\59\2890.jpg,59
./balancer/population/population100real\59\2927.jpg,59
./balancer/population/population100real\59\2957.jpg,59
./balancer/population/population100real\59\2958.jpg,59
./balancer/population/population100real\59\2971.jpg,59
./balancer/population/population100real\59\311.jpg,59
./balancer/population/population100real\59\331.jpg,59
./balancer/population/population100real\59\378.jpg,59
./balancer/population/population100real\59\390.jpg,59
./balancer/population/population100real\59\392.jpg,59
./balancer/population/population100real\59\402.jpg,59
./balancer/population/population100real\59\410.jpg,59
./balancer/population/population100real\59\421.jpg,59
./balancer/population/population100real\59\429.JPG,59
./balancer/population/population100real\59\451.jpg,59
./balancer/population/population100real\59\472.jpg,59
./balancer/population/population100real\59\491.jpg,59
./balancer/population/population100real\59\498.jpg,59
./balancer/population/population100real\59\509.jpg,59
./balancer/population/population100real\59\515.jpg,59
./balancer/population/population100real\59\522.jpg,59
./balancer/population/population100real\59\532.jpg,59
./balancer/population/population100real\59\536.jpg,59
./balancer/population/population100real\59\547.JPG,59
./balancer/population/population100real\59\551.jpg,59
./balancer/population/population100real\59\576.jpg,59
./balancer/population/population100real\59\577.jpg,59
./balancer/population/population100real\59\579.jpg,59
./balancer/population/population100real\59\581.jpg,59
./balancer/population/population100real\59\595.jpg,59
./balancer/population/population100real\59\600.jpg,59
./balancer/population/population100real\59\602.jpg,59
./balancer/population/population100real\59\607.jpg,59
./balancer/population/population100real\59\609.jpg,59
./balancer/population/population100real\59\613.jpg,59
./balancer/population/population100real\59\620.jpg,59
./balancer/population/population100real\59\632.jpg,59
./balancer/population/population100real\59\670.jpg,59
./balancer/population/population100real\59\684.jpg,59
./balancer/population/population100real\59\733.jpg,59
./balancer/population/population100real\59\746.jpg,59
./balancer/population/population100real\59\751.jpg,59
./balancer/population/population100real\59\759.jpg,59
./balancer/population/population100real\59\764.jpg,59
./balancer/population/population100real\59\768.jpg,59
./balancer/population/population100real\59\769.jpg,59
./balancer/population/population100real\59\777.jpg,59
./balancer/population/population100real\59\792.jpg,59
./balancer/population/population100real\59\793.jpg,59
./balancer/population/population100real\59\801.jpg,59
./balancer/population/population100real\59\824.jpg,59
./balancer/population/population100real\59\845.jpg,59
./balancer/population/population100real\59\87.jpg,59
./balancer/population/population100real\59\877.jpg,59
./balancer/population/population100real\59\881.jpg,59
./balancer/population/population100real\59\887.jpg,59
./balancer/population/population100real\59\903.jpg,59
./balancer/population/population100real\59\91.jpg,59
./balancer/population/population100real\59\917.jpg,59
./balancer/population/population100real\59\950.jpg,59
./balancer/population/population100real\59\955.jpg,59
./balancer/population/population100real\59\969.jpg,59
./balancer/population/population100real\59\981.jpg,59
./balancer/population/population100real\59\983.jpg,59
./balancer/population/population100real\59\986.jpg,59
./balancer/population/population100real\59\991.JPG,59
./balancer/population/population100real\59\992.jpg,59
./balancer/population/population100real\59\999.jpg,59
./balancer/population/population100real\6\0.JPG,6
./balancer/population/population100real\6\1.jpg,6
./balancer/population/population100real\6\10.jpg,6
./balancer/population/population100real\6\100.jpg,6
./balancer/population/population100real\6\101.jpg,6
./balancer/population/population100real\6\105.jpg,6
./balancer/population/population100real\6\106.jpg,6
./balancer/population/population100real\6\107.jpg,6
./balancer/population/population100real\6\108.jpg,6
./balancer/population/population100real\6\11.jpg,6
./balancer/population/population100real\6\110.JPG,6
./balancer/population/population100real\6\113.jpg,6
./balancer/population/population100real\6\114.jpg,6
./balancer/population/population100real\6\115.jpg,6
./balancer/population/population100real\6\116.jpg,6
./balancer/population/population100real\6\118.jpg,6
./balancer/population/population100real\6\119.jpg,6
./balancer/population/population100real\6\12.jpg,6
./balancer/population/population100real\6\120.jpg,6
./balancer/population/population100real\6\121.JPG,6
./balancer/population/population100real\6\122.jpg,6
./balancer/population/population100real\6\123.jpg,6
./balancer/population/population100real\6\124.jpg,6
./balancer/population/population100real\6\125.jpg,6
./balancer/population/population100real\6\126.jpg,6
./balancer/population/population100real\6\127.jpg,6
./balancer/population/population100real\6\128.jpg,6
./balancer/population/population100real\6\129.jpg,6
./balancer/population/population100real\6\13.JPG,6
./balancer/population/population100real\6\131.jpg,6
./balancer/population/population100real\6\132.JPG,6
./balancer/population/population100real\6\133.jpg,6
./balancer/population/population100real\6\134.jpg,6
./balancer/population/population100real\6\135.jpg,6
./balancer/population/population100real\6\136.jpg,6
./balancer/population/population100real\6\138.jpg,6
./balancer/population/population100real\6\140.JPG,6
./balancer/population/population100real\6\141.jpg,6
./balancer/population/population100real\6\144.jpg,6
./balancer/population/population100real\6\145.jpg,6
./balancer/population/population100real\6\146.jpg,6
./balancer/population/population100real\6\147.jpg,6
./balancer/population/population100real\6\150.jpg,6
./balancer/population/population100real\6\152.jpg,6
./balancer/population/population100real\6\153.jpg,6
./balancer/population/population100real\6\154.jpg,6
./balancer/population/population100real\6\155.jpg,6
./balancer/population/population100real\6\156.jpg,6
./balancer/population/population100real\6\157.jpg,6
./balancer/population/population100real\6\158.jpg,6
./balancer/population/population100real\6\159.jpg,6
./balancer/population/population100real\6\16.JPG,6
./balancer/population/population100real\6\160.jpg,6
./balancer/population/population100real\6\161.JPG,6
./balancer/population/population100real\6\163.jpg,6
./balancer/population/population100real\6\167.JPG,6
./balancer/population/population100real\6\168.JPG,6
./balancer/population/population100real\6\169.JPG,6
./balancer/population/population100real\6\17.jpg,6
./balancer/population/population100real\6\170.jpg,6
./balancer/population/population100real\6\172.jpg,6
./balancer/population/population100real\6\174.jpg,6
./balancer/population/population100real\6\175.jpg,6
./balancer/population/population100real\6\176.jpg,6
./balancer/population/population100real\6\177.jpg,6
./balancer/population/population100real\6\178.jpg,6
./balancer/population/population100real\6\179.jpg,6
./balancer/population/population100real\6\18.jpg,6
./balancer/population/population100real\6\180.jpg,6
./balancer/population/population100real\6\182.JPG,6
./balancer/population/population100real\6\183.jpg,6
./balancer/population/population100real\6\184.JPG,6
./balancer/population/population100real\6\186.jpg,6
./balancer/population/population100real\6\187.jpg,6
./balancer/population/population100real\6\189.jpg,6
./balancer/population/population100real\6\19.jpg,6
./balancer/population/population100real\6\190.jpg,6
./balancer/population/population100real\6\191.JPG,6
./balancer/population/population100real\6\192.jpg,6
./balancer/population/population100real\6\195.jpg,6
./balancer/population/population100real\6\196.jpg,6
./balancer/population/population100real\6\197.jpg,6
./balancer/population/population100real\6\198.jpg,6
./balancer/population/population100real\6\199.jpg,6
./balancer/population/population100real\6\2.jpg,6
./balancer/population/population100real\6\20.jpg,6
./balancer/population/population100real\6\200.jpg,6
./balancer/population/population100real\6\201.JPG,6
./balancer/population/population100real\6\202.jpg,6
./balancer/population/population100real\6\203.JPG,6
./balancer/population/population100real\6\204.JPG,6
./balancer/population/population100real\6\205.jpg,6
./balancer/population/population100real\6\207.jpg,6
./balancer/population/population100real\6\208.jpg,6
./balancer/population/population100real\6\209.jpg,6
./balancer/population/population100real\6\21.jpg,6
./balancer/population/population100real\6\210.jpg,6
./balancer/population/population100real\6\211.jpg,6
./balancer/population/population100real\6\212.jpg,6
./balancer/population/population100real\6\213.jpg,6
./balancer/population/population100real\6\214.jpg,6
./balancer/population/population100real\6\215.jpg,6
./balancer/population/population100real\6\218.jpg,6
./balancer/population/population100real\6\219.jpg,6
./balancer/population/population100real\6\22.jpg,6
./balancer/population/population100real\6\221.jpg,6
./balancer/population/population100real\6\222.JPG,6
./balancer/population/population100real\6\223.jpg,6
./balancer/population/population100real\6\224.jpg,6
./balancer/population/population100real\6\225.jpg,6
./balancer/population/population100real\6\227.jpg,6
./balancer/population/population100real\6\228.jpg,6
./balancer/population/population100real\6\229.jpg,6
./balancer/population/population100real\6\23.jpg,6
./balancer/population/population100real\6\231.JPG,6
./balancer/population/population100real\6\232.jpg,6
./balancer/population/population100real\6\233.jpg,6
./balancer/population/population100real\6\234.jpg,6
./balancer/population/population100real\6\235.jpg,6
./balancer/population/population100real\6\237.jpg,6
./balancer/population/population100real\6\239.jpg,6
./balancer/population/population100real\6\24.jpg,6
./balancer/population/population100real\6\240.jpg,6
./balancer/population/population100real\6\241.jpg,6
./balancer/population/population100real\6\242.JPG,6
./balancer/population/population100real\6\244.jpg,6
./balancer/population/population100real\6\245.jpg,6
./balancer/population/population100real\6\247.jpg,6
./balancer/population/population100real\6\249.jpg,6
./balancer/population/population100real\6\25.jpg,6
./balancer/population/population100real\6\250.jpg,6
./balancer/population/population100real\6\251.jpg,6
./balancer/population/population100real\6\252.jpg,6
./balancer/population/population100real\6\253.jpg,6
./balancer/population/population100real\6\256.jpg,6
./balancer/population/population100real\6\257.jpg,6
./balancer/population/population100real\6\259.jpg,6
./balancer/population/population100real\6\26.jpg,6
./balancer/population/population100real\6\260.jpg,6
./balancer/population/population100real\6\261.JPG,6
./balancer/population/population100real\6\262.jpg,6
./balancer/population/population100real\6\263.jpg,6
./balancer/population/population100real\6\264.jpg,6
./balancer/population/population100real\6\265.JPG,6
./balancer/population/population100real\6\266.jpg,6
./balancer/population/population100real\6\268.jpg,6
./balancer/population/population100real\6\270.jpg,6
./balancer/population/population100real\6\271.jpg,6
./balancer/population/population100real\6\272.JPG,6
./balancer/population/population100real\6\273.JPG,6
./balancer/population/population100real\6\274.jpg,6
./balancer/population/population100real\6\275.jpg,6
./balancer/population/population100real\6\28.jpg,6
./balancer/population/population100real\6\29.jpg,6
./balancer/population/population100real\6\3.JPG,6
./balancer/population/population100real\6\30.jpg,6
./balancer/population/population100real\6\33.jpg,6
./balancer/population/population100real\6\34.jpg,6
./balancer/population/population100real\6\38.jpg,6
./balancer/population/population100real\6\39.jpg,6
./balancer/population/population100real\6\4.JPG,6
./balancer/population/population100real\6\41.jpg,6
./balancer/population/population100real\6\42.jpg,6
./balancer/population/population100real\6\43.jpg,6
./balancer/population/population100real\6\44.jpg,6
./balancer/population/population100real\6\45.JPG,6
./balancer/population/population100real\6\47.jpg,6
./balancer/population/population100real\6\49.jpg,6
./balancer/population/population100real\6\50.jpg,6
./balancer/population/population100real\6\51.jpg,6
./balancer/population/population100real\6\53.jpg,6
./balancer/population/population100real\6\55.jpg,6
./balancer/population/population100real\6\58.JPG,6
./balancer/population/population100real\6\59.jpg,6
./balancer/population/population100real\6\60.jpg,6
./balancer/population/population100real\6\61.jpg,6
./balancer/population/population100real\6\62.jpg,6
./balancer/population/population100real\6\63.JPG,6
./balancer/population/population100real\6\65.jpg,6
./balancer/population/population100real\6\67.jpg,6
./balancer/population/population100real\6\68.JPG,6
./balancer/population/population100real\6\69.JPG,6
./balancer/population/population100real\6\7.jpg,6
./balancer/population/population100real\6\70.jpg,6
./balancer/population/population100real\6\71.jpg,6
./balancer/population/population100real\6\72.jpg,6
./balancer/population/population100real\6\73.JPG,6
./balancer/population/population100real\6\74.jpg,6
./balancer/population/population100real\6\75.jpg,6
./balancer/population/population100real\6\78.jpg,6
./balancer/population/population100real\6\79.jpg,6
./balancer/population/population100real\6\8.jpg,6
./balancer/population/population100real\6\80.jpg,6
./balancer/population/population100real\6\81.jpg,6
./balancer/population/population100real\6\83.jpg,6
./balancer/population/population100real\6\84.jpg,6
./balancer/population/population100real\6\9.jpg,6
./balancer/population/population100real\6\92.jpg,6
./balancer/population/population100real\6\93.jpg,6
./balancer/population/population100real\6\96.jpg,6
./balancer/population/population100real\6\97.jpg,6
./balancer/population/population100real\6\99.jpg,6
./balancer/population/population100real\60\1008.jpg,60
./balancer/population/population100real\60\1009.jpg,60
./balancer/population/population100real\60\102.jpg,60
./balancer/population/population100real\60\1037.jpg,60
./balancer/population/population100real\60\1048.jpg,60
./balancer/population/population100real\60\1072.jpg,60
./balancer/population/population100real\60\1079.jpg,60
./balancer/population/population100real\60\1098.jpg,60
./balancer/population/population100real\60\1105.jpg,60
./balancer/population/population100real\60\1130.jpg,60
./balancer/population/population100real\60\117.jpg,60
./balancer/population/population100real\60\1186.jpg,60
./balancer/population/population100real\60\1203.jpg,60
./balancer/population/population100real\60\1213.jpg,60
./balancer/population/population100real\60\1214.jpg,60
./balancer/population/population100real\60\122.jpg,60
./balancer/population/population100real\60\1229.jpg,60
./balancer/population/population100real\60\1239.jpg,60
./balancer/population/population100real\60\1257.jpg,60
./balancer/population/population100real\60\1274.jpg,60
./balancer/population/population100real\60\1291.jpg,60
./balancer/population/population100real\60\1298.jpg,60
./balancer/population/population100real\60\1299.jpg,60
./balancer/population/population100real\60\130.jpg,60
./balancer/population/population100real\60\1303.jpg,60
./balancer/population/population100real\60\1338.jpg,60
./balancer/population/population100real\60\1344.jpg,60
./balancer/population/population100real\60\1351.jpg,60
./balancer/population/population100real\60\1359.jpg,60
./balancer/population/population100real\60\137.jpg,60
./balancer/population/population100real\60\1380.jpg,60
./balancer/population/population100real\60\1385.jpg,60
./balancer/population/population100real\60\1392.jpg,60
./balancer/population/population100real\60\1401.jpg,60
./balancer/population/population100real\60\1408.JPG,60
./balancer/population/population100real\60\1409.jpg,60
./balancer/population/population100real\60\1421.jpg,60
./balancer/population/population100real\60\1441.jpg,60
./balancer/population/population100real\60\1452.jpg,60
./balancer/population/population100real\60\1456.jpg,60
./balancer/population/population100real\60\1492.jpg,60
./balancer/population/population100real\60\1493.jpg,60
./balancer/population/population100real\60\153.jpg,60
./balancer/population/population100real\60\1532.jpg,60
./balancer/population/population100real\60\1538.jpg,60
./balancer/population/population100real\60\1586.jpg,60
./balancer/population/population100real\60\159.jpg,60
./balancer/population/population100real\60\1592.jpg,60
./balancer/population/population100real\60\1613.jpg,60
./balancer/population/population100real\60\1617.jpg,60
./balancer/population/population100real\60\1620.jpg,60
./balancer/population/population100real\60\1624.jpg,60
./balancer/population/population100real\60\1631.jpg,60
./balancer/population/population100real\60\1648.jpg,60
./balancer/population/population100real\60\1666.jpg,60
./balancer/population/population100real\60\1671.jpg,60
./balancer/population/population100real\60\1683.jpg,60
./balancer/population/population100real\60\1692.jpg,60
./balancer/population/population100real\60\1716.jpg,60
./balancer/population/population100real\60\1734.jpg,60
./balancer/population/population100real\60\1736.jpg,60
./balancer/population/population100real\60\1739.jpg,60
./balancer/population/population100real\60\1757.jpg,60
./balancer/population/population100real\60\1770.jpg,60
./balancer/population/population100real\60\1781.jpg,60
./balancer/population/population100real\60\1787.jpg,60
./balancer/population/population100real\60\1791.jpg,60
./balancer/population/population100real\60\1793.jpg,60
./balancer/population/population100real\60\1795.jpg,60
./balancer/population/population100real\60\18.jpg,60
./balancer/population/population100real\60\1809.jpg,60
./balancer/population/population100real\60\1815.jpg,60
./balancer/population/population100real\60\1816.jpg,60
./balancer/population/population100real\60\1822.jpg,60
./balancer/population/population100real\60\1852.jpg,60
./balancer/population/population100real\60\1860.jpg,60
./balancer/population/population100real\60\1870.jpg,60
./balancer/population/population100real\60\1874.jpg,60
./balancer/population/population100real\60\191.jpg,60
./balancer/population/population100real\60\1912.jpg,60
./balancer/population/population100real\60\1915.jpg,60
./balancer/population/population100real\60\1921.jpg,60
./balancer/population/population100real\60\1924.jpg,60
./balancer/population/population100real\60\1957.jpg,60
./balancer/population/population100real\60\1958.jpg,60
./balancer/population/population100real\60\1966.jpg,60
./balancer/population/population100real\60\1998.jpg,60
./balancer/population/population100real\60\2013.jpg,60
./balancer/population/population100real\60\2034.jpg,60
./balancer/population/population100real\60\2037.jpg,60
./balancer/population/population100real\60\2044.jpg,60
./balancer/population/population100real\60\2048.JPG,60
./balancer/population/population100real\60\206.jpg,60
./balancer/population/population100real\60\2061.jpg,60
./balancer/population/population100real\60\2068.jpg,60
./balancer/population/population100real\60\2097.jpg,60
./balancer/population/population100real\60\2100.jpg,60
./balancer/population/population100real\60\2117.jpg,60
./balancer/population/population100real\60\2126.jpg,60
./balancer/population/population100real\60\2169.jpg,60
./balancer/population/population100real\60\2186.jpg,60
./balancer/population/population100real\60\2200.jpg,60
./balancer/population/population100real\60\2233.jpg,60
./balancer/population/population100real\60\2235.jpg,60
./balancer/population/population100real\60\2239.jpg,60
./balancer/population/population100real\60\2258.jpg,60
./balancer/population/population100real\60\2269.jpg,60
./balancer/population/population100real\60\2290.jpg,60
./balancer/population/population100real\60\2304.jpg,60
./balancer/population/population100real\60\2308.jpg,60
./balancer/population/population100real\60\2326.jpg,60
./balancer/population/population100real\60\2329.jpg,60
./balancer/population/population100real\60\2332.JPG,60
./balancer/population/population100real\60\2334.jpg,60
./balancer/population/population100real\60\2339.jpg,60
./balancer/population/population100real\60\2343.jpg,60
./balancer/population/population100real\60\2359.jpg,60
./balancer/population/population100real\60\2365.jpg,60
./balancer/population/population100real\60\2382.jpg,60
./balancer/population/population100real\60\2392.jpg,60
./balancer/population/population100real\60\2406.jpg,60
./balancer/population/population100real\60\2419.jpg,60
./balancer/population/population100real\60\2424.jpg,60
./balancer/population/population100real\60\243.jpg,60
./balancer/population/population100real\60\2433.jpg,60
./balancer/population/population100real\60\2434.jpg,60
./balancer/population/population100real\60\2463.jpg,60
./balancer/population/population100real\60\2464.jpg,60
./balancer/population/population100real\60\2469.jpg,60
./balancer/population/population100real\60\2482.jpg,60
./balancer/population/population100real\60\2489.jpg,60
./balancer/population/population100real\60\249.jpg,60
./balancer/population/population100real\60\2495.jpg,60
./balancer/population/population100real\60\2498.jpg,60
./balancer/population/population100real\60\2509.jpg,60
./balancer/population/population100real\60\2512.jpg,60
./balancer/population/population100real\60\2554.jpg,60
./balancer/population/population100real\60\2564.jpg,60
./balancer/population/population100real\60\2574.jpg,60
./balancer/population/population100real\60\258.jpg,60
./balancer/population/population100real\60\26.jpg,60
./balancer/population/population100real\60\2604.jpg,60
./balancer/population/population100real\60\261.jpg,60
./balancer/population/population100real\60\2614.jpg,60
./balancer/population/population100real\60\2619.jpg,60
./balancer/population/population100real\60\2622.jpg,60
./balancer/population/population100real\60\2634.jpg,60
./balancer/population/population100real\60\2650.jpg,60
./balancer/population/population100real\60\2657.jpg,60
./balancer/population/population100real\60\2659.jpg,60
./balancer/population/population100real\60\2681.jpg,60
./balancer/population/population100real\60\2708.jpg,60
./balancer/population/population100real\60\2712.jpg,60
./balancer/population/population100real\60\292.jpg,60
./balancer/population/population100real\60\299.jpg,60
./balancer/population/population100real\60\307.jpg,60
./balancer/population/population100real\60\319.jpg,60
./balancer/population/population100real\60\36.jpg,60
./balancer/population/population100real\60\367.jpg,60
./balancer/population/population100real\60\397.jpg,60
./balancer/population/population100real\60\399.jpg,60
./balancer/population/population100real\60\405.jpg,60
./balancer/population/population100real\60\413.jpg,60
./balancer/population/population100real\60\416.jpg,60
./balancer/population/population100real\60\417.jpg,60
./balancer/population/population100real\60\438.jpg,60
./balancer/population/population100real\60\449.jpg,60
./balancer/population/population100real\60\460.jpg,60
./balancer/population/population100real\60\478.jpg,60
./balancer/population/population100real\60\490.jpg,60
./balancer/population/population100real\60\497.jpg,60
./balancer/population/population100real\60\5.jpg,60
./balancer/population/population100real\60\502.jpg,60
./balancer/population/population100real\60\509.jpg,60
./balancer/population/population100real\60\510.jpg,60
./balancer/population/population100real\60\514.jpg,60
./balancer/population/population100real\60\520.jpg,60
./balancer/population/population100real\60\524.jpg,60
./balancer/population/population100real\60\527.jpg,60
./balancer/population/population100real\60\533.jpg,60
./balancer/population/population100real\60\54.jpg,60
./balancer/population/population100real\60\551.jpg,60
./balancer/population/population100real\60\558.jpg,60
./balancer/population/population100real\60\560.jpg,60
./balancer/population/population100real\60\563.jpg,60
./balancer/population/population100real\60\59.jpg,60
./balancer/population/population100real\60\594.jpg,60
./balancer/population/population100real\60\615.jpg,60
./balancer/population/population100real\60\624.jpg,60
./balancer/population/population100real\60\632.jpg,60
./balancer/population/population100real\60\667.jpg,60
./balancer/population/population100real\60\672.jpg,60
./balancer/population/population100real\60\677.jpg,60
./balancer/population/population100real\60\684.jpg,60
./balancer/population/population100real\60\689.jpg,60
./balancer/population/population100real\60\705.jpg,60
./balancer/population/population100real\60\706.jpg,60
./balancer/population/population100real\60\711.jpg,60
./balancer/population/population100real\60\72.jpg,60
./balancer/population/population100real\60\728.jpg,60
./balancer/population/population100real\60\775.jpg,60
./balancer/population/population100real\60\81.jpg,60
./balancer/population/population100real\60\818.jpg,60
./balancer/population/population100real\60\834.jpg,60
./balancer/population/population100real\60\839.jpg,60
./balancer/population/population100real\60\847.jpg,60
./balancer/population/population100real\60\872.jpg,60
./balancer/population/population100real\60\893.jpg,60
./balancer/population/population100real\60\905.jpg,60
./balancer/population/population100real\60\909.jpg,60
./balancer/population/population100real\60\928.jpg,60
./balancer/population/population100real\60\939.jpg,60
./balancer/population/population100real\60\946.jpg,60
./balancer/population/population100real\60\958.jpg,60
./balancer/population/population100real\60\969.JPG,60
./balancer/population/population100real\60\991.jpg,60
./balancer/population/population100real\60\997.jpg,60
./balancer/population/population100real\61\1010.jpg,61
./balancer/population/population100real\61\1015.JPG,61
./balancer/population/population100real\61\102.jpg,61
./balancer/population/population100real\61\1025.jpg,61
./balancer/population/population100real\61\1030.jpg,61
./balancer/population/population100real\61\104.jpg,61
./balancer/population/population100real\61\1040.jpg,61
./balancer/population/population100real\61\1047.jpg,61
./balancer/population/population100real\61\1054.jpg,61
./balancer/population/population100real\61\1067.jpg,61
./balancer/population/population100real\61\1090.jpg,61
./balancer/population/population100real\61\1094.jpg,61
./balancer/population/population100real\61\110.jpg,61
./balancer/population/population100real\61\1109.jpg,61
./balancer/population/population100real\61\1117.jpg,61
./balancer/population/population100real\61\1121.jpg,61
./balancer/population/population100real\61\1126.JPG,61
./balancer/population/population100real\61\114.jpg,61
./balancer/population/population100real\61\1187.jpg,61
./balancer/population/population100real\61\1190.jpg,61
./balancer/population/population100real\61\1192.jpg,61
./balancer/population/population100real\61\1199.jpg,61
./balancer/population/population100real\61\1200.jpg,61
./balancer/population/population100real\61\1222.jpg,61
./balancer/population/population100real\61\1230.jpg,61
./balancer/population/population100real\61\1235.jpg,61
./balancer/population/population100real\61\1251.jpg,61
./balancer/population/population100real\61\1260.jpg,61
./balancer/population/population100real\61\1264.jpg,61
./balancer/population/population100real\61\1268.jpg,61
./balancer/population/population100real\61\1275.jpg,61
./balancer/population/population100real\61\1277.jpg,61
./balancer/population/population100real\61\1296.jpg,61
./balancer/population/population100real\61\1297.jpg,61
./balancer/population/population100real\61\1324.jpg,61
./balancer/population/population100real\61\133.jpg,61
./balancer/population/population100real\61\1337.jpg,61
./balancer/population/population100real\61\1342.jpg,61
./balancer/population/population100real\61\1350.jpg,61
./balancer/population/population100real\61\1355.jpg,61
./balancer/population/population100real\61\1376.jpg,61
./balancer/population/population100real\61\1382.jpg,61
./balancer/population/population100real\61\139.jpg,61
./balancer/population/population100real\61\1400.jpg,61
./balancer/population/population100real\61\1415.jpg,61
./balancer/population/population100real\61\1421.jpg,61
./balancer/population/population100real\61\1423.jpg,61
./balancer/population/population100real\61\1453.jpg,61
./balancer/population/population100real\61\1456.jpg,61
./balancer/population/population100real\61\1461.jpg,61
./balancer/population/population100real\61\1462.jpg,61
./balancer/population/population100real\61\1463.jpg,61
./balancer/population/population100real\61\148.jpg,61
./balancer/population/population100real\61\1482.jpg,61
./balancer/population/population100real\61\1483.jpg,61
./balancer/population/population100real\61\1505.jpg,61
./balancer/population/population100real\61\152.jpg,61
./balancer/population/population100real\61\154.jpg,61
./balancer/population/population100real\61\1572.jpg,61
./balancer/population/population100real\61\1584.jpg,61
./balancer/population/population100real\61\1589.jpg,61
./balancer/population/population100real\61\1597.JPG,61
./balancer/population/population100real\61\1615.jpg,61
./balancer/population/population100real\61\162.jpg,61
./balancer/population/population100real\61\1623.jpg,61
./balancer/population/population100real\61\1656.jpg,61
./balancer/population/population100real\61\1676.jpg,61
./balancer/population/population100real\61\1679.jpg,61
./balancer/population/population100real\61\17.jpg,61
./balancer/population/population100real\61\1717.jpg,61
./balancer/population/population100real\61\1725.jpg,61
./balancer/population/population100real\61\1727.jpg,61
./balancer/population/population100real\61\1734.jpg,61
./balancer/population/population100real\61\1767.jpg,61
./balancer/population/population100real\61\1776.jpg,61
./balancer/population/population100real\61\1777.jpg,61
./balancer/population/population100real\61\1787.jpg,61
./balancer/population/population100real\61\180.jpg,61
./balancer/population/population100real\61\1826.jpg,61
./balancer/population/population100real\61\1830.jpg,61
./balancer/population/population100real\61\1840.jpg,61
./balancer/population/population100real\61\1841.jpg,61
./balancer/population/population100real\61\1849.jpg,61
./balancer/population/population100real\61\1851.jpg,61
./balancer/population/population100real\61\1854.jpg,61
./balancer/population/population100real\61\1876.jpg,61
./balancer/population/population100real\61\1890.jpg,61
./balancer/population/population100real\61\1901.jpg,61
./balancer/population/population100real\61\1923.jpg,61
./balancer/population/population100real\61\1939.jpg,61
./balancer/population/population100real\61\195.jpg,61
./balancer/population/population100real\61\1952.jpg,61
./balancer/population/population100real\61\1954.jpg,61
./balancer/population/population100real\61\1959.jpg,61
./balancer/population/population100real\61\1960.jpg,61
./balancer/population/population100real\61\197.jpg,61
./balancer/population/population100real\61\1972.jpg,61
./balancer/population/population100real\61\1973.jpg,61
./balancer/population/population100real\61\1984.jpg,61
./balancer/population/population100real\61\1987.jpg,61
./balancer/population/population100real\61\1994.jpg,61
./balancer/population/population100real\61\1995.jpg,61
./balancer/population/population100real\61\1996.jpg,61
./balancer/population/population100real\61\2016.jpg,61
./balancer/population/population100real\61\2018.jpg,61
./balancer/population/population100real\61\2034.jpg,61
./balancer/population/population100real\61\2050.jpg,61
./balancer/population/population100real\61\2060.jpg,61
./balancer/population/population100real\61\2076.jpg,61
./balancer/population/population100real\61\2087.jpg,61
./balancer/population/population100real\61\2103.jpg,61
./balancer/population/population100real\61\2112.jpg,61
./balancer/population/population100real\61\2136.jpg,61
./balancer/population/population100real\61\2152.jpg,61
./balancer/population/population100real\61\2176.jpg,61
./balancer/population/population100real\61\2183.jpg,61
./balancer/population/population100real\61\2191.jpg,61
./balancer/population/population100real\61\2192.jpg,61
./balancer/population/population100real\61\2198.jpg,61
./balancer/population/population100real\61\2283.JPG,61
./balancer/population/population100real\61\2285.jpg,61
./balancer/population/population100real\61\2289.jpg,61
./balancer/population/population100real\61\229.jpg,61
./balancer/population/population100real\61\2308.jpg,61
./balancer/population/population100real\61\2347.jpg,61
./balancer/population/population100real\61\2353.jpg,61
./balancer/population/population100real\61\2361.jpg,61
./balancer/population/population100real\61\2388.jpg,61
./balancer/population/population100real\61\2389.jpg,61
./balancer/population/population100real\61\2401.jpg,61
./balancer/population/population100real\61\2409.jpg,61
./balancer/population/population100real\61\2425.jpg,61
./balancer/population/population100real\61\243.jpg,61
./balancer/population/population100real\61\271.jpg,61
./balancer/population/population100real\61\273.jpg,61
./balancer/population/population100real\61\277.jpg,61
./balancer/population/population100real\61\294.jpg,61
./balancer/population/population100real\61\315.jpg,61
./balancer/population/population100real\61\320.jpg,61
./balancer/population/population100real\61\326.jpg,61
./balancer/population/population100real\61\327.jpg,61
./balancer/population/population100real\61\341.jpg,61
./balancer/population/population100real\61\353.jpg,61
./balancer/population/population100real\61\36.jpg,61
./balancer/population/population100real\61\363.jpg,61
./balancer/population/population100real\61\372.jpg,61
./balancer/population/population100real\61\395.jpg,61
./balancer/population/population100real\61\402.jpg,61
./balancer/population/population100real\61\443.jpg,61
./balancer/population/population100real\61\445.jpg,61
./balancer/population/population100real\61\478.jpg,61
./balancer/population/population100real\61\491.jpg,61
./balancer/population/population100real\61\50.jpg,61
./balancer/population/population100real\61\512.jpg,61
./balancer/population/population100real\61\520.jpg,61
./balancer/population/population100real\61\542.jpg,61
./balancer/population/population100real\61\553.jpg,61
./balancer/population/population100real\61\554.jpg,61
./balancer/population/population100real\61\590.jpg,61
./balancer/population/population100real\61\593.jpg,61
./balancer/population/population100real\61\596.jpg,61
./balancer/population/population100real\61\602.jpg,61
./balancer/population/population100real\61\603.jpg,61
./balancer/population/population100real\61\613.jpg,61
./balancer/population/population100real\61\616.jpg,61
./balancer/population/population100real\61\619.jpg,61
./balancer/population/population100real\61\623.jpg,61
./balancer/population/population100real\61\630.jpg,61
./balancer/population/population100real\61\640.jpg,61
./balancer/population/population100real\61\644.jpg,61
./balancer/population/population100real\61\646.jpg,61
./balancer/population/population100real\61\65.jpg,61
./balancer/population/population100real\61\656.jpg,61
./balancer/population/population100real\61\657.jpg,61
./balancer/population/population100real\61\658.jpg,61
./balancer/population/population100real\61\659.jpg,61
./balancer/population/population100real\61\66.jpg,61
./balancer/population/population100real\61\672.jpg,61
./balancer/population/population100real\61\681.jpg,61
./balancer/population/population100real\61\688.jpg,61
./balancer/population/population100real\61\69.jpg,61
./balancer/population/population100real\61\698.jpg,61
./balancer/population/population100real\61\705.jpg,61
./balancer/population/population100real\61\724.jpg,61
./balancer/population/population100real\61\730.jpg,61
./balancer/population/population100real\61\739.jpg,61
./balancer/population/population100real\61\742.jpg,61
./balancer/population/population100real\61\755.jpg,61
./balancer/population/population100real\61\763.jpg,61
./balancer/population/population100real\61\798.jpg,61
./balancer/population/population100real\61\803.jpg,61
./balancer/population/population100real\61\810.jpg,61
./balancer/population/population100real\61\812.jpg,61
./balancer/population/population100real\61\814.jpg,61
./balancer/population/population100real\61\833.jpg,61
./balancer/population/population100real\61\834.jpg,61
./balancer/population/population100real\61\856.jpg,61
./balancer/population/population100real\61\859.jpg,61
./balancer/population/population100real\61\865.jpg,61
./balancer/population/population100real\61\88.jpg,61
./balancer/population/population100real\61\880.jpg,61
./balancer/population/population100real\61\881.jpg,61
./balancer/population/population100real\61\883.jpg,61
./balancer/population/population100real\61\893.jpg,61
./balancer/population/population100real\61\896.JPG,61
./balancer/population/population100real\61\904.jpg,61
./balancer/population/population100real\61\905.jpg,61
./balancer/population/population100real\61\907.jpg,61
./balancer/population/population100real\61\909.jpg,61
./balancer/population/population100real\61\928.jpg,61
./balancer/population/population100real\61\931.jpg,61
./balancer/population/population100real\61\946.jpg,61
./balancer/population/population100real\61\951.jpg,61
./balancer/population/population100real\61\956.jpg,61
./balancer/population/population100real\61\958.jpg,61
./balancer/population/population100real\61\963.jpg,61
./balancer/population/population100real\61\973.jpg,61
./balancer/population/population100real\61\990.jpg,61
./balancer/population/population100real\61\996.jpg,61
./balancer/population/population100real\62\100.jpg,62
./balancer/population/population100real\62\1033.jpg,62
./balancer/population/population100real\62\1039.jpg,62
./balancer/population/population100real\62\1041.jpg,62
./balancer/population/population100real\62\1056.jpg,62
./balancer/population/population100real\62\1073.jpg,62
./balancer/population/population100real\62\1083.jpg,62
./balancer/population/population100real\62\1093.jpg,62
./balancer/population/population100real\62\1121.jpg,62
./balancer/population/population100real\62\1126.jpg,62
./balancer/population/population100real\62\1141.jpg,62
./balancer/population/population100real\62\1150.jpg,62
./balancer/population/population100real\62\1158.jpg,62
./balancer/population/population100real\62\1192.jpg,62
./balancer/population/population100real\62\1204.jpg,62
./balancer/population/population100real\62\1207.jpg,62
./balancer/population/population100real\62\123.jpg,62
./balancer/population/population100real\62\1241.jpg,62
./balancer/population/population100real\62\1244.jpg,62
./balancer/population/population100real\62\1248.jpg,62
./balancer/population/population100real\62\1253.jpg,62
./balancer/population/population100real\62\1262.jpg,62
./balancer/population/population100real\62\1266.jpg,62
./balancer/population/population100real\62\1282.jpg,62
./balancer/population/population100real\62\1295.jpg,62
./balancer/population/population100real\62\1303.jpg,62
./balancer/population/population100real\62\1311.jpg,62
./balancer/population/population100real\62\1312.jpg,62
./balancer/population/population100real\62\1317.jpg,62
./balancer/population/population100real\62\1329.jpg,62
./balancer/population/population100real\62\1362.jpg,62
./balancer/population/population100real\62\1366.jpg,62
./balancer/population/population100real\62\1367.jpg,62
./balancer/population/population100real\62\1381.jpg,62
./balancer/population/population100real\62\1391.jpg,62
./balancer/population/population100real\62\1395.jpg,62
./balancer/population/population100real\62\1402.jpg,62
./balancer/population/population100real\62\1424.jpg,62
./balancer/population/population100real\62\1448.jpg,62
./balancer/population/population100real\62\1459.jpg,62
./balancer/population/population100real\62\1469.jpg,62
./balancer/population/population100real\62\147.jpg,62
./balancer/population/population100real\62\1476.jpg,62
./balancer/population/population100real\62\1477.jpg,62
./balancer/population/population100real\62\1478.jpg,62
./balancer/population/population100real\62\1481.jpg,62
./balancer/population/population100real\62\150.jpg,62
./balancer/population/population100real\62\1501.jpg,62
./balancer/population/population100real\62\1503.jpg,62
./balancer/population/population100real\62\151.jpg,62
./balancer/population/population100real\62\1511.jpg,62
./balancer/population/population100real\62\1524.jpg,62
./balancer/population/population100real\62\1526.jpg,62
./balancer/population/population100real\62\1529.jpg,62
./balancer/population/population100real\62\153.jpg,62
./balancer/population/population100real\62\154.jpg,62
./balancer/population/population100real\62\1558.jpg,62
./balancer/population/population100real\62\1560.jpg,62
./balancer/population/population100real\62\1577.jpg,62
./balancer/population/population100real\62\1582.jpg,62
./balancer/population/population100real\62\1584.jpg,62
./balancer/population/population100real\62\1589.jpg,62
./balancer/population/population100real\62\1591.jpg,62
./balancer/population/population100real\62\1611.jpg,62
./balancer/population/population100real\62\1616.jpg,62
./balancer/population/population100real\62\1618.jpg,62
./balancer/population/population100real\62\1621.jpg,62
./balancer/population/population100real\62\1628.JPG,62
./balancer/population/population100real\62\1635.jpg,62
./balancer/population/population100real\62\1662.jpg,62
./balancer/population/population100real\62\1677.jpg,62
./balancer/population/population100real\62\1686.jpg,62
./balancer/population/population100real\62\1696.jpg,62
./balancer/population/population100real\62\1708.jpg,62
./balancer/population/population100real\62\1716.jpg,62
./balancer/population/population100real\62\1721.jpg,62
./balancer/population/population100real\62\1736.jpg,62
./balancer/population/population100real\62\1740.jpg,62
./balancer/population/population100real\62\1750.jpg,62
./balancer/population/population100real\62\177.jpg,62
./balancer/population/population100real\62\1770.jpg,62
./balancer/population/population100real\62\1783.jpg,62
./balancer/population/population100real\62\1799.jpg,62
./balancer/population/population100real\62\1801.jpg,62
./balancer/population/population100real\62\1853.jpg,62
./balancer/population/population100real\62\1855.jpg,62
./balancer/population/population100real\62\1858.jpg,62
./balancer/population/population100real\62\186.jpg,62
./balancer/population/population100real\62\1866.jpg,62
./balancer/population/population100real\62\1892.jpg,62
./balancer/population/population100real\62\1903.jpg,62
./balancer/population/population100real\62\1924.jpg,62
./balancer/population/population100real\62\194.jpg,62
./balancer/population/population100real\62\1952.jpg,62
./balancer/population/population100real\62\1956.jpg,62
./balancer/population/population100real\62\1965.jpg,62
./balancer/population/population100real\62\1970.jpg,62
./balancer/population/population100real\62\1971.jpg,62
./balancer/population/population100real\62\1972.jpg,62
./balancer/population/population100real\62\1976.jpg,62
./balancer/population/population100real\62\1981.jpg,62
./balancer/population/population100real\62\1998.jpg,62
./balancer/population/population100real\62\2002.jpg,62
./balancer/population/population100real\62\2003.jpg,62
./balancer/population/population100real\62\2006.jpg,62
./balancer/population/population100real\62\2022.jpg,62
./balancer/population/population100real\62\204.jpg,62
./balancer/population/population100real\62\2048.jpg,62
./balancer/population/population100real\62\2052.jpg,62
./balancer/population/population100real\62\2062.JPG,62
./balancer/population/population100real\62\2077.jpg,62
./balancer/population/population100real\62\2080.jpg,62
./balancer/population/population100real\62\2091.jpg,62
./balancer/population/population100real\62\210.jpg,62
./balancer/population/population100real\62\2112.jpg,62
./balancer/population/population100real\62\2116.jpg,62
./balancer/population/population100real\62\2117.jpg,62
./balancer/population/population100real\62\2119.jpg,62
./balancer/population/population100real\62\2134.jpg,62
./balancer/population/population100real\62\2135.jpg,62
./balancer/population/population100real\62\2139.JPG,62
./balancer/population/population100real\62\2146.jpg,62
./balancer/population/population100real\62\2162.jpg,62
./balancer/population/population100real\62\2165.jpg,62
./balancer/population/population100real\62\2198.jpg,62
./balancer/population/population100real\62\2214.JPG,62
./balancer/population/population100real\62\222.jpg,62
./balancer/population/population100real\62\2227.jpg,62
./balancer/population/population100real\62\2232.jpg,62
./balancer/population/population100real\62\2238.jpg,62
./balancer/population/population100real\62\2240.jpg,62
./balancer/population/population100real\62\2248.jpg,62
./balancer/population/population100real\62\2259.jpg,62
./balancer/population/population100real\62\2278.jpg,62
./balancer/population/population100real\62\2279.jpg,62
./balancer/population/population100real\62\2314.jpg,62
./balancer/population/population100real\62\263.jpg,62
./balancer/population/population100real\62\266.jpg,62
./balancer/population/population100real\62\287.jpg,62
./balancer/population/population100real\62\297.jpg,62
./balancer/population/population100real\62\319.jpg,62
./balancer/population/population100real\62\33.jpg,62
./balancer/population/population100real\62\34.jpg,62
./balancer/population/population100real\62\349.jpg,62
./balancer/population/population100real\62\360.jpg,62
./balancer/population/population100real\62\370.jpg,62
./balancer/population/population100real\62\386.jpg,62
./balancer/population/population100real\62\388.jpg,62
./balancer/population/population100real\62\390.jpg,62
./balancer/population/population100real\62\396.jpg,62
./balancer/population/population100real\62\399.jpg,62
./balancer/population/population100real\62\4.jpg,62
./balancer/population/population100real\62\404.jpg,62
./balancer/population/population100real\62\407.jpg,62
./balancer/population/population100real\62\41.jpg,62
./balancer/population/population100real\62\410.jpg,62
./balancer/population/population100real\62\421.jpg,62
./balancer/population/population100real\62\451.jpg,62
./balancer/population/population100real\62\454.jpg,62
./balancer/population/population100real\62\456.jpg,62
./balancer/population/population100real\62\458.jpg,62
./balancer/population/population100real\62\461.jpg,62
./balancer/population/population100real\62\473.jpg,62
./balancer/population/population100real\62\478.jpg,62
./balancer/population/population100real\62\5.jpg,62
./balancer/population/population100real\62\504.jpg,62
./balancer/population/population100real\62\528.jpg,62
./balancer/population/population100real\62\546.jpg,62
./balancer/population/population100real\62\548.jpg,62
./balancer/population/population100real\62\561.jpg,62
./balancer/population/population100real\62\580.jpg,62
./balancer/population/population100real\62\589.jpg,62
./balancer/population/population100real\62\590.jpg,62
./balancer/population/population100real\62\61.jpg,62
./balancer/population/population100real\62\615.jpg,62
./balancer/population/population100real\62\626.jpg,62
./balancer/population/population100real\62\653.jpg,62
./balancer/population/population100real\62\658.jpg,62
./balancer/population/population100real\62\659.jpg,62
./balancer/population/population100real\62\663.jpg,62
./balancer/population/population100real\62\67.jpg,62
./balancer/population/population100real\62\671.jpg,62
./balancer/population/population100real\62\677.jpg,62
./balancer/population/population100real\62\68.JPG,62
./balancer/population/population100real\62\685.jpg,62
./balancer/population/population100real\62\701.jpg,62
./balancer/population/population100real\62\706.jpg,62
./balancer/population/population100real\62\708.jpg,62
./balancer/population/population100real\62\72.jpg,62
./balancer/population/population100real\62\721.jpg,62
./balancer/population/population100real\62\726.JPG,62
./balancer/population/population100real\62\729.jpg,62
./balancer/population/population100real\62\751.jpg,62
./balancer/population/population100real\62\758.jpg,62
./balancer/population/population100real\62\764.jpg,62
./balancer/population/population100real\62\766.jpg,62
./balancer/population/population100real\62\774.jpg,62
./balancer/population/population100real\62\778.jpg,62
./balancer/population/population100real\62\780.jpg,62
./balancer/population/population100real\62\795.jpg,62
./balancer/population/population100real\62\805.jpg,62
./balancer/population/population100real\62\810.jpg,62
./balancer/population/population100real\62\819.jpg,62
./balancer/population/population100real\62\839.jpg,62
./balancer/population/population100real\62\862.jpg,62
./balancer/population/population100real\62\865.jpg,62
./balancer/population/population100real\62\91.jpg,62
./balancer/population/population100real\62\914.jpg,62
./balancer/population/population100real\62\92.jpg,62
./balancer/population/population100real\62\923.jpg,62
./balancer/population/population100real\62\925.jpg,62
./balancer/population/population100real\62\946.jpg,62
./balancer/population/population100real\62\950.jpg,62
./balancer/population/population100real\62\953.jpg,62
./balancer/population/population100real\62\954.jpg,62
./balancer/population/population100real\62\957.jpg,62
./balancer/population/population100real\62\96.jpg,62
./balancer/population/population100real\62\973.jpg,62
./balancer/population/population100real\62\979.jpg,62
./balancer/population/population100real\63\1000.jpg,63
./balancer/population/population100real\63\1012.jpg,63
./balancer/population/population100real\63\102.jpg,63
./balancer/population/population100real\63\1025.jpg,63
./balancer/population/population100real\63\1047.jpg,63
./balancer/population/population100real\63\1048.jpg,63
./balancer/population/population100real\63\105.jpg,63
./balancer/population/population100real\63\1051.jpg,63
./balancer/population/population100real\63\1067.jpg,63
./balancer/population/population100real\63\1082.jpg,63
./balancer/population/population100real\63\1092.jpg,63
./balancer/population/population100real\63\1105.jpg,63
./balancer/population/population100real\63\1110.jpg,63
./balancer/population/population100real\63\1136.jpg,63
./balancer/population/population100real\63\1137.jpg,63
./balancer/population/population100real\63\1156.jpg,63
./balancer/population/population100real\63\1157.jpg,63
./balancer/population/population100real\63\116.jpg,63
./balancer/population/population100real\63\1162.jpg,63
./balancer/population/population100real\63\1164.jpg,63
./balancer/population/population100real\63\1180.jpg,63
./balancer/population/population100real\63\1181.jpg,63
./balancer/population/population100real\63\1188.jpg,63
./balancer/population/population100real\63\1209.jpg,63
./balancer/population/population100real\63\1219.jpg,63
./balancer/population/population100real\63\122.jpg,63
./balancer/population/population100real\63\1231.jpg,63
./balancer/population/population100real\63\1233.jpg,63
./balancer/population/population100real\63\1243.jpg,63
./balancer/population/population100real\63\1244.jpg,63
./balancer/population/population100real\63\1247.jpg,63
./balancer/population/population100real\63\1270.jpg,63
./balancer/population/population100real\63\1278.jpg,63
./balancer/population/population100real\63\1280.jpg,63
./balancer/population/population100real\63\1290.jpg,63
./balancer/population/population100real\63\1295.jpg,63
./balancer/population/population100real\63\1317.jpg,63
./balancer/population/population100real\63\1325.jpg,63
./balancer/population/population100real\63\1332.jpg,63
./balancer/population/population100real\63\1352.jpg,63
./balancer/population/population100real\63\1353.jpg,63
./balancer/population/population100real\63\1369.jpg,63
./balancer/population/population100real\63\1385.jpg,63
./balancer/population/population100real\63\1386.jpg,63
./balancer/population/population100real\63\139.jpg,63
./balancer/population/population100real\63\1390.jpg,63
./balancer/population/population100real\63\1407.jpg,63
./balancer/population/population100real\63\1408.jpg,63
./balancer/population/population100real\63\142.jpg,63
./balancer/population/population100real\63\1422.jpg,63
./balancer/population/population100real\63\1426.jpg,63
./balancer/population/population100real\63\1435.jpg,63
./balancer/population/population100real\63\1439.jpg,63
./balancer/population/population100real\63\1447.jpg,63
./balancer/population/population100real\63\145.jpg,63
./balancer/population/population100real\63\1452.jpg,63
./balancer/population/population100real\63\1456.jpg,63
./balancer/population/population100real\63\1465.jpg,63
./balancer/population/population100real\63\147.jpg,63
./balancer/population/population100real\63\1470.jpg,63
./balancer/population/population100real\63\1472.jpg,63
./balancer/population/population100real\63\1476.jpg,63
./balancer/population/population100real\63\1480.jpg,63
./balancer/population/population100real\63\1482.jpg,63
./balancer/population/population100real\63\1490.jpg,63
./balancer/population/population100real\63\1495.jpg,63
./balancer/population/population100real\63\15.jpg,63
./balancer/population/population100real\63\1511.jpg,63
./balancer/population/population100real\63\1517.jpg,63
./balancer/population/population100real\63\1525.jpg,63
./balancer/population/population100real\63\1526.jpg,63
./balancer/population/population100real\63\1546.jpg,63
./balancer/population/population100real\63\1556.jpg,63
./balancer/population/population100real\63\1561.jpg,63
./balancer/population/population100real\63\157.jpg,63
./balancer/population/population100real\63\1573.JPG,63
./balancer/population/population100real\63\1575.jpg,63
./balancer/population/population100real\63\1611.jpg,63
./balancer/population/population100real\63\1627.jpg,63
./balancer/population/population100real\63\1630.JPG,63
./balancer/population/population100real\63\1633.jpg,63
./balancer/population/population100real\63\1634.jpg,63
./balancer/population/population100real\63\1637.jpg,63
./balancer/population/population100real\63\1653.jpg,63
./balancer/population/population100real\63\1655.jpg,63
./balancer/population/population100real\63\1657.jpg,63
./balancer/population/population100real\63\1669.jpg,63
./balancer/population/population100real\63\1678.jpg,63
./balancer/population/population100real\63\17.jpg,63
./balancer/population/population100real\63\1705.jpg,63
./balancer/population/population100real\63\1711.jpg,63
./balancer/population/population100real\63\1715.jpg,63
./balancer/population/population100real\63\1716.jpg,63
./balancer/population/population100real\63\1722.jpg,63
./balancer/population/population100real\63\1726.jpg,63
./balancer/population/population100real\63\1734.jpg,63
./balancer/population/population100real\63\1749.jpg,63
./balancer/population/population100real\63\1756.jpg,63
./balancer/population/population100real\63\1758.jpg,63
./balancer/population/population100real\63\1768.jpg,63
./balancer/population/population100real\63\1789.jpg,63
./balancer/population/population100real\63\1804.jpg,63
./balancer/population/population100real\63\1856.jpg,63
./balancer/population/population100real\63\1863.jpg,63
./balancer/population/population100real\63\1873.jpg,63
./balancer/population/population100real\63\1874.jpg,63
./balancer/population/population100real\63\1880.jpg,63
./balancer/population/population100real\63\1889.jpg,63
./balancer/population/population100real\63\1907.jpg,63
./balancer/population/population100real\63\1917.jpg,63
./balancer/population/population100real\63\1918.jpg,63
./balancer/population/population100real\63\192.jpg,63
./balancer/population/population100real\63\1922.jpg,63
./balancer/population/population100real\63\1927.jpg,63
./balancer/population/population100real\63\1934.jpg,63
./balancer/population/population100real\63\1938.jpg,63
./balancer/population/population100real\63\1942.jpg,63
./balancer/population/population100real\63\1951.jpg,63
./balancer/population/population100real\63\196.jpg,63
./balancer/population/population100real\63\198.jpg,63
./balancer/population/population100real\63\200.jpg,63
./balancer/population/population100real\63\206.jpg,63
./balancer/population/population100real\63\220.jpg,63
./balancer/population/population100real\63\240.jpg,63
./balancer/population/population100real\63\245.JPG,63
./balancer/population/population100real\63\249.jpg,63
./balancer/population/population100real\63\253.jpg,63
./balancer/population/population100real\63\26.jpg,63
./balancer/population/population100real\63\261.jpg,63
./balancer/population/population100real\63\264.jpg,63
./balancer/population/population100real\63\306.jpg,63
./balancer/population/population100real\63\312.jpg,63
./balancer/population/population100real\63\313.jpg,63
./balancer/population/population100real\63\314.jpg,63
./balancer/population/population100real\63\327.jpg,63
./balancer/population/population100real\63\328.jpg,63
./balancer/population/population100real\63\334.jpg,63
./balancer/population/population100real\63\342.jpg,63
./balancer/population/population100real\63\354.jpg,63
./balancer/population/population100real\63\355.jpg,63
./balancer/population/population100real\63\363.jpg,63
./balancer/population/population100real\63\368.jpg,63
./balancer/population/population100real\63\376.jpg,63
./balancer/population/population100real\63\379.jpg,63
./balancer/population/population100real\63\398.jpg,63
./balancer/population/population100real\63\399.jpg,63
./balancer/population/population100real\63\403.jpg,63
./balancer/population/population100real\63\404.jpg,63
./balancer/population/population100real\63\431.jpg,63
./balancer/population/population100real\63\432.jpg,63
./balancer/population/population100real\63\455.jpg,63
./balancer/population/population100real\63\457.jpg,63
./balancer/population/population100real\63\463.jpg,63
./balancer/population/population100real\63\48.jpg,63
./balancer/population/population100real\63\488.jpg,63
./balancer/population/population100real\63\489.jpg,63
./balancer/population/population100real\63\496.jpg,63
./balancer/population/population100real\63\501.jpg,63
./balancer/population/population100real\63\505.jpg,63
./balancer/population/population100real\63\510.jpg,63
./balancer/population/population100real\63\513.jpg,63
./balancer/population/population100real\63\518.jpg,63
./balancer/population/population100real\63\520.jpg,63
./balancer/population/population100real\63\526.jpg,63
./balancer/population/population100real\63\536.jpg,63
./balancer/population/population100real\63\538.jpg,63
./balancer/population/population100real\63\548.jpg,63
./balancer/population/population100real\63\549.jpg,63
./balancer/population/population100real\63\575.jpg,63
./balancer/population/population100real\63\598.jpg,63
./balancer/population/population100real\63\600.jpg,63
./balancer/population/population100real\63\603.jpg,63
./balancer/population/population100real\63\606.jpg,63
./balancer/population/population100real\63\617.jpg,63
./balancer/population/population100real\63\62.jpg,63
./balancer/population/population100real\63\63.jpg,63
./balancer/population/population100real\63\641.jpg,63
./balancer/population/population100real\63\643.jpg,63
./balancer/population/population100real\63\654.jpg,63
./balancer/population/population100real\63\667.jpg,63
./balancer/population/population100real\63\671.jpg,63
./balancer/population/population100real\63\685.jpg,63
./balancer/population/population100real\63\686.jpg,63
./balancer/population/population100real\63\702.jpg,63
./balancer/population/population100real\63\724.jpg,63
./balancer/population/population100real\63\725.jpg,63
./balancer/population/population100real\63\729.jpg,63
./balancer/population/population100real\63\732.jpg,63
./balancer/population/population100real\63\740.jpg,63
./balancer/population/population100real\63\742.jpg,63
./balancer/population/population100real\63\744.jpg,63
./balancer/population/population100real\63\776.jpg,63
./balancer/population/population100real\63\78.jpg,63
./balancer/population/population100real\63\780.jpg,63
./balancer/population/population100real\63\788.jpg,63
./balancer/population/population100real\63\80.jpg,63
./balancer/population/population100real\63\835.jpg,63
./balancer/population/population100real\63\851.jpg,63
./balancer/population/population100real\63\852.jpg,63
./balancer/population/population100real\63\861.jpg,63
./balancer/population/population100real\63\866.jpg,63
./balancer/population/population100real\63\867.jpg,63
./balancer/population/population100real\63\878.jpg,63
./balancer/population/population100real\63\889.jpg,63
./balancer/population/population100real\63\890.jpg,63
./balancer/population/population100real\63\900.jpg,63
./balancer/population/population100real\63\901.jpg,63
./balancer/population/population100real\63\904.jpg,63
./balancer/population/population100real\63\906.jpg,63
./balancer/population/population100real\63\917.jpg,63
./balancer/population/population100real\63\920.jpg,63
./balancer/population/population100real\63\921.jpg,63
./balancer/population/population100real\63\940.jpg,63
./balancer/population/population100real\63\961.jpg,63
./balancer/population/population100real\63\972.jpg,63
./balancer/population/population100real\63\981.jpg,63
./balancer/population/population100real\63\99.jpg,63
./balancer/population/population100real\63\990.jpg,63
./balancer/population/population100real\64\10.jpg,64
./balancer/population/population100real\64\1004.jpg,64
./balancer/population/population100real\64\1042.jpg,64
./balancer/population/population100real\64\1053.jpg,64
./balancer/population/population100real\64\1074.jpg,64
./balancer/population/population100real\64\1088.jpg,64
./balancer/population/population100real\64\109.jpg,64
./balancer/population/population100real\64\1093.jpg,64
./balancer/population/population100real\64\1099.jpg,64
./balancer/population/population100real\64\112.jpg,64
./balancer/population/population100real\64\1123.jpg,64
./balancer/population/population100real\64\1124.jpg,64
./balancer/population/population100real\64\1132.jpg,64
./balancer/population/population100real\64\1133.jpg,64
./balancer/population/population100real\64\1135.jpg,64
./balancer/population/population100real\64\1136.jpg,64
./balancer/population/population100real\64\1141.jpg,64
./balancer/population/population100real\64\1147.jpg,64
./balancer/population/population100real\64\1152.jpg,64
./balancer/population/population100real\64\1161.jpg,64
./balancer/population/population100real\64\1162.jpg,64
./balancer/population/population100real\64\1186.jpg,64
./balancer/population/population100real\64\1189.jpg,64
./balancer/population/population100real\64\1205.jpg,64
./balancer/population/population100real\64\1212.jpg,64
./balancer/population/population100real\64\122.jpg,64
./balancer/population/population100real\64\1220.jpg,64
./balancer/population/population100real\64\1231.jpg,64
./balancer/population/population100real\64\1248.jpg,64
./balancer/population/population100real\64\1251.jpg,64
./balancer/population/population100real\64\1259.jpg,64
./balancer/population/population100real\64\1280.jpg,64
./balancer/population/population100real\64\1283.jpg,64
./balancer/population/population100real\64\1285.jpg,64
./balancer/population/population100real\64\129.jpg,64
./balancer/population/population100real\64\1299.jpg,64
./balancer/population/population100real\64\130.jpg,64
./balancer/population/population100real\64\1303.jpg,64
./balancer/population/population100real\64\1315.jpg,64
./balancer/population/population100real\64\1316.jpg,64
./balancer/population/population100real\64\1325.jpg,64
./balancer/population/population100real\64\1328.jpg,64
./balancer/population/population100real\64\133.jpg,64
./balancer/population/population100real\64\1353.jpg,64
./balancer/population/population100real\64\1362.jpg,64
./balancer/population/population100real\64\1364.jpg,64
./balancer/population/population100real\64\1379.JPG,64
./balancer/population/population100real\64\138.jpg,64
./balancer/population/population100real\64\1384.jpg,64
./balancer/population/population100real\64\1386.jpg,64
./balancer/population/population100real\64\14.jpg,64
./balancer/population/population100real\64\1401.jpg,64
./balancer/population/population100real\64\1412.jpg,64
./balancer/population/population100real\64\1420.jpg,64
./balancer/population/population100real\64\1425.jpg,64
./balancer/population/population100real\64\143.jpg,64
./balancer/population/population100real\64\144.jpg,64
./balancer/population/population100real\64\1456.jpg,64
./balancer/population/population100real\64\146.jpg,64
./balancer/population/population100real\64\1468.jpg,64
./balancer/population/population100real\64\1473.jpg,64
./balancer/population/population100real\64\1477.jpg,64
./balancer/population/population100real\64\1480.jpg,64
./balancer/population/population100real\64\1483.jpg,64
./balancer/population/population100real\64\1492.jpg,64
./balancer/population/population100real\64\1505.jpg,64
./balancer/population/population100real\64\1512.jpg,64
./balancer/population/population100real\64\1513.jpg,64
./balancer/population/population100real\64\1528.jpg,64
./balancer/population/population100real\64\1539.jpg,64
./balancer/population/population100real\64\1546.jpg,64
./balancer/population/population100real\64\1549.JPG,64
./balancer/population/population100real\64\1562.jpg,64
./balancer/population/population100real\64\1563.jpg,64
./balancer/population/population100real\64\1567.jpg,64
./balancer/population/population100real\64\157.jpg,64
./balancer/population/population100real\64\1571.jpg,64
./balancer/population/population100real\64\1579.jpg,64
./balancer/population/population100real\64\1596.jpg,64
./balancer/population/population100real\64\1599.jpg,64
./balancer/population/population100real\64\1605.jpg,64
./balancer/population/population100real\64\1606.jpg,64
./balancer/population/population100real\64\1607.jpg,64
./balancer/population/population100real\64\161.jpg,64
./balancer/population/population100real\64\162.jpg,64
./balancer/population/population100real\64\1630.jpg,64
./balancer/population/population100real\64\1632.jpg,64
./balancer/population/population100real\64\1634.jpg,64
./balancer/population/population100real\64\1637.jpg,64
./balancer/population/population100real\64\1663.jpg,64
./balancer/population/population100real\64\1673.jpg,64
./balancer/population/population100real\64\172.jpg,64
./balancer/population/population100real\64\1721.jpg,64
./balancer/population/population100real\64\173.jpg,64
./balancer/population/population100real\64\1747.jpg,64
./balancer/population/population100real\64\1761.jpg,64
./balancer/population/population100real\64\1766.jpg,64
./balancer/population/population100real\64\1767.jpg,64
./balancer/population/population100real\64\1773.jpg,64
./balancer/population/population100real\64\1780.jpg,64
./balancer/population/population100real\64\1784.jpg,64
./balancer/population/population100real\64\180.jpg,64
./balancer/population/population100real\64\189.jpg,64
./balancer/population/population100real\64\192.jpg,64
./balancer/population/population100real\64\198.jpg,64
./balancer/population/population100real\64\203.jpg,64
./balancer/population/population100real\64\205.jpg,64
./balancer/population/population100real\64\206.jpg,64
./balancer/population/population100real\64\214.jpg,64
./balancer/population/population100real\64\220.jpg,64
./balancer/population/population100real\64\229.jpg,64
./balancer/population/population100real\64\23.jpg,64
./balancer/population/population100real\64\233.jpg,64
./balancer/population/population100real\64\243.jpg,64
./balancer/population/population100real\64\245.jpg,64
./balancer/population/population100real\64\248.jpg,64
./balancer/population/population100real\64\27.jpg,64
./balancer/population/population100real\64\275.jpg,64
./balancer/population/population100real\64\276.jpg,64
./balancer/population/population100real\64\301.jpg,64
./balancer/population/population100real\64\308.JPG,64
./balancer/population/population100real\64\311.jpg,64
./balancer/population/population100real\64\317.jpg,64
./balancer/population/population100real\64\323.jpg,64
./balancer/population/population100real\64\329.jpg,64
./balancer/population/population100real\64\333.jpg,64
./balancer/population/population100real\64\338.jpg,64
./balancer/population/population100real\64\339.jpg,64
./balancer/population/population100real\64\367.jpg,64
./balancer/population/population100real\64\368.jpg,64
./balancer/population/population100real\64\370.jpg,64
./balancer/population/population100real\64\381.jpg,64
./balancer/population/population100real\64\387.jpg,64
./balancer/population/population100real\64\396.jpg,64
./balancer/population/population100real\64\42.jpg,64
./balancer/population/population100real\64\420.jpg,64
./balancer/population/population100real\64\423.jpg,64
./balancer/population/population100real\64\440.jpg,64
./balancer/population/population100real\64\447.jpg,64
./balancer/population/population100real\64\450.jpg,64
./balancer/population/population100real\64\459.jpg,64
./balancer/population/population100real\64\463.jpg,64
./balancer/population/population100real\64\472.jpg,64
./balancer/population/population100real\64\482.jpg,64
./balancer/population/population100real\64\49.jpg,64
./balancer/population/population100real\64\500.jpg,64
./balancer/population/population100real\64\501.jpg,64
./balancer/population/population100real\64\509.jpg,64
./balancer/population/population100real\64\510.jpg,64
./balancer/population/population100real\64\525.jpg,64
./balancer/population/population100real\64\527.jpg,64
./balancer/population/population100real\64\543.jpg,64
./balancer/population/population100real\64\547.jpg,64
./balancer/population/population100real\64\560.jpg,64
./balancer/population/population100real\64\567.jpg,64
./balancer/population/population100real\64\573.jpg,64
./balancer/population/population100real\64\588.jpg,64
./balancer/population/population100real\64\59.jpg,64
./balancer/population/population100real\64\593.jpg,64
./balancer/population/population100real\64\618.jpg,64
./balancer/population/population100real\64\625.jpg,64
./balancer/population/population100real\64\633.jpg,64
./balancer/population/population100real\64\639.jpg,64
./balancer/population/population100real\64\64.jpg,64
./balancer/population/population100real\64\642.jpg,64
./balancer/population/population100real\64\651.jpg,64
./balancer/population/population100real\64\655.jpg,64
./balancer/population/population100real\64\657.jpg,64
./balancer/population/population100real\64\679.jpg,64
./balancer/population/population100real\64\682.jpg,64
./balancer/population/population100real\64\686.jpg,64
./balancer/population/population100real\64\688.jpg,64
./balancer/population/population100real\64\703.jpg,64
./balancer/population/population100real\64\709.jpg,64
./balancer/population/population100real\64\71.jpg,64
./balancer/population/population100real\64\724.jpg,64
./balancer/population/population100real\64\73.jpg,64
./balancer/population/population100real\64\731.jpg,64
./balancer/population/population100real\64\749.jpg,64
./balancer/population/population100real\64\756.jpg,64
./balancer/population/population100real\64\774.jpg,64
./balancer/population/population100real\64\785.jpg,64
./balancer/population/population100real\64\789.jpg,64
./balancer/population/population100real\64\793.jpg,64
./balancer/population/population100real\64\802.jpg,64
./balancer/population/population100real\64\806.jpg,64
./balancer/population/population100real\64\81.jpg,64
./balancer/population/population100real\64\820.jpg,64
./balancer/population/population100real\64\823.jpg,64
./balancer/population/population100real\64\829.jpg,64
./balancer/population/population100real\64\838.jpg,64
./balancer/population/population100real\64\843.jpg,64
./balancer/population/population100real\64\852.jpg,64
./balancer/population/population100real\64\860.jpg,64
./balancer/population/population100real\64\863.jpg,64
./balancer/population/population100real\64\869.jpg,64
./balancer/population/population100real\64\876.jpg,64
./balancer/population/population100real\64\886.jpg,64
./balancer/population/population100real\64\893.jpg,64
./balancer/population/population100real\64\902.jpg,64
./balancer/population/population100real\64\906.jpg,64
./balancer/population/population100real\64\919.jpg,64
./balancer/population/population100real\64\923.jpg,64
./balancer/population/population100real\64\930.jpg,64
./balancer/population/population100real\64\935.jpg,64
./balancer/population/population100real\64\948.jpg,64
./balancer/population/population100real\64\957.jpg,64
./balancer/population/population100real\64\969.jpg,64
./balancer/population/population100real\64\97.jpg,64
./balancer/population/population100real\64\971.jpg,64
./balancer/population/population100real\64\976.jpg,64
./balancer/population/population100real\64\985.jpg,64
./balancer/population/population100real\64\997.jpg,64
./balancer/population/population100real\65\1007.jpg,65
./balancer/population/population100real\65\1013.jpg,65
./balancer/population/population100real\65\1014.jpg,65
./balancer/population/population100real\65\1021.jpg,65
./balancer/population/population100real\65\1032.jpg,65
./balancer/population/population100real\65\1033.jpg,65
./balancer/population/population100real\65\1037.jpg,65
./balancer/population/population100real\65\1045.jpg,65
./balancer/population/population100real\65\1091.jpg,65
./balancer/population/population100real\65\1092.jpg,65
./balancer/population/population100real\65\1101.jpg,65
./balancer/population/population100real\65\1102.jpg,65
./balancer/population/population100real\65\1106.jpg,65
./balancer/population/population100real\65\1137.jpg,65
./balancer/population/population100real\65\1140.jpg,65
./balancer/population/population100real\65\1142.jpg,65
./balancer/population/population100real\65\115.jpg,65
./balancer/population/population100real\65\117.jpg,65
./balancer/population/population100real\65\1176.jpg,65
./balancer/population/population100real\65\1180.jpg,65
./balancer/population/population100real\65\1191.jpg,65
./balancer/population/population100real\65\1239.jpg,65
./balancer/population/population100real\65\1242.jpg,65
./balancer/population/population100real\65\1247.jpg,65
./balancer/population/population100real\65\1248.jpg,65
./balancer/population/population100real\65\1253.jpg,65
./balancer/population/population100real\65\1255.jpg,65
./balancer/population/population100real\65\1267.JPG,65
./balancer/population/population100real\65\1277.jpg,65
./balancer/population/population100real\65\128.jpg,65
./balancer/population/population100real\65\1285.jpg,65
./balancer/population/population100real\65\1290.jpg,65
./balancer/population/population100real\65\1291.jpg,65
./balancer/population/population100real\65\1295.jpg,65
./balancer/population/population100real\65\1296.jpg,65
./balancer/population/population100real\65\1299.jpg,65
./balancer/population/population100real\65\1304.jpg,65
./balancer/population/population100real\65\1308.jpg,65
./balancer/population/population100real\65\1309.jpg,65
./balancer/population/population100real\65\1319.jpg,65
./balancer/population/population100real\65\1343.jpg,65
./balancer/population/population100real\65\1348.jpg,65
./balancer/population/population100real\65\1352.jpg,65
./balancer/population/population100real\65\1358.jpg,65
./balancer/population/population100real\65\1363.jpg,65
./balancer/population/population100real\65\1365.jpg,65
./balancer/population/population100real\65\137.jpg,65
./balancer/population/population100real\65\1377.jpg,65
./balancer/population/population100real\65\1380.jpg,65
./balancer/population/population100real\65\1391.jpg,65
./balancer/population/population100real\65\1396.jpg,65
./balancer/population/population100real\65\141.jpg,65
./balancer/population/population100real\65\1411.jpg,65
./balancer/population/population100real\65\1421.jpg,65
./balancer/population/population100real\65\1424.jpg,65
./balancer/population/population100real\65\1428.jpg,65
./balancer/population/population100real\65\1437.jpg,65
./balancer/population/population100real\65\1438.jpg,65
./balancer/population/population100real\65\144.jpg,65
./balancer/population/population100real\65\1445.jpg,65
./balancer/population/population100real\65\1468.jpg,65
./balancer/population/population100real\65\1476.jpg,65
./balancer/population/population100real\65\1491.jpg,65
./balancer/population/population100real\65\1496.jpg,65
./balancer/population/population100real\65\1499.jpg,65
./balancer/population/population100real\65\1502.jpg,65
./balancer/population/population100real\65\1507.jpg,65
./balancer/population/population100real\65\1521.jpg,65
./balancer/population/population100real\65\1545.jpg,65
./balancer/population/population100real\65\1548.jpg,65
./balancer/population/population100real\65\157.jpg,65
./balancer/population/population100real\65\1580.jpg,65
./balancer/population/population100real\65\1596.jpg,65
./balancer/population/population100real\65\1603.jpg,65
./balancer/population/population100real\65\1611.jpg,65
./balancer/population/population100real\65\1625.jpg,65
./balancer/population/population100real\65\1628.jpg,65
./balancer/population/population100real\65\1631.jpg,65
./balancer/population/population100real\65\1647.jpg,65
./balancer/population/population100real\65\1662.jpg,65
./balancer/population/population100real\65\1666.jpg,65
./balancer/population/population100real\65\1672.jpg,65
./balancer/population/population100real\65\1683.jpg,65
./balancer/population/population100real\65\1689.jpg,65
./balancer/population/population100real\65\1691.jpg,65
./balancer/population/population100real\65\1692.jpg,65
./balancer/population/population100real\65\1705.jpg,65
./balancer/population/population100real\65\1722.jpg,65
./balancer/population/population100real\65\1724.jpg,65
./balancer/population/population100real\65\1727.jpg,65
./balancer/population/population100real\65\1730.jpg,65
./balancer/population/population100real\65\1732.jpg,65
./balancer/population/population100real\65\1743.jpg,65
./balancer/population/population100real\65\1746.jpg,65
./balancer/population/population100real\65\1748.jpg,65
./balancer/population/population100real\65\1755.jpg,65
./balancer/population/population100real\65\1757.jpg,65
./balancer/population/population100real\65\1764.jpg,65
./balancer/population/population100real\65\177.jpg,65
./balancer/population/population100real\65\1771.jpg,65
./balancer/population/population100real\65\1774.jpg,65
./balancer/population/population100real\65\1778.jpg,65
./balancer/population/population100real\65\1792.jpg,65
./balancer/population/population100real\65\1801.jpg,65
./balancer/population/population100real\65\1804.jpg,65
./balancer/population/population100real\65\1827.jpg,65
./balancer/population/population100real\65\1834.jpg,65
./balancer/population/population100real\65\1839.jpg,65
./balancer/population/population100real\65\1841.jpg,65
./balancer/population/population100real\65\1843.jpg,65
./balancer/population/population100real\65\185.jpg,65
./balancer/population/population100real\65\1850.jpg,65
./balancer/population/population100real\65\1886.jpg,65
./balancer/population/population100real\65\1891.jpg,65
./balancer/population/population100real\65\1895.jpg,65
./balancer/population/population100real\65\1900.jpg,65
./balancer/population/population100real\65\1914.jpg,65
./balancer/population/population100real\65\1921.jpg,65
./balancer/population/population100real\65\1924.jpg,65
./balancer/population/population100real\65\1928.jpg,65
./balancer/population/population100real\65\1933.jpg,65
./balancer/population/population100real\65\204.jpg,65
./balancer/population/population100real\65\205.jpg,65
./balancer/population/population100real\65\245.jpg,65
./balancer/population/population100real\65\246.jpg,65
./balancer/population/population100real\65\257.jpg,65
./balancer/population/population100real\65\258.jpg,65
./balancer/population/population100real\65\261.jpg,65
./balancer/population/population100real\65\27.jpg,65
./balancer/population/population100real\65\277.jpg,65
./balancer/population/population100real\65\282.jpg,65
./balancer/population/population100real\65\29.jpg,65
./balancer/population/population100real\65\293.jpg,65
./balancer/population/population100real\65\294.jpg,65
./balancer/population/population100real\65\307.jpg,65
./balancer/population/population100real\65\313.jpg,65
./balancer/population/population100real\65\315.jpg,65
./balancer/population/population100real\65\320.jpg,65
./balancer/population/population100real\65\321.jpg,65
./balancer/population/population100real\65\325.jpg,65
./balancer/population/population100real\65\332.jpg,65
./balancer/population/population100real\65\335.jpg,65
./balancer/population/population100real\65\336.jpg,65
./balancer/population/population100real\65\343.jpg,65
./balancer/population/population100real\65\368.jpg,65
./balancer/population/population100real\65\384.jpg,65
./balancer/population/population100real\65\396.jpg,65
./balancer/population/population100real\65\436.jpg,65
./balancer/population/population100real\65\461.jpg,65
./balancer/population/population100real\65\466.jpg,65
./balancer/population/population100real\65\483.jpg,65
./balancer/population/population100real\65\493.jpg,65
./balancer/population/population100real\65\496.jpg,65
./balancer/population/population100real\65\527.jpg,65
./balancer/population/population100real\65\528.jpg,65
./balancer/population/population100real\65\541.jpg,65
./balancer/population/population100real\65\557.jpg,65
./balancer/population/population100real\65\567.jpg,65
./balancer/population/population100real\65\585.jpg,65
./balancer/population/population100real\65\59.jpg,65
./balancer/population/population100real\65\594.jpg,65
./balancer/population/population100real\65\6.jpg,65
./balancer/population/population100real\65\611.jpg,65
./balancer/population/population100real\65\638.jpg,65
./balancer/population/population100real\65\643.jpg,65
./balancer/population/population100real\65\666.jpg,65
./balancer/population/population100real\65\668.jpg,65
./balancer/population/population100real\65\670.jpg,65
./balancer/population/population100real\65\673.jpg,65
./balancer/population/population100real\65\678.jpg,65
./balancer/population/population100real\65\689.jpg,65
./balancer/population/population100real\65\699.jpg,65
./balancer/population/population100real\65\712.jpg,65
./balancer/population/population100real\65\740.jpg,65
./balancer/population/population100real\65\743.jpg,65
./balancer/population/population100real\65\746.jpg,65
./balancer/population/population100real\65\760.JPG,65
./balancer/population/population100real\65\761.jpg,65
./balancer/population/population100real\65\763.jpg,65
./balancer/population/population100real\65\764.jpg,65
./balancer/population/population100real\65\772.jpg,65
./balancer/population/population100real\65\773.jpg,65
./balancer/population/population100real\65\775.jpg,65
./balancer/population/population100real\65\79.jpg,65
./balancer/population/population100real\65\805.jpg,65
./balancer/population/population100real\65\806.jpg,65
./balancer/population/population100real\65\808.jpg,65
./balancer/population/population100real\65\815.jpg,65
./balancer/population/population100real\65\820.jpg,65
./balancer/population/population100real\65\842.jpg,65
./balancer/population/population100real\65\85.jpg,65
./balancer/population/population100real\65\853.jpg,65
./balancer/population/population100real\65\863.jpg,65
./balancer/population/population100real\65\869.jpg,65
./balancer/population/population100real\65\873.jpg,65
./balancer/population/population100real\65\883.jpg,65
./balancer/population/population100real\65\885.jpg,65
./balancer/population/population100real\65\906.jpg,65
./balancer/population/population100real\65\917.jpg,65
./balancer/population/population100real\65\92.jpg,65
./balancer/population/population100real\65\939.jpg,65
./balancer/population/population100real\65\940.jpg,65
./balancer/population/population100real\65\944.jpg,65
./balancer/population/population100real\65\945.jpg,65
./balancer/population/population100real\65\947.jpg,65
./balancer/population/population100real\65\959.jpg,65
./balancer/population/population100real\65\977.jpg,65
./balancer/population/population100real\65\979.jpg,65
./balancer/population/population100real\65\981.jpg,65
./balancer/population/population100real\66\100.jpg,66
./balancer/population/population100real\66\1003.jpg,66
./balancer/population/population100real\66\1016.jpg,66
./balancer/population/population100real\66\1024.jpg,66
./balancer/population/population100real\66\103.jpg,66
./balancer/population/population100real\66\1030.jpg,66
./balancer/population/population100real\66\1042.jpg,66
./balancer/population/population100real\66\1047.jpg,66
./balancer/population/population100real\66\105.jpg,66
./balancer/population/population100real\66\1051.jpg,66
./balancer/population/population100real\66\1054.jpg,66
./balancer/population/population100real\66\1057.jpg,66
./balancer/population/population100real\66\1060.jpg,66
./balancer/population/population100real\66\1061.jpg,66
./balancer/population/population100real\66\1063.jpg,66
./balancer/population/population100real\66\1066.jpg,66
./balancer/population/population100real\66\1072.jpg,66
./balancer/population/population100real\66\1084.jpg,66
./balancer/population/population100real\66\1085.jpg,66
./balancer/population/population100real\66\1086.jpg,66
./balancer/population/population100real\66\1090.jpg,66
./balancer/population/population100real\66\1091.jpg,66
./balancer/population/population100real\66\1116.jpg,66
./balancer/population/population100real\66\1117.jpg,66
./balancer/population/population100real\66\1129.jpg,66
./balancer/population/population100real\66\1135.jpg,66
./balancer/population/population100real\66\1142.jpg,66
./balancer/population/population100real\66\1150.jpg,66
./balancer/population/population100real\66\1160.jpg,66
./balancer/population/population100real\66\1173.jpg,66
./balancer/population/population100real\66\118.jpg,66
./balancer/population/population100real\66\1198.jpg,66
./balancer/population/population100real\66\1199.jpg,66
./balancer/population/population100real\66\1221.jpg,66
./balancer/population/population100real\66\1222.jpg,66
./balancer/population/population100real\66\1225.jpg,66
./balancer/population/population100real\66\1229.jpg,66
./balancer/population/population100real\66\1230.jpg,66
./balancer/population/population100real\66\1241.jpg,66
./balancer/population/population100real\66\1250.jpg,66
./balancer/population/population100real\66\1271.jpg,66
./balancer/population/population100real\66\1272.jpg,66
./balancer/population/population100real\66\1282.jpg,66
./balancer/population/population100real\66\1316.jpg,66
./balancer/population/population100real\66\132.jpg,66
./balancer/population/population100real\66\1323.jpg,66
./balancer/population/population100real\66\1327.jpg,66
./balancer/population/population100real\66\1328.jpg,66
./balancer/population/population100real\66\1334.jpg,66
./balancer/population/population100real\66\1335.jpg,66
./balancer/population/population100real\66\1341.jpg,66
./balancer/population/population100real\66\1350.jpg,66
./balancer/population/population100real\66\1368.jpg,66
./balancer/population/population100real\66\137.jpg,66
./balancer/population/population100real\66\1391.jpg,66
./balancer/population/population100real\66\1396.jpg,66
./balancer/population/population100real\66\1400.jpg,66
./balancer/population/population100real\66\1402.jpg,66
./balancer/population/population100real\66\1411.jpg,66
./balancer/population/population100real\66\142.jpg,66
./balancer/population/population100real\66\1420.jpg,66
./balancer/population/population100real\66\1432.jpg,66
./balancer/population/population100real\66\1435.jpg,66
./balancer/population/population100real\66\1436.jpg,66
./balancer/population/population100real\66\1438.jpg,66
./balancer/population/population100real\66\1444.jpg,66
./balancer/population/population100real\66\1448.jpg,66
./balancer/population/population100real\66\1453.jpg,66
./balancer/population/population100real\66\1460.jpg,66
./balancer/population/population100real\66\147.jpg,66
./balancer/population/population100real\66\1470.jpg,66
./balancer/population/population100real\66\1477.jpg,66
./balancer/population/population100real\66\1479.jpg,66
./balancer/population/population100real\66\1481.jpg,66
./balancer/population/population100real\66\1482.jpg,66
./balancer/population/population100real\66\1494.jpg,66
./balancer/population/population100real\66\15.jpg,66
./balancer/population/population100real\66\1507.jpg,66
./balancer/population/population100real\66\1508.jpg,66
./balancer/population/population100real\66\1512.jpg,66
./balancer/population/population100real\66\153.jpg,66
./balancer/population/population100real\66\154.jpg,66
./balancer/population/population100real\66\158.jpg,66
./balancer/population/population100real\66\16.jpg,66
./balancer/population/population100real\66\177.jpg,66
./balancer/population/population100real\66\178.jpg,66
./balancer/population/population100real\66\182.jpg,66
./balancer/population/population100real\66\184.jpg,66
./balancer/population/population100real\66\186.jpg,66
./balancer/population/population100real\66\187.jpg,66
./balancer/population/population100real\66\196.jpg,66
./balancer/population/population100real\66\197.jpg,66
./balancer/population/population100real\66\198.jpg,66
./balancer/population/population100real\66\214.jpg,66
./balancer/population/population100real\66\230.jpg,66
./balancer/population/population100real\66\252.jpg,66
./balancer/population/population100real\66\255.jpg,66
./balancer/population/population100real\66\257.jpg,66
./balancer/population/population100real\66\261.jpg,66
./balancer/population/population100real\66\281.jpg,66
./balancer/population/population100real\66\283.jpg,66
./balancer/population/population100real\66\284.jpg,66
./balancer/population/population100real\66\290.jpg,66
./balancer/population/population100real\66\295.jpg,66
./balancer/population/population100real\66\30.jpg,66
./balancer/population/population100real\66\302.jpg,66
./balancer/population/population100real\66\305.jpg,66
./balancer/population/population100real\66\317.jpg,66
./balancer/population/population100real\66\321.jpg,66
./balancer/population/population100real\66\342.jpg,66
./balancer/population/population100real\66\343.jpg,66
./balancer/population/population100real\66\349.jpg,66
./balancer/population/population100real\66\355.jpg,66
./balancer/population/population100real\66\356.jpg,66
./balancer/population/population100real\66\358.jpg,66
./balancer/population/population100real\66\367.jpg,66
./balancer/population/population100real\66\368.jpg,66
./balancer/population/population100real\66\371.jpg,66
./balancer/population/population100real\66\383.jpg,66
./balancer/population/population100real\66\388.jpg,66
./balancer/population/population100real\66\389.jpg,66
./balancer/population/population100real\66\392.jpg,66
./balancer/population/population100real\66\399.jpg,66
./balancer/population/population100real\66\411.jpg,66
./balancer/population/population100real\66\418.jpg,66
./balancer/population/population100real\66\419.jpg,66
./balancer/population/population100real\66\421.jpg,66
./balancer/population/population100real\66\432.jpg,66
./balancer/population/population100real\66\437.jpg,66
./balancer/population/population100real\66\438.jpg,66
./balancer/population/population100real\66\449.jpg,66
./balancer/population/population100real\66\474.jpg,66
./balancer/population/population100real\66\508.jpg,66
./balancer/population/population100real\66\52.jpg,66
./balancer/population/population100real\66\521.jpg,66
./balancer/population/population100real\66\522.jpg,66
./balancer/population/population100real\66\527.jpg,66
./balancer/population/population100real\66\529.jpg,66
./balancer/population/population100real\66\533.jpg,66
./balancer/population/population100real\66\541.jpg,66
./balancer/population/population100real\66\561.jpg,66
./balancer/population/population100real\66\563.jpg,66
./balancer/population/population100real\66\582.jpg,66
./balancer/population/population100real\66\586.jpg,66
./balancer/population/population100real\66\590.jpg,66
./balancer/population/population100real\66\593.jpg,66
./balancer/population/population100real\66\596.jpg,66
./balancer/population/population100real\66\599.jpg,66
./balancer/population/population100real\66\613.jpg,66
./balancer/population/population100real\66\624.jpg,66
./balancer/population/population100real\66\626.jpg,66
./balancer/population/population100real\66\644.jpg,66
./balancer/population/population100real\66\648.jpg,66
./balancer/population/population100real\66\650.jpg,66
./balancer/population/population100real\66\653.jpg,66
./balancer/population/population100real\66\657.jpg,66
./balancer/population/population100real\66\659.jpg,66
./balancer/population/population100real\66\667.jpg,66
./balancer/population/population100real\66\690.jpg,66
./balancer/population/population100real\66\694.jpg,66
./balancer/population/population100real\66\698.jpg,66
./balancer/population/population100real\66\711.jpg,66
./balancer/population/population100real\66\718.jpg,66
./balancer/population/population100real\66\719.JPG,66
./balancer/population/population100real\66\72.jpg,66
./balancer/population/population100real\66\721.jpg,66
./balancer/population/population100real\66\730.jpg,66
./balancer/population/population100real\66\734.jpg,66
./balancer/population/population100real\66\735.jpg,66
./balancer/population/population100real\66\745.jpg,66
./balancer/population/population100real\66\747.jpg,66
./balancer/population/population100real\66\759.jpg,66
./balancer/population/population100real\66\765.jpg,66
./balancer/population/population100real\66\779.jpg,66
./balancer/population/population100real\66\795.jpg,66
./balancer/population/population100real\66\802.jpg,66
./balancer/population/population100real\66\804.jpg,66
./balancer/population/population100real\66\807.jpg,66
./balancer/population/population100real\66\811.jpg,66
./balancer/population/population100real\66\814.jpg,66
./balancer/population/population100real\66\825.jpg,66
./balancer/population/population100real\66\826.jpg,66
./balancer/population/population100real\66\830.jpg,66
./balancer/population/population100real\66\849.jpg,66
./balancer/population/population100real\66\85.jpg,66
./balancer/population/population100real\66\858.jpg,66
./balancer/population/population100real\66\866.jpg,66
./balancer/population/population100real\66\875.jpg,66
./balancer/population/population100real\66\876.jpg,66
./balancer/population/population100real\66\878.jpg,66
./balancer/population/population100real\66\894.jpg,66
./balancer/population/population100real\66\897.jpg,66
./balancer/population/population100real\66\900.jpg,66
./balancer/population/population100real\66\91.jpg,66
./balancer/population/population100real\66\919.JPG,66
./balancer/population/population100real\66\928.jpg,66
./balancer/population/population100real\66\932.jpg,66
./balancer/population/population100real\66\938.jpg,66
./balancer/population/population100real\66\947.jpg,66
./balancer/population/population100real\66\951.jpg,66
./balancer/population/population100real\66\959.jpg,66
./balancer/population/population100real\66\97.jpg,66
./balancer/population/population100real\66\986.jpg,66
./balancer/population/population100real\66\988.jpg,66
./balancer/population/population100real\66\995.jpg,66
./balancer/population/population100real\66\998.jpg,66
./balancer/population/population100real\67\0.jpg,67
./balancer/population/population100real\67\1.jpg,67
./balancer/population/population100real\67\1002.jpg,67
./balancer/population/population100real\67\1020.jpg,67
./balancer/population/population100real\67\1025.jpg,67
./balancer/population/population100real\67\1026.jpg,67
./balancer/population/population100real\67\1034.jpg,67
./balancer/population/population100real\67\1035.jpg,67
./balancer/population/population100real\67\1044.jpg,67
./balancer/population/population100real\67\1069.jpg,67
./balancer/population/population100real\67\1073.jpg,67
./balancer/population/population100real\67\1074.jpg,67
./balancer/population/population100real\67\1082.jpg,67
./balancer/population/population100real\67\1091.jpg,67
./balancer/population/population100real\67\1102.jpg,67
./balancer/population/population100real\67\1105.jpg,67
./balancer/population/population100real\67\1109.jpg,67
./balancer/population/population100real\67\112.jpg,67
./balancer/population/population100real\67\1122.jpg,67
./balancer/population/population100real\67\1152.jpg,67
./balancer/population/population100real\67\1158.jpg,67
./balancer/population/population100real\67\116.jpg,67
./balancer/population/population100real\67\1163.jpg,67
./balancer/population/population100real\67\117.jpg,67
./balancer/population/population100real\67\118.jpg,67
./balancer/population/population100real\67\1183.jpg,67
./balancer/population/population100real\67\1185.jpg,67
./balancer/population/population100real\67\1186.jpg,67
./balancer/population/population100real\67\119.jpg,67
./balancer/population/population100real\67\1193.jpg,67
./balancer/population/population100real\67\1199.jpg,67
./balancer/population/population100real\67\120.jpg,67
./balancer/population/population100real\67\1204.jpg,67
./balancer/population/population100real\67\1212.jpg,67
./balancer/population/population100real\67\1220.jpg,67
./balancer/population/population100real\67\1225.jpg,67
./balancer/population/population100real\67\1238.jpg,67
./balancer/population/population100real\67\1240.jpg,67
./balancer/population/population100real\67\1245.jpg,67
./balancer/population/population100real\67\1247.jpg,67
./balancer/population/population100real\67\1258.jpg,67
./balancer/population/population100real\67\1278.jpg,67
./balancer/population/population100real\67\1297.jpg,67
./balancer/population/population100real\67\1301.jpg,67
./balancer/population/population100real\67\131.jpg,67
./balancer/population/population100real\67\1310.jpg,67
./balancer/population/population100real\67\1326.jpg,67
./balancer/population/population100real\67\1330.jpg,67
./balancer/population/population100real\67\1333.jpg,67
./balancer/population/population100real\67\1336.jpg,67
./balancer/population/population100real\67\1343.jpg,67
./balancer/population/population100real\67\1349.jpg,67
./balancer/population/population100real\67\1350.jpg,67
./balancer/population/population100real\67\1355.jpg,67
./balancer/population/population100real\67\1367.jpg,67
./balancer/population/population100real\67\1369.jpg,67
./balancer/population/population100real\67\138.jpg,67
./balancer/population/population100real\67\1385.jpg,67
./balancer/population/population100real\67\1388.jpg,67
./balancer/population/population100real\67\1392.jpg,67
./balancer/population/population100real\67\1394.jpg,67
./balancer/population/population100real\67\1395.jpg,67
./balancer/population/population100real\67\1396.jpg,67
./balancer/population/population100real\67\14.jpg,67
./balancer/population/population100real\67\1401.jpg,67
./balancer/population/population100real\67\1406.jpg,67
./balancer/population/population100real\67\1411.jpg,67
./balancer/population/population100real\67\1418.jpg,67
./balancer/population/population100real\67\1434.jpg,67
./balancer/population/population100real\67\1438.jpg,67
./balancer/population/population100real\67\1455.jpg,67
./balancer/population/population100real\67\146.jpg,67
./balancer/population/population100real\67\1471.jpg,67
./balancer/population/population100real\67\1472.jpg,67
./balancer/population/population100real\67\166.jpg,67
./balancer/population/population100real\67\167.jpg,67
./balancer/population/population100real\67\173.jpg,67
./balancer/population/population100real\67\204.jpg,67
./balancer/population/population100real\67\213.jpg,67
./balancer/population/population100real\67\225.jpg,67
./balancer/population/population100real\67\23.jpg,67
./balancer/population/population100real\67\230.jpg,67
./balancer/population/population100real\67\231.jpg,67
./balancer/population/population100real\67\235.jpg,67
./balancer/population/population100real\67\241.jpg,67
./balancer/population/population100real\67\243.jpg,67
./balancer/population/population100real\67\263.jpg,67
./balancer/population/population100real\67\283.jpg,67
./balancer/population/population100real\67\289.jpg,67
./balancer/population/population100real\67\292.jpg,67
./balancer/population/population100real\67\301.jpg,67
./balancer/population/population100real\67\303.jpg,67
./balancer/population/population100real\67\304.jpg,67
./balancer/population/population100real\67\308.jpg,67
./balancer/population/population100real\67\334.jpg,67
./balancer/population/population100real\67\343.jpg,67
./balancer/population/population100real\67\351.JPG,67
./balancer/population/population100real\67\378.jpg,67
./balancer/population/population100real\67\384.jpg,67
./balancer/population/population100real\67\388.jpg,67
./balancer/population/population100real\67\393.jpg,67
./balancer/population/population100real\67\399.jpg,67
./balancer/population/population100real\67\403.jpg,67
./balancer/population/population100real\67\406.jpg,67
./balancer/population/population100real\67\407.jpg,67
./balancer/population/population100real\67\419.jpg,67
./balancer/population/population100real\67\423.jpg,67
./balancer/population/population100real\67\428.jpg,67
./balancer/population/population100real\67\44.jpg,67
./balancer/population/population100real\67\447.jpg,67
./balancer/population/population100real\67\455.jpg,67
./balancer/population/population100real\67\459.jpg,67
./balancer/population/population100real\67\460.jpg,67
./balancer/population/population100real\67\468.jpg,67
./balancer/population/population100real\67\469.jpg,67
./balancer/population/population100real\67\470.jpg,67
./balancer/population/population100real\67\489.jpg,67
./balancer/population/population100real\67\493.jpg,67
./balancer/population/population100real\67\494.jpg,67
./balancer/population/population100real\67\500.jpg,67
./balancer/population/population100real\67\506.jpg,67
./balancer/population/population100real\67\508.jpg,67
./balancer/population/population100real\67\512.jpg,67
./balancer/population/population100real\67\515.jpg,67
./balancer/population/population100real\67\520.jpg,67
./balancer/population/population100real\67\527.jpg,67
./balancer/population/population100real\67\529.jpg,67
./balancer/population/population100real\67\53.jpg,67
./balancer/population/population100real\67\532.jpg,67
./balancer/population/population100real\67\558.jpg,67
./balancer/population/population100real\67\560.jpg,67
./balancer/population/population100real\67\561.jpg,67
./balancer/population/population100real\67\565.jpg,67
./balancer/population/population100real\67\568.jpg,67
./balancer/population/population100real\67\576.jpg,67
./balancer/population/population100real\67\578.jpg,67
./balancer/population/population100real\67\582.jpg,67
./balancer/population/population100real\67\585.jpg,67
./balancer/population/population100real\67\59.jpg,67
./balancer/population/population100real\67\597.jpg,67
./balancer/population/population100real\67\607.jpg,67
./balancer/population/population100real\67\616.jpg,67
./balancer/population/population100real\67\633.jpg,67
./balancer/population/population100real\67\648.jpg,67
./balancer/population/population100real\67\654.jpg,67
./balancer/population/population100real\67\656.jpg,67
./balancer/population/population100real\67\659.jpg,67
./balancer/population/population100real\67\662.jpg,67
./balancer/population/population100real\67\664.jpg,67
./balancer/population/population100real\67\666.jpg,67
./balancer/population/population100real\67\667.jpg,67
./balancer/population/population100real\67\671.jpg,67
./balancer/population/population100real\67\673.jpg,67
./balancer/population/population100real\67\68.jpg,67
./balancer/population/population100real\67\686.jpg,67
./balancer/population/population100real\67\709.jpg,67
./balancer/population/population100real\67\711.jpg,67
./balancer/population/population100real\67\719.jpg,67
./balancer/population/population100real\67\722.jpg,67
./balancer/population/population100real\67\749.jpg,67
./balancer/population/population100real\67\750.jpg,67
./balancer/population/population100real\67\751.jpg,67
./balancer/population/population100real\67\756.jpg,67
./balancer/population/population100real\67\76.jpg,67
./balancer/population/population100real\67\767.jpg,67
./balancer/population/population100real\67\780.jpg,67
./balancer/population/population100real\67\781.jpg,67
./balancer/population/population100real\67\792.jpg,67
./balancer/population/population100real\67\804.jpg,67
./balancer/population/population100real\67\826.jpg,67
./balancer/population/population100real\67\839.jpg,67
./balancer/population/population100real\67\84.jpg,67
./balancer/population/population100real\67\843.jpg,67
./balancer/population/population100real\67\850.jpg,67
./balancer/population/population100real\67\854.jpg,67
./balancer/population/population100real\67\857.jpg,67
./balancer/population/population100real\67\87.jpg,67
./balancer/population/population100real\67\870.jpg,67
./balancer/population/population100real\67\872.jpg,67
./balancer/population/population100real\67\882.jpg,67
./balancer/population/population100real\67\887.jpg,67
./balancer/population/population100real\67\889.jpg,67
./balancer/population/population100real\67\89.jpg,67
./balancer/population/population100real\67\891.jpg,67
./balancer/population/population100real\67\892.jpg,67
./balancer/population/population100real\67\9.jpg,67
./balancer/population/population100real\67\903.jpg,67
./balancer/population/population100real\67\911.jpg,67
./balancer/population/population100real\67\915.jpg,67
./balancer/population/population100real\67\928.jpg,67
./balancer/population/population100real\67\929.jpg,67
./balancer/population/population100real\67\94.jpg,67
./balancer/population/population100real\67\940.jpg,67
./balancer/population/population100real\67\941.jpg,67
./balancer/population/population100real\67\948.jpg,67
./balancer/population/population100real\67\949.jpg,67
./balancer/population/population100real\67\961.jpg,67
./balancer/population/population100real\67\97.jpg,67
./balancer/population/population100real\67\972.jpg,67
./balancer/population/population100real\67\976.jpg,67
./balancer/population/population100real\67\980.jpg,67
./balancer/population/population100real\67\984.jpg,67
./balancer/population/population100real\68\10.jpg,68
./balancer/population/population100real\68\1002.jpg,68
./balancer/population/population100real\68\1008.jpg,68
./balancer/population/population100real\68\1037.jpg,68
./balancer/population/population100real\68\1042.jpg,68
./balancer/population/population100real\68\105.jpg,68
./balancer/population/population100real\68\1057.jpg,68
./balancer/population/population100real\68\1066.jpg,68
./balancer/population/population100real\68\1076.jpg,68
./balancer/population/population100real\68\108.jpg,68
./balancer/population/population100real\68\1086.jpg,68
./balancer/population/population100real\68\1087.jpg,68
./balancer/population/population100real\68\11.jpg,68
./balancer/population/population100real\68\1101.jpg,68
./balancer/population/population100real\68\1102.jpg,68
./balancer/population/population100real\68\1104.jpg,68
./balancer/population/population100real\68\1112.jpg,68
./balancer/population/population100real\68\1121.jpg,68
./balancer/population/population100real\68\1125.jpg,68
./balancer/population/population100real\68\1126.jpg,68
./balancer/population/population100real\68\1131.jpg,68
./balancer/population/population100real\68\114.jpg,68
./balancer/population/population100real\68\1153.jpg,68
./balancer/population/population100real\68\1156.jpg,68
./balancer/population/population100real\68\1158.jpg,68
./balancer/population/population100real\68\1160.jpg,68
./balancer/population/population100real\68\1166.jpg,68
./balancer/population/population100real\68\1169.jpg,68
./balancer/population/population100real\68\1182.jpg,68
./balancer/population/population100real\68\1196.jpg,68
./balancer/population/population100real\68\1212.jpg,68
./balancer/population/population100real\68\1223.jpg,68
./balancer/population/population100real\68\1236.jpg,68
./balancer/population/population100real\68\125.jpg,68
./balancer/population/population100real\68\1269.jpg,68
./balancer/population/population100real\68\1270.jpg,68
./balancer/population/population100real\68\1273.jpg,68
./balancer/population/population100real\68\1277.jpg,68
./balancer/population/population100real\68\1283.jpg,68
./balancer/population/population100real\68\129.jpg,68
./balancer/population/population100real\68\1291.jpg,68
./balancer/population/population100real\68\1316.jpg,68
./balancer/population/population100real\68\1320.jpg,68
./balancer/population/population100real\68\1335.jpg,68
./balancer/population/population100real\68\1336.jpg,68
./balancer/population/population100real\68\1345.jpg,68
./balancer/population/population100real\68\1350.jpg,68
./balancer/population/population100real\68\1355.jpg,68
./balancer/population/population100real\68\1358.jpg,68
./balancer/population/population100real\68\1362.jpg,68
./balancer/population/population100real\68\143.jpg,68
./balancer/population/population100real\68\146.jpg,68
./balancer/population/population100real\68\152.jpg,68
./balancer/population/population100real\68\161.jpg,68
./balancer/population/population100real\68\165.jpg,68
./balancer/population/population100real\68\167.jpg,68
./balancer/population/population100real\68\169.jpg,68
./balancer/population/population100real\68\172.jpg,68
./balancer/population/population100real\68\182.jpg,68
./balancer/population/population100real\68\186.jpg,68
./balancer/population/population100real\68\191.jpg,68
./balancer/population/population100real\68\195.jpg,68
./balancer/population/population100real\68\199.jpg,68
./balancer/population/population100real\68\209.jpg,68
./balancer/population/population100real\68\215.jpg,68
./balancer/population/population100real\68\217.jpg,68
./balancer/population/population100real\68\219.jpg,68
./balancer/population/population100real\68\22.jpg,68
./balancer/population/population100real\68\225.jpg,68
./balancer/population/population100real\68\230.jpg,68
./balancer/population/population100real\68\232.jpg,68
./balancer/population/population100real\68\239.jpg,68
./balancer/population/population100real\68\248.jpg,68
./balancer/population/population100real\68\256.jpg,68
./balancer/population/population100real\68\258.jpg,68
./balancer/population/population100real\68\259.jpg,68
./balancer/population/population100real\68\269.jpg,68
./balancer/population/population100real\68\278.jpg,68
./balancer/population/population100real\68\28.jpg,68
./balancer/population/population100real\68\281.jpg,68
./balancer/population/population100real\68\284.jpg,68
./balancer/population/population100real\68\294.jpg,68
./balancer/population/population100real\68\31.jpg,68
./balancer/population/population100real\68\312.jpg,68
./balancer/population/population100real\68\314.jpg,68
./balancer/population/population100real\68\316.jpg,68
./balancer/population/population100real\68\319.jpg,68
./balancer/population/population100real\68\35.jpg,68
./balancer/population/population100real\68\351.jpg,68
./balancer/population/population100real\68\353.jpg,68
./balancer/population/population100real\68\355.jpg,68
./balancer/population/population100real\68\369.jpg,68
./balancer/population/population100real\68\377.jpg,68
./balancer/population/population100real\68\381.jpg,68
./balancer/population/population100real\68\383.jpg,68
./balancer/population/population100real\68\384.jpg,68
./balancer/population/population100real\68\39.jpg,68
./balancer/population/population100real\68\405.jpg,68
./balancer/population/population100real\68\407.jpg,68
./balancer/population/population100real\68\411.jpg,68
./balancer/population/population100real\68\418.jpg,68
./balancer/population/population100real\68\446.jpg,68
./balancer/population/population100real\68\46.jpg,68
./balancer/population/population100real\68\461.jpg,68
./balancer/population/population100real\68\467.jpg,68
./balancer/population/population100real\68\469.jpg,68
./balancer/population/population100real\68\485.jpg,68
./balancer/population/population100real\68\487.jpg,68
./balancer/population/population100real\68\489.jpg,68
./balancer/population/population100real\68\49.jpg,68
./balancer/population/population100real\68\491.jpg,68
./balancer/population/population100real\68\495.jpg,68
./balancer/population/population100real\68\497.jpg,68
./balancer/population/population100real\68\502.jpg,68
./balancer/population/population100real\68\504.jpg,68
./balancer/population/population100real\68\528.jpg,68
./balancer/population/population100real\68\546.jpg,68
./balancer/population/population100real\68\55.jpg,68
./balancer/population/population100real\68\558.jpg,68
./balancer/population/population100real\68\561.jpg,68
./balancer/population/population100real\68\599.jpg,68
./balancer/population/population100real\68\6.jpg,68
./balancer/population/population100real\68\604.jpg,68
./balancer/population/population100real\68\607.jpg,68
./balancer/population/population100real\68\608.jpg,68
./balancer/population/population100real\68\621.jpg,68
./balancer/population/population100real\68\624.jpg,68
./balancer/population/population100real\68\633.jpg,68
./balancer/population/population100real\68\635.jpg,68
./balancer/population/population100real\68\639.jpg,68
./balancer/population/population100real\68\646.jpg,68
./balancer/population/population100real\68\649.jpg,68
./balancer/population/population100real\68\653.jpg,68
./balancer/population/population100real\68\655.jpg,68
./balancer/population/population100real\68\656.jpg,68
./balancer/population/population100real\68\659.jpg,68
./balancer/population/population100real\68\661.jpg,68
./balancer/population/population100real\68\662.jpg,68
./balancer/population/population100real\68\666.jpg,68
./balancer/population/population100real\68\669.jpg,68
./balancer/population/population100real\68\670.jpg,68
./balancer/population/population100real\68\674.jpg,68
./balancer/population/population100real\68\678.jpg,68
./balancer/population/population100real\68\682.jpg,68
./balancer/population/population100real\68\693.jpg,68
./balancer/population/population100real\68\696.jpg,68
./balancer/population/population100real\68\70.jpg,68
./balancer/population/population100real\68\714.jpg,68
./balancer/population/population100real\68\722.jpg,68
./balancer/population/population100real\68\728.jpg,68
./balancer/population/population100real\68\735.jpg,68
./balancer/population/population100real\68\74.jpg,68
./balancer/population/population100real\68\741.jpg,68
./balancer/population/population100real\68\751.jpg,68
./balancer/population/population100real\68\752.jpg,68
./balancer/population/population100real\68\753.jpg,68
./balancer/population/population100real\68\757.jpg,68
./balancer/population/population100real\68\761.jpg,68
./balancer/population/population100real\68\791.jpg,68
./balancer/population/population100real\68\798.jpg,68
./balancer/population/population100real\68\802.jpg,68
./balancer/population/population100real\68\810.jpg,68
./balancer/population/population100real\68\819.jpg,68
./balancer/population/population100real\68\824.jpg,68
./balancer/population/population100real\68\831.jpg,68
./balancer/population/population100real\68\84.jpg,68
./balancer/population/population100real\68\841.jpg,68
./balancer/population/population100real\68\843.jpg,68
./balancer/population/population100real\68\861.jpg,68
./balancer/population/population100real\68\868.jpg,68
./balancer/population/population100real\68\870.jpg,68
./balancer/population/population100real\68\879.jpg,68
./balancer/population/population100real\68\886.jpg,68
./balancer/population/population100real\68\890.jpg,68
./balancer/population/population100real\68\90.jpg,68
./balancer/population/population100real\68\91.jpg,68
./balancer/population/population100real\68\910.jpg,68
./balancer/population/population100real\68\913.jpg,68
./balancer/population/population100real\68\914.jpg,68
./balancer/population/population100real\68\915.jpg,68
./balancer/population/population100real\68\918.jpg,68
./balancer/population/population100real\68\929.jpg,68
./balancer/population/population100real\68\930.jpg,68
./balancer/population/population100real\68\934.jpg,68
./balancer/population/population100real\68\935.jpg,68
./balancer/population/population100real\68\939.jpg,68
./balancer/population/population100real\68\940.jpg,68
./balancer/population/population100real\68\943.jpg,68
./balancer/population/population100real\68\953.jpg,68
./balancer/population/population100real\68\966.jpg,68
./balancer/population/population100real\68\969.jpg,68
./balancer/population/population100real\68\982.jpg,68
./balancer/population/population100real\69\0.jpg,69
./balancer/population/population100real\69\1005.jpg,69
./balancer/population/population100real\69\1006.jpg,69
./balancer/population/population100real\69\101.jpg,69
./balancer/population/population100real\69\1021.jpg,69
./balancer/population/population100real\69\103.jpg,69
./balancer/population/population100real\69\1034.jpg,69
./balancer/population/population100real\69\1041.jpg,69
./balancer/population/population100real\69\1049.jpg,69
./balancer/population/population100real\69\1058.jpg,69
./balancer/population/population100real\69\106.jpg,69
./balancer/population/population100real\69\1083.jpg,69
./balancer/population/population100real\69\1084.jpg,69
./balancer/population/population100real\69\11.jpg,69
./balancer/population/population100real\69\1100.jpg,69
./balancer/population/population100real\69\1102.jpg,69
./balancer/population/population100real\69\1109.jpg,69
./balancer/population/population100real\69\111.jpg,69
./balancer/population/population100real\69\1115.jpg,69
./balancer/population/population100real\69\112.jpg,69
./balancer/population/population100real\69\1139.jpg,69
./balancer/population/population100real\69\114.jpg,69
./balancer/population/population100real\69\1141.jpg,69
./balancer/population/population100real\69\1148.jpg,69
./balancer/population/population100real\69\1149.jpg,69
./balancer/population/population100real\69\1157.jpg,69
./balancer/population/population100real\69\1166.jpg,69
./balancer/population/population100real\69\1168.jpg,69
./balancer/population/population100real\69\1190.jpg,69
./balancer/population/population100real\69\1191.jpg,69
./balancer/population/population100real\69\1196.jpg,69
./balancer/population/population100real\69\12.jpg,69
./balancer/population/population100real\69\1218.jpg,69
./balancer/population/population100real\69\1228.jpg,69
./balancer/population/population100real\69\1229.jpg,69
./balancer/population/population100real\69\1231.jpg,69
./balancer/population/population100real\69\1234.jpg,69
./balancer/population/population100real\69\1235.jpg,69
./balancer/population/population100real\69\1239.jpg,69
./balancer/population/population100real\69\1249.jpg,69
./balancer/population/population100real\69\1252.jpg,69
./balancer/population/population100real\69\1262.jpg,69
./balancer/population/population100real\69\1265.jpg,69
./balancer/population/population100real\69\1266.jpg,69
./balancer/population/population100real\69\1267.jpg,69
./balancer/population/population100real\69\1277.jpg,69
./balancer/population/population100real\69\131.jpg,69
./balancer/population/population100real\69\135.jpg,69
./balancer/population/population100real\69\136.jpg,69
./balancer/population/population100real\69\137.jpg,69
./balancer/population/population100real\69\138.jpg,69
./balancer/population/population100real\69\143.jpg,69
./balancer/population/population100real\69\145.jpg,69
./balancer/population/population100real\69\146.jpg,69
./balancer/population/population100real\69\147.jpg,69
./balancer/population/population100real\69\158.jpg,69
./balancer/population/population100real\69\162.jpg,69
./balancer/population/population100real\69\166.jpg,69
./balancer/population/population100real\69\183.jpg,69
./balancer/population/population100real\69\184.jpg,69
./balancer/population/population100real\69\196.jpg,69
./balancer/population/population100real\69\199.jpg,69
./balancer/population/population100real\69\202.jpg,69
./balancer/population/population100real\69\203.jpg,69
./balancer/population/population100real\69\229.jpg,69
./balancer/population/population100real\69\231.jpg,69
./balancer/population/population100real\69\246.jpg,69
./balancer/population/population100real\69\255.jpg,69
./balancer/population/population100real\69\259.jpg,69
./balancer/population/population100real\69\274.jpg,69
./balancer/population/population100real\69\287.jpg,69
./balancer/population/population100real\69\307.jpg,69
./balancer/population/population100real\69\308.jpg,69
./balancer/population/population100real\69\313.jpg,69
./balancer/population/population100real\69\330.jpg,69
./balancer/population/population100real\69\337.jpg,69
./balancer/population/population100real\69\339.jpg,69
./balancer/population/population100real\69\34.jpg,69
./balancer/population/population100real\69\340.jpg,69
./balancer/population/population100real\69\345.jpg,69
./balancer/population/population100real\69\347.jpg,69
./balancer/population/population100real\69\348.jpg,69
./balancer/population/population100real\69\349.jpg,69
./balancer/population/population100real\69\353.jpg,69
./balancer/population/population100real\69\354.jpg,69
./balancer/population/population100real\69\357.jpg,69
./balancer/population/population100real\69\37.jpg,69
./balancer/population/population100real\69\376.jpg,69
./balancer/population/population100real\69\382.jpg,69
./balancer/population/population100real\69\389.jpg,69
./balancer/population/population100real\69\400.jpg,69
./balancer/population/population100real\69\401.jpg,69
./balancer/population/population100real\69\416.jpg,69
./balancer/population/population100real\69\423.jpg,69
./balancer/population/population100real\69\426.jpg,69
./balancer/population/population100real\69\447.jpg,69
./balancer/population/population100real\69\45.jpg,69
./balancer/population/population100real\69\454.jpg,69
./balancer/population/population100real\69\456.jpg,69
./balancer/population/population100real\69\457.jpg,69
./balancer/population/population100real\69\458.jpg,69
./balancer/population/population100real\69\464.jpg,69
./balancer/population/population100real\69\482.jpg,69
./balancer/population/population100real\69\490.jpg,69
./balancer/population/population100real\69\508.jpg,69
./balancer/population/population100real\69\53.jpg,69
./balancer/population/population100real\69\533.jpg,69
./balancer/population/population100real\69\536.jpg,69
./balancer/population/population100real\69\539.jpg,69
./balancer/population/population100real\69\556.jpg,69
./balancer/population/population100real\69\558.jpg,69
./balancer/population/population100real\69\560.jpg,69
./balancer/population/population100real\69\566.jpg,69
./balancer/population/population100real\69\57.jpg,69
./balancer/population/population100real\69\571.jpg,69
./balancer/population/population100real\69\584.jpg,69
./balancer/population/population100real\69\591.jpg,69
./balancer/population/population100real\69\592.jpg,69
./balancer/population/population100real\69\597.jpg,69
./balancer/population/population100real\69\603.jpg,69
./balancer/population/population100real\69\625.jpg,69
./balancer/population/population100real\69\631.jpg,69
./balancer/population/population100real\69\644.jpg,69
./balancer/population/population100real\69\659.jpg,69
./balancer/population/population100real\69\661.jpg,69
./balancer/population/population100real\69\662.jpg,69
./balancer/population/population100real\69\668.jpg,69
./balancer/population/population100real\69\670.jpg,69
./balancer/population/population100real\69\68.jpg,69
./balancer/population/population100real\69\690.jpg,69
./balancer/population/population100real\69\692.jpg,69
./balancer/population/population100real\69\693.jpg,69
./balancer/population/population100real\69\7.jpg,69
./balancer/population/population100real\69\701.jpg,69
./balancer/population/population100real\69\703.jpg,69
./balancer/population/population100real\69\711.jpg,69
./balancer/population/population100real\69\723.jpg,69
./balancer/population/population100real\69\729.jpg,69
./balancer/population/population100real\69\73.jpg,69
./balancer/population/population100real\69\742.jpg,69
./balancer/population/population100real\69\755.jpg,69
./balancer/population/population100real\69\757.jpg,69
./balancer/population/population100real\69\758.jpg,69
./balancer/population/population100real\69\763.jpg,69
./balancer/population/population100real\69\774.jpg,69
./balancer/population/population100real\69\777.jpg,69
./balancer/population/population100real\69\779.jpg,69
./balancer/population/population100real\69\787.jpg,69
./balancer/population/population100real\69\79.jpg,69
./balancer/population/population100real\69\795.jpg,69
./balancer/population/population100real\69\798.jpg,69
./balancer/population/population100real\69\802.jpg,69
./balancer/population/population100real\69\818.jpg,69
./balancer/population/population100real\69\823.jpg,69
./balancer/population/population100real\69\83.jpg,69
./balancer/population/population100real\69\832.jpg,69
./balancer/population/population100real\69\833.jpg,69
./balancer/population/population100real\69\853.jpg,69
./balancer/population/population100real\69\854.jpg,69
./balancer/population/population100real\69\857.jpg,69
./balancer/population/population100real\69\861.jpg,69
./balancer/population/population100real\69\864.jpg,69
./balancer/population/population100real\69\870.jpg,69
./balancer/population/population100real\69\877.jpg,69
./balancer/population/population100real\69\884.jpg,69
./balancer/population/population100real\69\890.jpg,69
./balancer/population/population100real\69\891.jpg,69
./balancer/population/population100real\69\9.jpg,69
./balancer/population/population100real\69\90.jpg,69
./balancer/population/population100real\69\900.jpg,69
./balancer/population/population100real\69\902.jpg,69
./balancer/population/population100real\69\903.jpg,69
./balancer/population/population100real\69\905.jpg,69
./balancer/population/population100real\69\917.jpg,69
./balancer/population/population100real\69\927.jpg,69
./balancer/population/population100real\69\928.jpg,69
./balancer/population/population100real\69\931.jpg,69
./balancer/population/population100real\69\944.jpg,69
./balancer/population/population100real\69\945.jpg,69
./balancer/population/population100real\69\946.jpg,69
./balancer/population/population100real\69\949.jpg,69
./balancer/population/population100real\69\955.jpg,69
./balancer/population/population100real\69\968.jpg,69
./balancer/population/population100real\69\989.jpg,69
./balancer/population/population100real\69\994.jpg,69
./balancer/population/population100real\69\996.jpg,69
./balancer/population/population100real\69\997.jpg,69
./balancer/population/population100real\7\10.jpg,7
./balancer/population/population100real\7\100.jpg,7
./balancer/population/population100real\7\101.jpg,7
./balancer/population/population100real\7\102.jpg,7
./balancer/population/population100real\7\106.jpg,7
./balancer/population/population100real\7\107.jpg,7
./balancer/population/population100real\7\109.jpg,7
./balancer/population/population100real\7\11.jpg,7
./balancer/population/population100real\7\111.jpg,7
./balancer/population/population100real\7\112.jpg,7
./balancer/population/population100real\7\113.jpg,7
./balancer/population/population100real\7\117.jpg,7
./balancer/population/population100real\7\119.jpg,7
./balancer/population/population100real\7\12.jpg,7
./balancer/population/population100real\7\122.jpg,7
./balancer/population/population100real\7\124.jpg,7
./balancer/population/population100real\7\126.jpg,7
./balancer/population/population100real\7\129.jpg,7
./balancer/population/population100real\7\13.jpg,7
./balancer/population/population100real\7\130.jpg,7
./balancer/population/population100real\7\135.jpg,7
./balancer/population/population100real\7\136.jpg,7
./balancer/population/population100real\7\138.jpg,7
./balancer/population/population100real\7\139.jpg,7
./balancer/population/population100real\7\141.jpg,7
./balancer/population/population100real\7\143.jpg,7
./balancer/population/population100real\7\147.jpg,7
./balancer/population/population100real\7\149.jpg,7
./balancer/population/population100real\7\15.jpg,7
./balancer/population/population100real\7\150.jpg,7
./balancer/population/population100real\7\157.JPG,7
./balancer/population/population100real\7\158.jpg,7
./balancer/population/population100real\7\16.jpg,7
./balancer/population/population100real\7\162.jpg,7
./balancer/population/population100real\7\165.jpg,7
./balancer/population/population100real\7\166.jpg,7
./balancer/population/population100real\7\168.jpg,7
./balancer/population/population100real\7\169.jpg,7
./balancer/population/population100real\7\171.jpg,7
./balancer/population/population100real\7\173.jpg,7
./balancer/population/population100real\7\174.jpg,7
./balancer/population/population100real\7\176.jpg,7
./balancer/population/population100real\7\178.jpg,7
./balancer/population/population100real\7\179.jpg,7
./balancer/population/population100real\7\18.jpg,7
./balancer/population/population100real\7\181.jpg,7
./balancer/population/population100real\7\182.jpg,7
./balancer/population/population100real\7\183.jpg,7
./balancer/population/population100real\7\184.jpg,7
./balancer/population/population100real\7\185.jpg,7
./balancer/population/population100real\7\186.jpg,7
./balancer/population/population100real\7\187.jpg,7
./balancer/population/population100real\7\188.jpg,7
./balancer/population/population100real\7\19.jpg,7
./balancer/population/population100real\7\190.jpg,7
./balancer/population/population100real\7\192.jpg,7
./balancer/population/population100real\7\193.jpg,7
./balancer/population/population100real\7\195.jpg,7
./balancer/population/population100real\7\197.jpg,7
./balancer/population/population100real\7\198.jpg,7
./balancer/population/population100real\7\199.jpg,7
./balancer/population/population100real\7\2.jpg,7
./balancer/population/population100real\7\203.jpg,7
./balancer/population/population100real\7\204.jpg,7
./balancer/population/population100real\7\207.jpg,7
./balancer/population/population100real\7\208.jpg,7
./balancer/population/population100real\7\21.jpg,7
./balancer/population/population100real\7\210.jpg,7
./balancer/population/population100real\7\211.jpg,7
./balancer/population/population100real\7\212.jpg,7
./balancer/population/population100real\7\213.jpg,7
./balancer/population/population100real\7\217.jpg,7
./balancer/population/population100real\7\218.jpg,7
./balancer/population/population100real\7\22.jpg,7
./balancer/population/population100real\7\223.jpg,7
./balancer/population/population100real\7\224.jpg,7
./balancer/population/population100real\7\225.jpg,7
./balancer/population/population100real\7\228.jpg,7
./balancer/population/population100real\7\229.jpg,7
./balancer/population/population100real\7\230.JPG,7
./balancer/population/population100real\7\232.jpg,7
./balancer/population/population100real\7\234.jpg,7
./balancer/population/population100real\7\236.jpg,7
./balancer/population/population100real\7\239.jpg,7
./balancer/population/population100real\7\24.jpg,7
./balancer/population/population100real\7\240.jpg,7
./balancer/population/population100real\7\241.jpg,7
./balancer/population/population100real\7\243.JPG,7
./balancer/population/population100real\7\247.jpg,7
./balancer/population/population100real\7\248.JPG,7
./balancer/population/population100real\7\250.jpg,7
./balancer/population/population100real\7\254.jpg,7
./balancer/population/population100real\7\256.jpg,7
./balancer/population/population100real\7\257.JPG,7
./balancer/population/population100real\7\259.jpg,7
./balancer/population/population100real\7\26.jpg,7
./balancer/population/population100real\7\260.JPG,7
./balancer/population/population100real\7\261.jpg,7
./balancer/population/population100real\7\270.jpg,7
./balancer/population/population100real\7\271.jpg,7
./balancer/population/population100real\7\272.jpg,7
./balancer/population/population100real\7\273.jpg,7
./balancer/population/population100real\7\276.jpg,7
./balancer/population/population100real\7\28.jpg,7
./balancer/population/population100real\7\280.jpg,7
./balancer/population/population100real\7\281.jpg,7
./balancer/population/population100real\7\282.JPG,7
./balancer/population/population100real\7\285.jpg,7
./balancer/population/population100real\7\289.jpg,7
./balancer/population/population100real\7\29.jpg,7
./balancer/population/population100real\7\292.jpg,7
./balancer/population/population100real\7\296.jpg,7
./balancer/population/population100real\7\297.JPG,7
./balancer/population/population100real\7\302.jpg,7
./balancer/population/population100real\7\303.jpg,7
./balancer/population/population100real\7\307.jpg,7
./balancer/population/population100real\7\308.jpg,7
./balancer/population/population100real\7\309.jpg,7
./balancer/population/population100real\7\311.jpg,7
./balancer/population/population100real\7\313.jpg,7
./balancer/population/population100real\7\314.jpg,7
./balancer/population/population100real\7\317.jpg,7
./balancer/population/population100real\7\318.jpg,7
./balancer/population/population100real\7\319.jpg,7
./balancer/population/population100real\7\322.jpg,7
./balancer/population/population100real\7\323.jpg,7
./balancer/population/population100real\7\324.jpg,7
./balancer/population/population100real\7\325.jpg,7
./balancer/population/population100real\7\326.jpg,7
./balancer/population/population100real\7\328.JPG,7
./balancer/population/population100real\7\329.jpg,7
./balancer/population/population100real\7\330.jpg,7
./balancer/population/population100real\7\331.jpg,7
./balancer/population/population100real\7\332.jpg,7
./balancer/population/population100real\7\337.jpg,7
./balancer/population/population100real\7\34.jpg,7
./balancer/population/population100real\7\341.jpg,7
./balancer/population/population100real\7\344.jpg,7
./balancer/population/population100real\7\345.jpg,7
./balancer/population/population100real\7\346.jpg,7
./balancer/population/population100real\7\348.jpg,7
./balancer/population/population100real\7\35.jpg,7
./balancer/population/population100real\7\350.jpg,7
./balancer/population/population100real\7\353.jpg,7
./balancer/population/population100real\7\355.jpg,7
./balancer/population/population100real\7\358.jpg,7
./balancer/population/population100real\7\359.JPG,7
./balancer/population/population100real\7\361.jpg,7
./balancer/population/population100real\7\362.jpg,7
./balancer/population/population100real\7\363.jpg,7
./balancer/population/population100real\7\365.jpg,7
./balancer/population/population100real\7\366.jpg,7
./balancer/population/population100real\7\368.jpg,7
./balancer/population/population100real\7\371.JPG,7
./balancer/population/population100real\7\372.JPG,7
./balancer/population/population100real\7\374.jpg,7
./balancer/population/population100real\7\375.jpg,7
./balancer/population/population100real\7\377.jpg,7
./balancer/population/population100real\7\378.jpg,7
./balancer/population/population100real\7\38.jpg,7
./balancer/population/population100real\7\383.jpg,7
./balancer/population/population100real\7\384.jpg,7
./balancer/population/population100real\7\386.jpg,7
./balancer/population/population100real\7\387.jpg,7
./balancer/population/population100real\7\388.jpg,7
./balancer/population/population100real\7\390.jpg,7
./balancer/population/population100real\7\391.jpg,7
./balancer/population/population100real\7\392.jpg,7
./balancer/population/population100real\7\393.JPG,7
./balancer/population/population100real\7\40.jpg,7
./balancer/population/population100real\7\41.jpg,7
./balancer/population/population100real\7\48.jpg,7
./balancer/population/population100real\7\49.JPG,7
./balancer/population/population100real\7\5.jpg,7
./balancer/population/population100real\7\50.jpg,7
./balancer/population/population100real\7\53.jpg,7
./balancer/population/population100real\7\56.jpg,7
./balancer/population/population100real\7\58.jpg,7
./balancer/population/population100real\7\59.jpg,7
./balancer/population/population100real\7\6.jpg,7
./balancer/population/population100real\7\60.jpg,7
./balancer/population/population100real\7\63.jpg,7
./balancer/population/population100real\7\64.jpg,7
./balancer/population/population100real\7\65.JPG,7
./balancer/population/population100real\7\66.jpg,7
./balancer/population/population100real\7\7.jpg,7
./balancer/population/population100real\7\70.jpg,7
./balancer/population/population100real\7\71.JPG,7
./balancer/population/population100real\7\72.jpg,7
./balancer/population/population100real\7\73.jpg,7
./balancer/population/population100real\7\74.jpg,7
./balancer/population/population100real\7\75.jpg,7
./balancer/population/population100real\7\77.jpg,7
./balancer/population/population100real\7\78.jpg,7
./balancer/population/population100real\7\79.jpg,7
./balancer/population/population100real\7\8.JPG,7
./balancer/population/population100real\7\80.jpg,7
./balancer/population/population100real\7\83.jpg,7
./balancer/population/population100real\7\84.jpg,7
./balancer/population/population100real\7\89.JPG,7
./balancer/population/population100real\7\9.JPG,7
./balancer/population/population100real\7\93.jpg,7
./balancer/population/population100real\7\94.jpg,7
./balancer/population/population100real\7\95.jpg,7
./balancer/population/population100real\7\96.jpg,7
./balancer/population/population100real\7\97.jpg,7
./balancer/population/population100real\70\0.jpg,70
./balancer/population/population100real\70\100.jpg,70
./balancer/population/population100real\70\1004.jpg,70
./balancer/population/population100real\70\1011.jpg,70
./balancer/population/population100real\70\1014.jpg,70
./balancer/population/population100real\70\1017.jpg,70
./balancer/population/population100real\70\1031.jpg,70
./balancer/population/population100real\70\1036.jpg,70
./balancer/population/population100real\70\1040.jpg,70
./balancer/population/population100real\70\1053.jpg,70
./balancer/population/population100real\70\1064.jpg,70
./balancer/population/population100real\70\1067.jpg,70
./balancer/population/population100real\70\1069.jpg,70
./balancer/population/population100real\70\1072.jpg,70
./balancer/population/population100real\70\1078.jpg,70
./balancer/population/population100real\70\1091.jpg,70
./balancer/population/population100real\70\1094.jpg,70
./balancer/population/population100real\70\1103.jpg,70
./balancer/population/population100real\70\1107.jpg,70
./balancer/population/population100real\70\1111.jpg,70
./balancer/population/population100real\70\1115.jpg,70
./balancer/population/population100real\70\112.jpg,70
./balancer/population/population100real\70\1120.jpg,70
./balancer/population/population100real\70\1130.jpg,70
./balancer/population/population100real\70\1132.jpg,70
./balancer/population/population100real\70\1133.jpg,70
./balancer/population/population100real\70\1134.jpg,70
./balancer/population/population100real\70\1140.jpg,70
./balancer/population/population100real\70\1150.jpg,70
./balancer/population/population100real\70\1157.jpg,70
./balancer/population/population100real\70\116.jpg,70
./balancer/population/population100real\70\1160.jpg,70
./balancer/population/population100real\70\1161.jpg,70
./balancer/population/population100real\70\1163.jpg,70
./balancer/population/population100real\70\117.jpg,70
./balancer/population/population100real\70\1172.jpg,70
./balancer/population/population100real\70\1176.jpg,70
./balancer/population/population100real\70\1179.jpg,70
./balancer/population/population100real\70\1185.jpg,70
./balancer/population/population100real\70\1190.jpg,70
./balancer/population/population100real\70\1197.jpg,70
./balancer/population/population100real\70\1202.jpg,70
./balancer/population/population100real\70\1205.jpg,70
./balancer/population/population100real\70\1230.jpg,70
./balancer/population/population100real\70\1251.jpg,70
./balancer/population/population100real\70\128.jpg,70
./balancer/population/population100real\70\13.jpg,70
./balancer/population/population100real\70\131.jpg,70
./balancer/population/population100real\70\14.jpg,70
./balancer/population/population100real\70\142.jpg,70
./balancer/population/population100real\70\146.jpg,70
./balancer/population/population100real\70\151.jpg,70
./balancer/population/population100real\70\159.jpg,70
./balancer/population/population100real\70\161.jpg,70
./balancer/population/population100real\70\17.jpg,70
./balancer/population/population100real\70\175.jpg,70
./balancer/population/population100real\70\18.jpg,70
./balancer/population/population100real\70\181.jpg,70
./balancer/population/population100real\70\199.jpg,70
./balancer/population/population100real\70\203.jpg,70
./balancer/population/population100real\70\212.jpg,70
./balancer/population/population100real\70\229.jpg,70
./balancer/population/population100real\70\234.jpg,70
./balancer/population/population100real\70\236.jpg,70
./balancer/population/population100real\70\24.jpg,70
./balancer/population/population100real\70\244.jpg,70
./balancer/population/population100real\70\246.jpg,70
./balancer/population/population100real\70\247.jpg,70
./balancer/population/population100real\70\25.jpg,70
./balancer/population/population100real\70\254.jpg,70
./balancer/population/population100real\70\257.jpg,70
./balancer/population/population100real\70\267.jpg,70
./balancer/population/population100real\70\269.jpg,70
./balancer/population/population100real\70\284.jpg,70
./balancer/population/population100real\70\29.jpg,70
./balancer/population/population100real\70\292.jpg,70
./balancer/population/population100real\70\3.jpg,70
./balancer/population/population100real\70\30.jpg,70
./balancer/population/population100real\70\308.jpg,70
./balancer/population/population100real\70\340.jpg,70
./balancer/population/population100real\70\357.jpg,70
./balancer/population/population100real\70\38.jpg,70
./balancer/population/population100real\70\387.jpg,70
./balancer/population/population100real\70\39.jpg,70
./balancer/population/population100real\70\391.jpg,70
./balancer/population/population100real\70\399.jpg,70
./balancer/population/population100real\70\4.jpg,70
./balancer/population/population100real\70\41.jpg,70
./balancer/population/population100real\70\417.jpg,70
./balancer/population/population100real\70\418.jpg,70
./balancer/population/population100real\70\420.jpg,70
./balancer/population/population100real\70\431.jpg,70
./balancer/population/population100real\70\44.jpg,70
./balancer/population/population100real\70\443.jpg,70
./balancer/population/population100real\70\447.jpg,70
./balancer/population/population100real\70\450.jpg,70
./balancer/population/population100real\70\459.jpg,70
./balancer/population/population100real\70\463.jpg,70
./balancer/population/population100real\70\467.jpg,70
./balancer/population/population100real\70\468.jpg,70
./balancer/population/population100real\70\475.jpg,70
./balancer/population/population100real\70\478.jpg,70
./balancer/population/population100real\70\482.jpg,70
./balancer/population/population100real\70\486.jpg,70
./balancer/population/population100real\70\491.jpg,70
./balancer/population/population100real\70\496.jpg,70
./balancer/population/population100real\70\510.jpg,70
./balancer/population/population100real\70\546.jpg,70
./balancer/population/population100real\70\548.jpg,70
./balancer/population/population100real\70\552.jpg,70
./balancer/population/population100real\70\559.jpg,70
./balancer/population/population100real\70\564.jpg,70
./balancer/population/population100real\70\58.jpg,70
./balancer/population/population100real\70\592.jpg,70
./balancer/population/population100real\70\601.jpg,70
./balancer/population/population100real\70\61.jpg,70
./balancer/population/population100real\70\621.jpg,70
./balancer/population/population100real\70\629.jpg,70
./balancer/population/population100real\70\634.jpg,70
./balancer/population/population100real\70\647.jpg,70
./balancer/population/population100real\70\650.jpg,70
./balancer/population/population100real\70\652.jpg,70
./balancer/population/population100real\70\662.jpg,70
./balancer/population/population100real\70\668.jpg,70
./balancer/population/population100real\70\67.jpg,70
./balancer/population/population100real\70\670.jpg,70
./balancer/population/population100real\70\687.jpg,70
./balancer/population/population100real\70\688.jpg,70
./balancer/population/population100real\70\689.jpg,70
./balancer/population/population100real\70\698.jpg,70
./balancer/population/population100real\70\716.jpg,70
./balancer/population/population100real\70\727.jpg,70
./balancer/population/population100real\70\729.jpg,70
./balancer/population/population100real\70\732.jpg,70
./balancer/population/population100real\70\734.jpg,70
./balancer/population/population100real\70\736.jpg,70
./balancer/population/population100real\70\743.jpg,70
./balancer/population/population100real\70\748.jpg,70
./balancer/population/population100real\70\750.jpg,70
./balancer/population/population100real\70\757.jpg,70
./balancer/population/population100real\70\762.jpg,70
./balancer/population/population100real\70\767.jpg,70
./balancer/population/population100real\70\769.jpg,70
./balancer/population/population100real\70\771.jpg,70
./balancer/population/population100real\70\775.jpg,70
./balancer/population/population100real\70\780.jpg,70
./balancer/population/population100real\70\783.jpg,70
./balancer/population/population100real\70\795.jpg,70
./balancer/population/population100real\70\797.jpg,70
./balancer/population/population100real\70\802.jpg,70
./balancer/population/population100real\70\805.jpg,70
./balancer/population/population100real\70\807.jpg,70
./balancer/population/population100real\70\812.jpg,70
./balancer/population/population100real\70\815.jpg,70
./balancer/population/population100real\70\829.jpg,70
./balancer/population/population100real\70\832.jpg,70
./balancer/population/population100real\70\833.jpg,70
./balancer/population/population100real\70\834.jpg,70
./balancer/population/population100real\70\844.jpg,70
./balancer/population/population100real\70\858.jpg,70
./balancer/population/population100real\70\86.jpg,70
./balancer/population/population100real\70\861.jpg,70
./balancer/population/population100real\70\87.jpg,70
./balancer/population/population100real\70\874.jpg,70
./balancer/population/population100real\70\879.jpg,70
./balancer/population/population100real\70\890.jpg,70
./balancer/population/population100real\70\893.jpg,70
./balancer/population/population100real\70\901.jpg,70
./balancer/population/population100real\70\908.jpg,70
./balancer/population/population100real\70\913.jpg,70
./balancer/population/population100real\70\924.jpg,70
./balancer/population/population100real\70\925.jpg,70
./balancer/population/population100real\70\932.jpg,70
./balancer/population/population100real\70\949.jpg,70
./balancer/population/population100real\70\954.jpg,70
./balancer/population/population100real\70\955.jpg,70
./balancer/population/population100real\70\978.jpg,70
./balancer/population/population100real\70\990.jpg,70
./balancer/population/population100real\70\992.jpg,70
./balancer/population/population100real\8\1.jpg,8
./balancer/population/population100real\8\10.jpg,8
./balancer/population/population100real\8\101.jpg,8
./balancer/population/population100real\8\105.jpg,8
./balancer/population/population100real\8\108.jpg,8
./balancer/population/population100real\8\110.jpg,8
./balancer/population/population100real\8\113.jpg,8
./balancer/population/population100real\8\12.jpg,8
./balancer/population/population100real\8\120.jpg,8
./balancer/population/population100real\8\125.JPG,8
./balancer/population/population100real\8\126.jpg,8
./balancer/population/population100real\8\127.jpg,8
./balancer/population/population100real\8\130.jpg,8
./balancer/population/population100real\8\131.jpg,8
./balancer/population/population100real\8\135.jpg,8
./balancer/population/population100real\8\138.jpg,8
./balancer/population/population100real\8\139.jpg,8
./balancer/population/population100real\8\141.jpg,8
./balancer/population/population100real\8\142.jpg,8
./balancer/population/population100real\8\143.jpg,8
./balancer/population/population100real\8\145.jpg,8
./balancer/population/population100real\8\146.jpg,8
./balancer/population/population100real\8\147.jpg,8
./balancer/population/population100real\8\148.jpg,8
./balancer/population/population100real\8\15.jpg,8
./balancer/population/population100real\8\150.jpg,8
./balancer/population/population100real\8\152.jpg,8
./balancer/population/population100real\8\157.jpg,8
./balancer/population/population100real\8\158.jpg,8
./balancer/population/population100real\8\159.jpg,8
./balancer/population/population100real\8\160.jpg,8
./balancer/population/population100real\8\161.jpg,8
./balancer/population/population100real\8\162.jpg,8
./balancer/population/population100real\8\164.jpg,8
./balancer/population/population100real\8\165.jpg,8
./balancer/population/population100real\8\167.jpg,8
./balancer/population/population100real\8\17.jpg,8
./balancer/population/population100real\8\170.jpg,8
./balancer/population/population100real\8\171.jpg,8
./balancer/population/population100real\8\175.jpg,8
./balancer/population/population100real\8\179.JPG,8
./balancer/population/population100real\8\181.jpg,8
./balancer/population/population100real\8\182.jpg,8
./balancer/population/population100real\8\183.jpg,8
./balancer/population/population100real\8\186.jpg,8
./balancer/population/population100real\8\188.jpg,8
./balancer/population/population100real\8\195.jpg,8
./balancer/population/population100real\8\196.jpg,8
./balancer/population/population100real\8\199.jpg,8
./balancer/population/population100real\8\204.jpg,8
./balancer/population/population100real\8\21.jpg,8
./balancer/population/population100real\8\214.jpg,8
./balancer/population/population100real\8\22.jpg,8
./balancer/population/population100real\8\221.jpg,8
./balancer/population/population100real\8\222.jpg,8
./balancer/population/population100real\8\224.JPG,8
./balancer/population/population100real\8\226.jpg,8
./balancer/population/population100real\8\228.JPG,8
./balancer/population/population100real\8\23.jpg,8
./balancer/population/population100real\8\233.jpg,8
./balancer/population/population100real\8\235.jpg,8
./balancer/population/population100real\8\241.jpg,8
./balancer/population/population100real\8\245.jpg,8
./balancer/population/population100real\8\247.jpg,8
./balancer/population/population100real\8\25.jpg,8
./balancer/population/population100real\8\250.jpg,8
./balancer/population/population100real\8\251.jpg,8
./balancer/population/population100real\8\257.jpg,8
./balancer/population/population100real\8\258.jpg,8
./balancer/population/population100real\8\26.jpg,8
./balancer/population/population100real\8\260.jpg,8
./balancer/population/population100real\8\261.jpg,8
./balancer/population/population100real\8\263.jpg,8
./balancer/population/population100real\8\265.jpg,8
./balancer/population/population100real\8\271.jpg,8
./balancer/population/population100real\8\274.jpg,8
./balancer/population/population100real\8\275.jpg,8
./balancer/population/population100real\8\276.jpg,8
./balancer/population/population100real\8\278.jpg,8
./balancer/population/population100real\8\28.jpg,8
./balancer/population/population100real\8\282.jpg,8
./balancer/population/population100real\8\283.jpg,8
./balancer/population/population100real\8\284.jpg,8
./balancer/population/population100real\8\288.jpg,8
./balancer/population/population100real\8\289.jpg,8
./balancer/population/population100real\8\291.jpg,8
./balancer/population/population100real\8\294.jpg,8
./balancer/population/population100real\8\297.jpg,8
./balancer/population/population100real\8\30.jpg,8
./balancer/population/population100real\8\300.JPG,8
./balancer/population/population100real\8\302.jpg,8
./balancer/population/population100real\8\307.jpg,8
./balancer/population/population100real\8\308.jpg,8
./balancer/population/population100real\8\309.jpg,8
./balancer/population/population100real\8\310.jpg,8
./balancer/population/population100real\8\311.jpg,8
./balancer/population/population100real\8\316.jpg,8
./balancer/population/population100real\8\317.JPG,8
./balancer/population/population100real\8\32.jpg,8
./balancer/population/population100real\8\321.jpg,8
./balancer/population/population100real\8\323.jpg,8
./balancer/population/population100real\8\325.jpg,8
./balancer/population/population100real\8\326.jpg,8
./balancer/population/population100real\8\327.jpg,8
./balancer/population/population100real\8\330.jpg,8
./balancer/population/population100real\8\332.JPG,8
./balancer/population/population100real\8\336.jpg,8
./balancer/population/population100real\8\337.jpg,8
./balancer/population/population100real\8\341.jpg,8
./balancer/population/population100real\8\342.jpg,8
./balancer/population/population100real\8\343.jpg,8
./balancer/population/population100real\8\344.JPG,8
./balancer/population/population100real\8\346.jpg,8
./balancer/population/population100real\8\348.jpg,8
./balancer/population/population100real\8\35.jpg,8
./balancer/population/population100real\8\350.jpg,8
./balancer/population/population100real\8\351.jpg,8
./balancer/population/population100real\8\354.jpg,8
./balancer/population/population100real\8\359.jpg,8
./balancer/population/population100real\8\36.jpg,8
./balancer/population/population100real\8\365.jpg,8
./balancer/population/population100real\8\368.jpg,8
./balancer/population/population100real\8\369.jpg,8
./balancer/population/population100real\8\37.jpg,8
./balancer/population/population100real\8\371.jpg,8
./balancer/population/population100real\8\372.jpg,8
./balancer/population/population100real\8\373.jpg,8
./balancer/population/population100real\8\374.jpg,8
./balancer/population/population100real\8\377.jpg,8
./balancer/population/population100real\8\379.jpg,8
./balancer/population/population100real\8\38.jpg,8
./balancer/population/population100real\8\381.jpg,8
./balancer/population/population100real\8\388.jpg,8
./balancer/population/population100real\8\390.jpg,8
./balancer/population/population100real\8\394.JPG,8
./balancer/population/population100real\8\4.jpg,8
./balancer/population/population100real\8\40.jpg,8
./balancer/population/population100real\8\400.jpg,8
./balancer/population/population100real\8\403.JPG,8
./balancer/population/population100real\8\410.jpg,8
./balancer/population/population100real\8\413.jpg,8
./balancer/population/population100real\8\414.jpg,8
./balancer/population/population100real\8\418.jpg,8
./balancer/population/population100real\8\419.jpg,8
./balancer/population/population100real\8\424.jpg,8
./balancer/population/population100real\8\429.jpg,8
./balancer/population/population100real\8\431.jpg,8
./balancer/population/population100real\8\432.jpg,8
./balancer/population/population100real\8\435.jpg,8
./balancer/population/population100real\8\44.jpg,8
./balancer/population/population100real\8\441.jpg,8
./balancer/population/population100real\8\442.jpg,8
./balancer/population/population100real\8\443.jpg,8
./balancer/population/population100real\8\444.jpg,8
./balancer/population/population100real\8\446.jpg,8
./balancer/population/population100real\8\447.jpg,8
./balancer/population/population100real\8\448.jpg,8
./balancer/population/population100real\8\449.jpg,8
./balancer/population/population100real\8\453.jpg,8
./balancer/population/population100real\8\458.jpg,8
./balancer/population/population100real\8\46.jpg,8
./balancer/population/population100real\8\460.jpg,8
./balancer/population/population100real\8\461.jpg,8
./balancer/population/population100real\8\463.jpg,8
./balancer/population/population100real\8\468.jpg,8
./balancer/population/population100real\8\473.jpg,8
./balancer/population/population100real\8\475.jpg,8
./balancer/population/population100real\8\479.jpg,8
./balancer/population/population100real\8\488.jpg,8
./balancer/population/population100real\8\489.jpg,8
./balancer/population/population100real\8\49.jpg,8
./balancer/population/population100real\8\493.jpg,8
./balancer/population/population100real\8\494.jpg,8
./balancer/population/population100real\8\497.jpg,8
./balancer/population/population100real\8\500.jpg,8
./balancer/population/population100real\8\505.jpg,8
./balancer/population/population100real\8\509.jpg,8
./balancer/population/population100real\8\512.jpg,8
./balancer/population/population100real\8\513.jpg,8
./balancer/population/population100real\8\514.jpg,8
./balancer/population/population100real\8\520.jpg,8
./balancer/population/population100real\8\526.jpg,8
./balancer/population/population100real\8\529.jpg,8
./balancer/population/population100real\8\530.jpg,8
./balancer/population/population100real\8\531.jpg,8
./balancer/population/population100real\8\535.jpg,8
./balancer/population/population100real\8\537.jpg,8
./balancer/population/population100real\8\542.jpg,8
./balancer/population/population100real\8\543.jpg,8
./balancer/population/population100real\8\547.jpg,8
./balancer/population/population100real\8\55.jpg,8
./balancer/population/population100real\8\550.jpg,8
./balancer/population/population100real\8\552.jpg,8
./balancer/population/population100real\8\56.jpg,8
./balancer/population/population100real\8\6.jpg,8
./balancer/population/population100real\8\60.jpg,8
./balancer/population/population100real\8\64.JPG,8
./balancer/population/population100real\8\65.jpg,8
./balancer/population/population100real\8\68.jpg,8
./balancer/population/population100real\8\69.JPG,8
./balancer/population/population100real\8\74.jpg,8
./balancer/population/population100real\8\76.jpg,8
./balancer/population/population100real\8\79.jpg,8
./balancer/population/population100real\8\83.jpg,8
./balancer/population/population100real\8\88.JPG,8
./balancer/population/population100real\8\89.jpg,8
./balancer/population/population100real\8\91.jpg,8
./balancer/population/population100real\8\94.jpg,8
./balancer/population/population100real\8\96.jpg,8
./balancer/population/population100real\8\97.jpg,8
./balancer/population/population100real\8\99.jpg,8
./balancer/population/population100real\9\10.jpg,9
./balancer/population/population100real\9\100.jpg,9
./balancer/population/population100real\9\102.jpg,9
./balancer/population/population100real\9\103.jpg,9
./balancer/population/population100real\9\105.jpg,9
./balancer/population/population100real\9\107.jpg,9
./balancer/population/population100real\9\108.jpg,9
./balancer/population/population100real\9\110.jpg,9
./balancer/population/population100real\9\113.jpg,9
./balancer/population/population100real\9\117.jpg,9
./balancer/population/population100real\9\119.jpg,9
./balancer/population/population100real\9\120.jpg,9
./balancer/population/population100real\9\125.jpg,9
./balancer/population/population100real\9\128.jpg,9
./balancer/population/population100real\9\129.jpg,9
./balancer/population/population100real\9\132.jpg,9
./balancer/population/population100real\9\133.jpg,9
./balancer/population/population100real\9\136.jpg,9
./balancer/population/population100real\9\14.jpg,9
./balancer/population/population100real\9\140.jpg,9
./balancer/population/population100real\9\146.jpg,9
./balancer/population/population100real\9\147.jpg,9
./balancer/population/population100real\9\15.jpg,9
./balancer/population/population100real\9\151.jpg,9
./balancer/population/population100real\9\153.jpg,9
./balancer/population/population100real\9\156.jpg,9
./balancer/population/population100real\9\157.jpg,9
./balancer/population/population100real\9\158.jpg,9
./balancer/population/population100real\9\165.jpg,9
./balancer/population/population100real\9\166.jpg,9
./balancer/population/population100real\9\167.jpg,9
./balancer/population/population100real\9\168.jpg,9
./balancer/population/population100real\9\17.jpg,9
./balancer/population/population100real\9\175.jpg,9
./balancer/population/population100real\9\180.jpg,9
./balancer/population/population100real\9\185.jpg,9
./balancer/population/population100real\9\192.jpg,9
./balancer/population/population100real\9\194.jpg,9
./balancer/population/population100real\9\198.jpg,9
./balancer/population/population100real\9\2.jpg,9
./balancer/population/population100real\9\202.jpg,9
./balancer/population/population100real\9\203.jpg,9
./balancer/population/population100real\9\204.jpg,9
./balancer/population/population100real\9\206.jpg,9
./balancer/population/population100real\9\21.jpg,9
./balancer/population/population100real\9\215.jpg,9
./balancer/population/population100real\9\219.jpg,9
./balancer/population/population100real\9\22.jpg,9
./balancer/population/population100real\9\220.JPG,9
./balancer/population/population100real\9\222.jpg,9
./balancer/population/population100real\9\223.jpg,9
./balancer/population/population100real\9\224.jpg,9
./balancer/population/population100real\9\225.jpg,9
./balancer/population/population100real\9\228.jpg,9
./balancer/population/population100real\9\23.jpg,9
./balancer/population/population100real\9\231.jpg,9
./balancer/population/population100real\9\232.jpg,9
./balancer/population/population100real\9\235.jpg,9
./balancer/population/population100real\9\237.jpg,9
./balancer/population/population100real\9\239.jpg,9
./balancer/population/population100real\9\240.jpg,9
./balancer/population/population100real\9\241.jpg,9
./balancer/population/population100real\9\242.jpg,9
./balancer/population/population100real\9\243.jpg,9
./balancer/population/population100real\9\244.jpg,9
./balancer/population/population100real\9\248.jpg,9
./balancer/population/population100real\9\249.jpg,9
./balancer/population/population100real\9\250.jpg,9
./balancer/population/population100real\9\251.jpg,9
./balancer/population/population100real\9\252.jpg,9
./balancer/population/population100real\9\254.jpg,9
./balancer/population/population100real\9\255.jpg,9
./balancer/population/population100real\9\256.jpg,9
./balancer/population/population100real\9\259.jpg,9
./balancer/population/population100real\9\26.jpg,9
./balancer/population/population100real\9\261.jpg,9
./balancer/population/population100real\9\263.jpg,9
./balancer/population/population100real\9\267.JPG,9
./balancer/population/population100real\9\27.jpg,9
./balancer/population/population100real\9\270.jpg,9
./balancer/population/population100real\9\271.jpg,9
./balancer/population/population100real\9\274.jpg,9
./balancer/population/population100real\9\275.jpg,9
./balancer/population/population100real\9\280.JPG,9
./balancer/population/population100real\9\29.JPG,9
./balancer/population/population100real\9\297.jpg,9
./balancer/population/population100real\9\30.jpg,9
./balancer/population/population100real\9\301.jpg,9
./balancer/population/population100real\9\302.jpg,9
./balancer/population/population100real\9\303.jpg,9
./balancer/population/population100real\9\306.jpg,9
./balancer/population/population100real\9\31.jpg,9
./balancer/population/population100real\9\311.jpg,9
./balancer/population/population100real\9\317.jpg,9
./balancer/population/population100real\9\32.jpg,9
./balancer/population/population100real\9\320.jpg,9
./balancer/population/population100real\9\321.jpg,9
./balancer/population/population100real\9\322.jpg,9
./balancer/population/population100real\9\33.jpg,9
./balancer/population/population100real\9\331.jpg,9
./balancer/population/population100real\9\335.JPG,9
./balancer/population/population100real\9\339.jpg,9
./balancer/population/population100real\9\34.jpg,9
./balancer/population/population100real\9\344.jpg,9
./balancer/population/population100real\9\35.jpg,9
./balancer/population/population100real\9\355.jpg,9
./balancer/population/population100real\9\36.jpg,9
./balancer/population/population100real\9\360.jpg,9
./balancer/population/population100real\9\366.jpg,9
./balancer/population/population100real\9\369.jpg,9
./balancer/population/population100real\9\371.JPG,9
./balancer/population/population100real\9\373.jpg,9
./balancer/population/population100real\9\375.jpg,9
./balancer/population/population100real\9\377.jpg,9
./balancer/population/population100real\9\379.jpg,9
./balancer/population/population100real\9\380.jpg,9
./balancer/population/population100real\9\383.jpg,9
./balancer/population/population100real\9\386.JPG,9
./balancer/population/population100real\9\387.jpg,9
./balancer/population/population100real\9\388.jpg,9
./balancer/population/population100real\9\389.jpg,9
./balancer/population/population100real\9\39.jpg,9
./balancer/population/population100real\9\390.jpg,9
./balancer/population/population100real\9\394.jpg,9
./balancer/population/population100real\9\396.jpg,9
./balancer/population/population100real\9\397.jpg,9
./balancer/population/population100real\9\398.jpg,9
./balancer/population/population100real\9\399.jpg,9
./balancer/population/population100real\9\40.jpg,9
./balancer/population/population100real\9\402.jpg,9
./balancer/population/population100real\9\406.jpg,9
./balancer/population/population100real\9\407.jpg,9
./balancer/population/population100real\9\410.jpg,9
./balancer/population/population100real\9\411.jpg,9
./balancer/population/population100real\9\412.jpg,9
./balancer/population/population100real\9\413.jpg,9
./balancer/population/population100real\9\415.jpg,9
./balancer/population/population100real\9\416.jpg,9
./balancer/population/population100real\9\417.jpg,9
./balancer/population/population100real\9\419.jpg,9
./balancer/population/population100real\9\420.JPG,9
./balancer/population/population100real\9\421.jpg,9
./balancer/population/population100real\9\422.jpg,9
./balancer/population/population100real\9\423.jpg,9
./balancer/population/population100real\9\424.jpg,9
./balancer/population/population100real\9\425.jpg,9
./balancer/population/population100real\9\426.jpg,9
./balancer/population/population100real\9\429.JPG,9
./balancer/population/population100real\9\430.jpg,9
./balancer/population/population100real\9\433.jpg,9
./balancer/population/population100real\9\435.jpg,9
./balancer/population/population100real\9\437.jpg,9
./balancer/population/population100real\9\450.jpg,9
./balancer/population/population100real\9\452.jpg,9
./balancer/population/population100real\9\455.jpg,9
./balancer/population/population100real\9\466.jpg,9
./balancer/population/population100real\9\47.jpg,9
./balancer/population/population100real\9\473.jpg,9
./balancer/population/population100real\9\474.jpg,9
./balancer/population/population100real\9\475.jpg,9
./balancer/population/population100real\9\477.jpg,9
./balancer/population/population100real\9\478.jpg,9
./balancer/population/population100real\9\48.jpg,9
./balancer/population/population100real\9\482.jpg,9
./balancer/population/population100real\9\483.jpg,9
./balancer/population/population100real\9\484.JPG,9
./balancer/population/population100real\9\486.jpg,9
./balancer/population/population100real\9\498.jpg,9
./balancer/population/population100real\9\499.jpg,9
./balancer/population/population100real\9\5.jpg,9
./balancer/population/population100real\9\50.jpg,9
./balancer/population/population100real\9\500.jpg,9
./balancer/population/population100real\9\501.jpg,9
./balancer/population/population100real\9\505.jpg,9
./balancer/population/population100real\9\508.jpg,9
./balancer/population/population100real\9\51.jpg,9
./balancer/population/population100real\9\510.jpg,9
./balancer/population/population100real\9\511.JPG,9
./balancer/population/population100real\9\513.jpg,9
./balancer/population/population100real\9\515.jpg,9
./balancer/population/population100real\9\516.jpg,9
./balancer/population/population100real\9\520.jpg,9
./balancer/population/population100real\9\521.jpg,9
./balancer/population/population100real\9\523.jpg,9
./balancer/population/population100real\9\525.jpg,9
./balancer/population/population100real\9\528.jpg,9
./balancer/population/population100real\9\534.jpg,9
./balancer/population/population100real\9\538.jpg,9
./balancer/population/population100real\9\539.jpg,9
./balancer/population/population100real\9\540.jpg,9
./balancer/population/population100real\9\545.JPG,9
./balancer/population/population100real\9\57.jpg,9
./balancer/population/population100real\9\6.jpg,9
./balancer/population/population100real\9\60.JPG,9
./balancer/population/population100real\9\61.jpg,9
./balancer/population/population100real\9\64.jpg,9
./balancer/population/population100real\9\66.jpg,9
./balancer/population/population100real\9\68.jpg,9
./balancer/population/population100real\9\7.jpg,9
./balancer/population/population100real\9\71.jpg,9
./balancer/population/population100real\9\73.jpg,9
./balancer/population/population100real\9\76.jpg,9
./balancer/population/population100real\9\79.jpg,9
./balancer/population/population100real\9\8.jpg,9
./balancer/population/population100real\9\81.jpg,9
./balancer/population/population100real\9\83.jpg,9
./balancer/population/population100real\9\87.jpg,9
./balancer/population/population100real\9\90.jpg,9
./balancer/population/population100real\9\91.jpg,9
./balancer/population/population100real\9\92.JPG,9
./balancer/population/population100real\9\94.jpg,9
./balancer/population/population100real\9\95.jpg,9
./balancer/population/population100real\9\99.jpg,9
