file_path,age
./balancer/uniform/uniform100real\10\101.jpg,10
./balancer/uniform/uniform100real\10\105.jpg,10
./balancer/uniform/uniform100real\10\111.jpg,10
./balancer/uniform/uniform100real\10\113.jpg,10
./balancer/uniform/uniform100real\10\115.jpg,10
./balancer/uniform/uniform100real\10\116.jpg,10
./balancer/uniform/uniform100real\10\123.jpg,10
./balancer/uniform/uniform100real\10\128.jpg,10
./balancer/uniform/uniform100real\10\129.jpg,10
./balancer/uniform/uniform100real\10\132.jpg,10
./balancer/uniform/uniform100real\10\136.jpg,10
./balancer/uniform/uniform100real\10\14.jpg,10
./balancer/uniform/uniform100real\10\141.jpg,10
./balancer/uniform/uniform100real\10\142.jpg,10
./balancer/uniform/uniform100real\10\145.JPG,10
./balancer/uniform/uniform100real\10\148.JPG,10
./balancer/uniform/uniform100real\10\15.jpg,10
./balancer/uniform/uniform100real\10\151.jpg,10
./balancer/uniform/uniform100real\10\154.jpg,10
./balancer/uniform/uniform100real\10\155.jpg,10
./balancer/uniform/uniform100real\10\156.jpg,10
./balancer/uniform/uniform100real\10\157.jpg,10
./balancer/uniform/uniform100real\10\160.jpg,10
./balancer/uniform/uniform100real\10\162.jpg,10
./balancer/uniform/uniform100real\10\163.jpg,10
./balancer/uniform/uniform100real\10\164.jpg,10
./balancer/uniform/uniform100real\10\165.jpg,10
./balancer/uniform/uniform100real\10\167.jpg,10
./balancer/uniform/uniform100real\10\168.jpg,10
./balancer/uniform/uniform100real\10\179.jpg,10
./balancer/uniform/uniform100real\10\183.jpg,10
./balancer/uniform/uniform100real\10\184.jpg,10
./balancer/uniform/uniform100real\10\185.jpg,10
./balancer/uniform/uniform100real\10\186.jpg,10
./balancer/uniform/uniform100real\10\188.jpg,10
./balancer/uniform/uniform100real\10\189.jpg,10
./balancer/uniform/uniform100real\10\191.jpg,10
./balancer/uniform/uniform100real\10\194.jpg,10
./balancer/uniform/uniform100real\10\195.jpg,10
./balancer/uniform/uniform100real\10\198.jpg,10
./balancer/uniform/uniform100real\10\199.jpg,10
./balancer/uniform/uniform100real\10\201.jpg,10
./balancer/uniform/uniform100real\10\202.JPG,10
./balancer/uniform/uniform100real\10\205.jpg,10
./balancer/uniform/uniform100real\10\206.jpg,10
./balancer/uniform/uniform100real\10\207.jpg,10
./balancer/uniform/uniform100real\10\208.jpg,10
./balancer/uniform/uniform100real\10\209.jpg,10
./balancer/uniform/uniform100real\10\21.jpg,10
./balancer/uniform/uniform100real\10\210.jpg,10
./balancer/uniform/uniform100real\10\214.jpg,10
./balancer/uniform/uniform100real\10\215.jpg,10
./balancer/uniform/uniform100real\10\216.jpg,10
./balancer/uniform/uniform100real\10\217.jpg,10
./balancer/uniform/uniform100real\10\221.jpg,10
./balancer/uniform/uniform100real\10\222.jpg,10
./balancer/uniform/uniform100real\10\227.jpg,10
./balancer/uniform/uniform100real\10\229.jpg,10
./balancer/uniform/uniform100real\10\230.jpg,10
./balancer/uniform/uniform100real\10\231.jpg,10
./balancer/uniform/uniform100real\10\232.jpg,10
./balancer/uniform/uniform100real\10\237.jpg,10
./balancer/uniform/uniform100real\10\245.jpg,10
./balancer/uniform/uniform100real\10\249.jpg,10
./balancer/uniform/uniform100real\10\254.jpg,10
./balancer/uniform/uniform100real\10\259.jpg,10
./balancer/uniform/uniform100real\10\26.jpg,10
./balancer/uniform/uniform100real\10\268.jpg,10
./balancer/uniform/uniform100real\10\27.jpg,10
./balancer/uniform/uniform100real\10\270.jpg,10
./balancer/uniform/uniform100real\10\276.jpg,10
./balancer/uniform/uniform100real\10\277.jpg,10
./balancer/uniform/uniform100real\10\282.jpg,10
./balancer/uniform/uniform100real\10\285.jpg,10
./balancer/uniform/uniform100real\10\289.jpg,10
./balancer/uniform/uniform100real\10\292.jpg,10
./balancer/uniform/uniform100real\10\294.jpg,10
./balancer/uniform/uniform100real\10\295.jpg,10
./balancer/uniform/uniform100real\10\296.jpg,10
./balancer/uniform/uniform100real\10\300.jpg,10
./balancer/uniform/uniform100real\10\304.jpg,10
./balancer/uniform/uniform100real\10\305.jpg,10
./balancer/uniform/uniform100real\10\308.JPG,10
./balancer/uniform/uniform100real\10\310.jpg,10
./balancer/uniform/uniform100real\10\311.jpg,10
./balancer/uniform/uniform100real\10\316.jpg,10
./balancer/uniform/uniform100real\10\318.jpg,10
./balancer/uniform/uniform100real\10\320.JPG,10
./balancer/uniform/uniform100real\10\322.jpg,10
./balancer/uniform/uniform100real\10\326.jpg,10
./balancer/uniform/uniform100real\10\328.jpg,10
./balancer/uniform/uniform100real\10\329.jpg,10
./balancer/uniform/uniform100real\10\332.jpg,10
./balancer/uniform/uniform100real\10\335.jpg,10
./balancer/uniform/uniform100real\10\336.jpg,10
./balancer/uniform/uniform100real\10\34.jpg,10
./balancer/uniform/uniform100real\10\347.jpg,10
./balancer/uniform/uniform100real\10\349.JPG,10
./balancer/uniform/uniform100real\10\353.jpg,10
./balancer/uniform/uniform100real\10\354.jpg,10
./balancer/uniform/uniform100real\10\355.jpg,10
./balancer/uniform/uniform100real\10\357.jpg,10
./balancer/uniform/uniform100real\10\362.jpg,10
./balancer/uniform/uniform100real\10\364.jpg,10
./balancer/uniform/uniform100real\10\366.jpg,10
./balancer/uniform/uniform100real\10\368.jpg,10
./balancer/uniform/uniform100real\10\369.jpg,10
./balancer/uniform/uniform100real\10\370.jpg,10
./balancer/uniform/uniform100real\10\378.jpg,10
./balancer/uniform/uniform100real\10\381.jpg,10
./balancer/uniform/uniform100real\10\383.jpg,10
./balancer/uniform/uniform100real\10\386.jpg,10
./balancer/uniform/uniform100real\10\388.JPG,10
./balancer/uniform/uniform100real\10\39.jpg,10
./balancer/uniform/uniform100real\10\393.jpg,10
./balancer/uniform/uniform100real\10\395.jpg,10
./balancer/uniform/uniform100real\10\399.jpg,10
./balancer/uniform/uniform100real\10\402.jpg,10
./balancer/uniform/uniform100real\10\405.JPG,10
./balancer/uniform/uniform100real\10\409.jpg,10
./balancer/uniform/uniform100real\10\412.jpg,10
./balancer/uniform/uniform100real\10\414.JPG,10
./balancer/uniform/uniform100real\10\418.jpg,10
./balancer/uniform/uniform100real\10\421.jpg,10
./balancer/uniform/uniform100real\10\423.jpg,10
./balancer/uniform/uniform100real\10\425.jpg,10
./balancer/uniform/uniform100real\10\428.jpg,10
./balancer/uniform/uniform100real\10\43.jpg,10
./balancer/uniform/uniform100real\10\431.jpg,10
./balancer/uniform/uniform100real\10\433.jpg,10
./balancer/uniform/uniform100real\10\436.JPG,10
./balancer/uniform/uniform100real\10\44.jpg,10
./balancer/uniform/uniform100real\10\440.jpg,10
./balancer/uniform/uniform100real\10\441.jpg,10
./balancer/uniform/uniform100real\10\442.jpg,10
./balancer/uniform/uniform100real\10\444.jpg,10
./balancer/uniform/uniform100real\10\445.jpg,10
./balancer/uniform/uniform100real\10\45.jpg,10
./balancer/uniform/uniform100real\10\450.jpg,10
./balancer/uniform/uniform100real\10\454.jpg,10
./balancer/uniform/uniform100real\10\455.jpg,10
./balancer/uniform/uniform100real\10\456.jpg,10
./balancer/uniform/uniform100real\10\457.jpg,10
./balancer/uniform/uniform100real\10\461.jpg,10
./balancer/uniform/uniform100real\10\470.jpg,10
./balancer/uniform/uniform100real\10\472.jpg,10
./balancer/uniform/uniform100real\10\475.jpg,10
./balancer/uniform/uniform100real\10\476.jpg,10
./balancer/uniform/uniform100real\10\477.jpg,10
./balancer/uniform/uniform100real\10\480.jpg,10
./balancer/uniform/uniform100real\10\481.jpg,10
./balancer/uniform/uniform100real\10\482.jpg,10
./balancer/uniform/uniform100real\10\486.jpg,10
./balancer/uniform/uniform100real\10\49.jpg,10
./balancer/uniform/uniform100real\10\496.jpg,10
./balancer/uniform/uniform100real\10\500.jpg,10
./balancer/uniform/uniform100real\10\501.jpg,10
./balancer/uniform/uniform100real\10\503.jpg,10
./balancer/uniform/uniform100real\10\504.JPG,10
./balancer/uniform/uniform100real\10\505.jpg,10
./balancer/uniform/uniform100real\10\506.jpg,10
./balancer/uniform/uniform100real\10\507.jpg,10
./balancer/uniform/uniform100real\10\508.jpg,10
./balancer/uniform/uniform100real\10\509.jpg,10
./balancer/uniform/uniform100real\10\522.jpg,10
./balancer/uniform/uniform100real\10\524.jpg,10
./balancer/uniform/uniform100real\10\527.jpg,10
./balancer/uniform/uniform100real\10\528.jpg,10
./balancer/uniform/uniform100real\10\53.JPG,10
./balancer/uniform/uniform100real\10\530.jpg,10
./balancer/uniform/uniform100real\10\532.jpg,10
./balancer/uniform/uniform100real\10\534.jpg,10
./balancer/uniform/uniform100real\10\539.jpg,10
./balancer/uniform/uniform100real\10\540.jpg,10
./balancer/uniform/uniform100real\10\542.jpg,10
./balancer/uniform/uniform100real\10\543.jpg,10
./balancer/uniform/uniform100real\10\544.jpg,10
./balancer/uniform/uniform100real\10\55.jpg,10
./balancer/uniform/uniform100real\10\550.jpg,10
./balancer/uniform/uniform100real\10\551.jpg,10
./balancer/uniform/uniform100real\10\553.jpg,10
./balancer/uniform/uniform100real\10\564.jpg,10
./balancer/uniform/uniform100real\10\569.jpg,10
./balancer/uniform/uniform100real\10\57.jpg,10
./balancer/uniform/uniform100real\10\571.jpg,10
./balancer/uniform/uniform100real\10\574.jpg,10
./balancer/uniform/uniform100real\10\577.jpg,10
./balancer/uniform/uniform100real\10\578.jpg,10
./balancer/uniform/uniform100real\10\59.JPG,10
./balancer/uniform/uniform100real\10\60.jpg,10
./balancer/uniform/uniform100real\10\61.jpg,10
./balancer/uniform/uniform100real\10\66.jpg,10
./balancer/uniform/uniform100real\10\71.jpg,10
./balancer/uniform/uniform100real\10\73.jpg,10
./balancer/uniform/uniform100real\10\75.jpg,10
./balancer/uniform/uniform100real\10\8.JPG,10
./balancer/uniform/uniform100real\10\82.jpg,10
./balancer/uniform/uniform100real\10\84.jpg,10
./balancer/uniform/uniform100real\10\86.jpg,10
./balancer/uniform/uniform100real\10\90.JPG,10
./balancer/uniform/uniform100real\10\95.jpg,10
./balancer/uniform/uniform100real\10\96.jpg,10
./balancer/uniform/uniform100real\10\99.JPG,10
./balancer/uniform/uniform100real\11\1.JPG,11
./balancer/uniform/uniform100real\11\10.jpg,11
./balancer/uniform/uniform100real\11\11.jpg,11
./balancer/uniform/uniform100real\11\114.jpg,11
./balancer/uniform/uniform100real\11\118.JPG,11
./balancer/uniform/uniform100real\11\124.jpg,11
./balancer/uniform/uniform100real\11\126.jpg,11
./balancer/uniform/uniform100real\11\129.jpg,11
./balancer/uniform/uniform100real\11\13.jpg,11
./balancer/uniform/uniform100real\11\130.jpg,11
./balancer/uniform/uniform100real\11\131.jpg,11
./balancer/uniform/uniform100real\11\136.jpg,11
./balancer/uniform/uniform100real\11\137.jpg,11
./balancer/uniform/uniform100real\11\141.jpg,11
./balancer/uniform/uniform100real\11\15.jpg,11
./balancer/uniform/uniform100real\11\162.jpg,11
./balancer/uniform/uniform100real\11\170.jpg,11
./balancer/uniform/uniform100real\11\171.jpg,11
./balancer/uniform/uniform100real\11\172.jpg,11
./balancer/uniform/uniform100real\11\177.jpg,11
./balancer/uniform/uniform100real\11\181.jpg,11
./balancer/uniform/uniform100real\11\19.jpg,11
./balancer/uniform/uniform100real\11\190.jpg,11
./balancer/uniform/uniform100real\11\20.jpg,11
./balancer/uniform/uniform100real\11\200.jpg,11
./balancer/uniform/uniform100real\11\201.jpg,11
./balancer/uniform/uniform100real\11\202.jpg,11
./balancer/uniform/uniform100real\11\206.jpg,11
./balancer/uniform/uniform100real\11\207.jpg,11
./balancer/uniform/uniform100real\11\211.jpg,11
./balancer/uniform/uniform100real\11\212.jpg,11
./balancer/uniform/uniform100real\11\218.jpg,11
./balancer/uniform/uniform100real\11\219.jpg,11
./balancer/uniform/uniform100real\11\226.jpg,11
./balancer/uniform/uniform100real\11\229.jpg,11
./balancer/uniform/uniform100real\11\234.jpg,11
./balancer/uniform/uniform100real\11\238.jpg,11
./balancer/uniform/uniform100real\11\24.jpg,11
./balancer/uniform/uniform100real\11\241.jpg,11
./balancer/uniform/uniform100real\11\242.jpg,11
./balancer/uniform/uniform100real\11\245.jpg,11
./balancer/uniform/uniform100real\11\255.jpg,11
./balancer/uniform/uniform100real\11\26.jpg,11
./balancer/uniform/uniform100real\11\260.jpg,11
./balancer/uniform/uniform100real\11\268.jpg,11
./balancer/uniform/uniform100real\11\270.jpg,11
./balancer/uniform/uniform100real\11\275.jpg,11
./balancer/uniform/uniform100real\11\278.JPG,11
./balancer/uniform/uniform100real\11\279.jpg,11
./balancer/uniform/uniform100real\11\287.JPG,11
./balancer/uniform/uniform100real\11\289.jpg,11
./balancer/uniform/uniform100real\11\290.jpg,11
./balancer/uniform/uniform100real\11\292.jpg,11
./balancer/uniform/uniform100real\11\294.jpg,11
./balancer/uniform/uniform100real\11\295.jpg,11
./balancer/uniform/uniform100real\11\297.jpg,11
./balancer/uniform/uniform100real\11\301.jpg,11
./balancer/uniform/uniform100real\11\306.jpg,11
./balancer/uniform/uniform100real\11\310.jpg,11
./balancer/uniform/uniform100real\11\317.jpg,11
./balancer/uniform/uniform100real\11\321.jpg,11
./balancer/uniform/uniform100real\11\322.jpg,11
./balancer/uniform/uniform100real\11\323.jpg,11
./balancer/uniform/uniform100real\11\33.jpg,11
./balancer/uniform/uniform100real\11\334.jpg,11
./balancer/uniform/uniform100real\11\344.jpg,11
./balancer/uniform/uniform100real\11\352.jpg,11
./balancer/uniform/uniform100real\11\354.jpg,11
./balancer/uniform/uniform100real\11\356.jpg,11
./balancer/uniform/uniform100real\11\359.jpg,11
./balancer/uniform/uniform100real\11\36.jpg,11
./balancer/uniform/uniform100real\11\366.jpg,11
./balancer/uniform/uniform100real\11\369.jpg,11
./balancer/uniform/uniform100real\11\370.jpg,11
./balancer/uniform/uniform100real\11\371.jpg,11
./balancer/uniform/uniform100real\11\372.jpg,11
./balancer/uniform/uniform100real\11\377.jpg,11
./balancer/uniform/uniform100real\11\379.jpg,11
./balancer/uniform/uniform100real\11\38.jpg,11
./balancer/uniform/uniform100real\11\386.jpg,11
./balancer/uniform/uniform100real\11\389.jpg,11
./balancer/uniform/uniform100real\11\390.jpg,11
./balancer/uniform/uniform100real\11\395.jpg,11
./balancer/uniform/uniform100real\11\4.jpg,11
./balancer/uniform/uniform100real\11\40.jpg,11
./balancer/uniform/uniform100real\11\404.jpg,11
./balancer/uniform/uniform100real\11\406.jpg,11
./balancer/uniform/uniform100real\11\421.jpg,11
./balancer/uniform/uniform100real\11\423.jpg,11
./balancer/uniform/uniform100real\11\425.jpg,11
./balancer/uniform/uniform100real\11\427.jpg,11
./balancer/uniform/uniform100real\11\429.jpg,11
./balancer/uniform/uniform100real\11\437.jpg,11
./balancer/uniform/uniform100real\11\44.jpg,11
./balancer/uniform/uniform100real\11\441.jpg,11
./balancer/uniform/uniform100real\11\443.jpg,11
./balancer/uniform/uniform100real\11\447.jpg,11
./balancer/uniform/uniform100real\11\45.jpg,11
./balancer/uniform/uniform100real\11\450.JPG,11
./balancer/uniform/uniform100real\11\452.jpg,11
./balancer/uniform/uniform100real\11\453.jpg,11
./balancer/uniform/uniform100real\11\46.JPG,11
./balancer/uniform/uniform100real\11\460.jpg,11
./balancer/uniform/uniform100real\11\462.jpg,11
./balancer/uniform/uniform100real\11\473.jpg,11
./balancer/uniform/uniform100real\11\485.jpg,11
./balancer/uniform/uniform100real\11\486.jpg,11
./balancer/uniform/uniform100real\11\491.jpg,11
./balancer/uniform/uniform100real\11\495.jpg,11
./balancer/uniform/uniform100real\11\497.jpg,11
./balancer/uniform/uniform100real\11\498.jpg,11
./balancer/uniform/uniform100real\11\5.jpg,11
./balancer/uniform/uniform100real\11\502.jpg,11
./balancer/uniform/uniform100real\11\51.jpg,11
./balancer/uniform/uniform100real\11\511.jpg,11
./balancer/uniform/uniform100real\11\514.jpg,11
./balancer/uniform/uniform100real\11\52.jpg,11
./balancer/uniform/uniform100real\11\522.jpg,11
./balancer/uniform/uniform100real\11\528.JPG,11
./balancer/uniform/uniform100real\11\533.jpg,11
./balancer/uniform/uniform100real\11\534.JPG,11
./balancer/uniform/uniform100real\11\536.jpg,11
./balancer/uniform/uniform100real\11\544.jpg,11
./balancer/uniform/uniform100real\11\545.jpg,11
./balancer/uniform/uniform100real\11\548.jpg,11
./balancer/uniform/uniform100real\11\556.jpg,11
./balancer/uniform/uniform100real\11\559.jpg,11
./balancer/uniform/uniform100real\11\564.jpg,11
./balancer/uniform/uniform100real\11\565.jpg,11
./balancer/uniform/uniform100real\11\566.jpg,11
./balancer/uniform/uniform100real\11\569.jpg,11
./balancer/uniform/uniform100real\11\570.jpg,11
./balancer/uniform/uniform100real\11\573.jpg,11
./balancer/uniform/uniform100real\11\575.jpg,11
./balancer/uniform/uniform100real\11\577.jpg,11
./balancer/uniform/uniform100real\11\583.jpg,11
./balancer/uniform/uniform100real\11\586.jpg,11
./balancer/uniform/uniform100real\11\588.jpg,11
./balancer/uniform/uniform100real\11\590.jpg,11
./balancer/uniform/uniform100real\11\598.JPG,11
./balancer/uniform/uniform100real\11\604.jpg,11
./balancer/uniform/uniform100real\11\610.jpg,11
./balancer/uniform/uniform100real\11\611.jpg,11
./balancer/uniform/uniform100real\11\619.jpg,11
./balancer/uniform/uniform100real\11\620.jpg,11
./balancer/uniform/uniform100real\11\624.jpg,11
./balancer/uniform/uniform100real\11\629.jpg,11
./balancer/uniform/uniform100real\11\630.jpg,11
./balancer/uniform/uniform100real\11\631.jpg,11
./balancer/uniform/uniform100real\11\634.jpg,11
./balancer/uniform/uniform100real\11\638.jpg,11
./balancer/uniform/uniform100real\11\646.jpg,11
./balancer/uniform/uniform100real\11\649.jpg,11
./balancer/uniform/uniform100real\11\652.jpg,11
./balancer/uniform/uniform100real\11\66.jpg,11
./balancer/uniform/uniform100real\11\673.jpg,11
./balancer/uniform/uniform100real\11\675.jpg,11
./balancer/uniform/uniform100real\11\678.jpg,11
./balancer/uniform/uniform100real\11\686.jpg,11
./balancer/uniform/uniform100real\11\688.jpg,11
./balancer/uniform/uniform100real\11\689.jpg,11
./balancer/uniform/uniform100real\11\699.jpg,11
./balancer/uniform/uniform100real\11\70.jpg,11
./balancer/uniform/uniform100real\11\702.jpg,11
./balancer/uniform/uniform100real\11\706.jpg,11
./balancer/uniform/uniform100real\11\709.jpg,11
./balancer/uniform/uniform100real\11\711.JPG,11
./balancer/uniform/uniform100real\11\717.jpg,11
./balancer/uniform/uniform100real\11\72.jpg,11
./balancer/uniform/uniform100real\11\729.jpg,11
./balancer/uniform/uniform100real\11\73.JPG,11
./balancer/uniform/uniform100real\11\744.jpg,11
./balancer/uniform/uniform100real\11\749.jpg,11
./balancer/uniform/uniform100real\11\751.jpg,11
./balancer/uniform/uniform100real\11\754.jpg,11
./balancer/uniform/uniform100real\11\761.jpg,11
./balancer/uniform/uniform100real\11\770.jpg,11
./balancer/uniform/uniform100real\11\773.jpg,11
./balancer/uniform/uniform100real\11\774.jpg,11
./balancer/uniform/uniform100real\11\779.jpg,11
./balancer/uniform/uniform100real\11\781.jpg,11
./balancer/uniform/uniform100real\11\782.jpg,11
./balancer/uniform/uniform100real\11\786.JPG,11
./balancer/uniform/uniform100real\11\79.jpg,11
./balancer/uniform/uniform100real\11\790.jpg,11
./balancer/uniform/uniform100real\11\800.jpg,11
./balancer/uniform/uniform100real\11\803.jpg,11
./balancer/uniform/uniform100real\11\805.jpg,11
./balancer/uniform/uniform100real\11\808.jpg,11
./balancer/uniform/uniform100real\11\81.jpg,11
./balancer/uniform/uniform100real\11\814.jpg,11
./balancer/uniform/uniform100real\11\816.jpg,11
./balancer/uniform/uniform100real\11\817.jpg,11
./balancer/uniform/uniform100real\11\822.jpg,11
./balancer/uniform/uniform100real\11\839.jpg,11
./balancer/uniform/uniform100real\11\840.JPG,11
./balancer/uniform/uniform100real\11\843.jpg,11
./balancer/uniform/uniform100real\11\86.jpg,11
./balancer/uniform/uniform100real\11\87.jpg,11
./balancer/uniform/uniform100real\11\88.jpg,11
./balancer/uniform/uniform100real\11\89.jpg,11
./balancer/uniform/uniform100real\11\90.jpg,11
./balancer/uniform/uniform100real\11\93.jpg,11
./balancer/uniform/uniform100real\12\10.jpg,12
./balancer/uniform/uniform100real\12\105.jpg,12
./balancer/uniform/uniform100real\12\107.jpg,12
./balancer/uniform/uniform100real\12\108.jpg,12
./balancer/uniform/uniform100real\12\109.jpg,12
./balancer/uniform/uniform100real\12\116.jpg,12
./balancer/uniform/uniform100real\12\119.jpg,12
./balancer/uniform/uniform100real\12\121.jpg,12
./balancer/uniform/uniform100real\12\123.jpg,12
./balancer/uniform/uniform100real\12\132.jpg,12
./balancer/uniform/uniform100real\12\134.jpg,12
./balancer/uniform/uniform100real\12\14.jpg,12
./balancer/uniform/uniform100real\12\144.jpg,12
./balancer/uniform/uniform100real\12\145.jpg,12
./balancer/uniform/uniform100real\12\149.jpg,12
./balancer/uniform/uniform100real\12\155.jpg,12
./balancer/uniform/uniform100real\12\157.jpg,12
./balancer/uniform/uniform100real\12\166.jpg,12
./balancer/uniform/uniform100real\12\174.jpg,12
./balancer/uniform/uniform100real\12\177.jpg,12
./balancer/uniform/uniform100real\12\180.jpg,12
./balancer/uniform/uniform100real\12\181.jpg,12
./balancer/uniform/uniform100real\12\185.jpg,12
./balancer/uniform/uniform100real\12\187.jpg,12
./balancer/uniform/uniform100real\12\189.jpg,12
./balancer/uniform/uniform100real\12\197.jpg,12
./balancer/uniform/uniform100real\12\199.jpg,12
./balancer/uniform/uniform100real\12\20.jpg,12
./balancer/uniform/uniform100real\12\200.jpg,12
./balancer/uniform/uniform100real\12\205.jpg,12
./balancer/uniform/uniform100real\12\212.jpg,12
./balancer/uniform/uniform100real\12\214.jpg,12
./balancer/uniform/uniform100real\12\220.jpg,12
./balancer/uniform/uniform100real\12\222.jpg,12
./balancer/uniform/uniform100real\12\225.jpg,12
./balancer/uniform/uniform100real\12\226.jpg,12
./balancer/uniform/uniform100real\12\23.jpg,12
./balancer/uniform/uniform100real\12\230.jpg,12
./balancer/uniform/uniform100real\12\236.jpg,12
./balancer/uniform/uniform100real\12\24.jpg,12
./balancer/uniform/uniform100real\12\249.jpg,12
./balancer/uniform/uniform100real\12\253.jpg,12
./balancer/uniform/uniform100real\12\259.jpg,12
./balancer/uniform/uniform100real\12\273.jpg,12
./balancer/uniform/uniform100real\12\280.jpg,12
./balancer/uniform/uniform100real\12\282.jpg,12
./balancer/uniform/uniform100real\12\299.jpg,12
./balancer/uniform/uniform100real\12\300.jpg,12
./balancer/uniform/uniform100real\12\302.jpg,12
./balancer/uniform/uniform100real\12\306.jpg,12
./balancer/uniform/uniform100real\12\307.jpg,12
./balancer/uniform/uniform100real\12\311.jpg,12
./balancer/uniform/uniform100real\12\313.jpg,12
./balancer/uniform/uniform100real\12\318.jpg,12
./balancer/uniform/uniform100real\12\321.jpg,12
./balancer/uniform/uniform100real\12\323.jpg,12
./balancer/uniform/uniform100real\12\326.jpg,12
./balancer/uniform/uniform100real\12\329.jpg,12
./balancer/uniform/uniform100real\12\338.jpg,12
./balancer/uniform/uniform100real\12\343.jpg,12
./balancer/uniform/uniform100real\12\345.jpg,12
./balancer/uniform/uniform100real\12\354.jpg,12
./balancer/uniform/uniform100real\12\357.jpg,12
./balancer/uniform/uniform100real\12\36.jpg,12
./balancer/uniform/uniform100real\12\361.jpg,12
./balancer/uniform/uniform100real\12\362.jpg,12
./balancer/uniform/uniform100real\12\368.jpg,12
./balancer/uniform/uniform100real\12\370.jpg,12
./balancer/uniform/uniform100real\12\378.jpg,12
./balancer/uniform/uniform100real\12\38.jpg,12
./balancer/uniform/uniform100real\12\380.jpg,12
./balancer/uniform/uniform100real\12\381.jpg,12
./balancer/uniform/uniform100real\12\384.jpg,12
./balancer/uniform/uniform100real\12\387.jpg,12
./balancer/uniform/uniform100real\12\394.jpg,12
./balancer/uniform/uniform100real\12\395.jpg,12
./balancer/uniform/uniform100real\12\399.jpg,12
./balancer/uniform/uniform100real\12\4.jpg,12
./balancer/uniform/uniform100real\12\40.jpg,12
./balancer/uniform/uniform100real\12\401.jpg,12
./balancer/uniform/uniform100real\12\402.jpg,12
./balancer/uniform/uniform100real\12\405.jpg,12
./balancer/uniform/uniform100real\12\412.jpg,12
./balancer/uniform/uniform100real\12\42.jpg,12
./balancer/uniform/uniform100real\12\421.jpg,12
./balancer/uniform/uniform100real\12\433.jpg,12
./balancer/uniform/uniform100real\12\442.jpg,12
./balancer/uniform/uniform100real\12\450.jpg,12
./balancer/uniform/uniform100real\12\452.jpg,12
./balancer/uniform/uniform100real\12\457.jpg,12
./balancer/uniform/uniform100real\12\458.jpg,12
./balancer/uniform/uniform100real\12\459.jpg,12
./balancer/uniform/uniform100real\12\463.jpg,12
./balancer/uniform/uniform100real\12\469.jpg,12
./balancer/uniform/uniform100real\12\47.jpg,12
./balancer/uniform/uniform100real\12\470.jpg,12
./balancer/uniform/uniform100real\12\481.jpg,12
./balancer/uniform/uniform100real\12\490.jpg,12
./balancer/uniform/uniform100real\12\491.jpg,12
./balancer/uniform/uniform100real\12\494.jpg,12
./balancer/uniform/uniform100real\12\496.jpg,12
./balancer/uniform/uniform100real\12\498.jpg,12
./balancer/uniform/uniform100real\12\501.jpg,12
./balancer/uniform/uniform100real\12\503.jpg,12
./balancer/uniform/uniform100real\12\510.JPG,12
./balancer/uniform/uniform100real\12\517.jpg,12
./balancer/uniform/uniform100real\12\521.jpg,12
./balancer/uniform/uniform100real\12\522.jpg,12
./balancer/uniform/uniform100real\12\524.jpg,12
./balancer/uniform/uniform100real\12\525.jpg,12
./balancer/uniform/uniform100real\12\533.JPG,12
./balancer/uniform/uniform100real\12\535.jpg,12
./balancer/uniform/uniform100real\12\54.jpg,12
./balancer/uniform/uniform100real\12\541.jpg,12
./balancer/uniform/uniform100real\12\548.jpg,12
./balancer/uniform/uniform100real\12\549.jpg,12
./balancer/uniform/uniform100real\12\553.jpg,12
./balancer/uniform/uniform100real\12\566.jpg,12
./balancer/uniform/uniform100real\12\568.jpg,12
./balancer/uniform/uniform100real\12\570.jpg,12
./balancer/uniform/uniform100real\12\574.jpg,12
./balancer/uniform/uniform100real\12\576.jpg,12
./balancer/uniform/uniform100real\12\577.jpg,12
./balancer/uniform/uniform100real\12\579.jpg,12
./balancer/uniform/uniform100real\12\580.jpg,12
./balancer/uniform/uniform100real\12\582.jpg,12
./balancer/uniform/uniform100real\12\583.jpg,12
./balancer/uniform/uniform100real\12\587.jpg,12
./balancer/uniform/uniform100real\12\589.jpg,12
./balancer/uniform/uniform100real\12\590.jpg,12
./balancer/uniform/uniform100real\12\592.jpg,12
./balancer/uniform/uniform100real\12\595.jpg,12
./balancer/uniform/uniform100real\12\6.JPG,12
./balancer/uniform/uniform100real\12\60.jpg,12
./balancer/uniform/uniform100real\12\600.jpg,12
./balancer/uniform/uniform100real\12\601.jpg,12
./balancer/uniform/uniform100real\12\606.jpg,12
./balancer/uniform/uniform100real\12\615.jpg,12
./balancer/uniform/uniform100real\12\619.jpg,12
./balancer/uniform/uniform100real\12\620.jpg,12
./balancer/uniform/uniform100real\12\622.jpg,12
./balancer/uniform/uniform100real\12\624.jpg,12
./balancer/uniform/uniform100real\12\628.jpg,12
./balancer/uniform/uniform100real\12\63.jpg,12
./balancer/uniform/uniform100real\12\631.jpg,12
./balancer/uniform/uniform100real\12\635.jpg,12
./balancer/uniform/uniform100real\12\643.jpg,12
./balancer/uniform/uniform100real\12\645.JPG,12
./balancer/uniform/uniform100real\12\648.jpg,12
./balancer/uniform/uniform100real\12\653.jpg,12
./balancer/uniform/uniform100real\12\66.jpg,12
./balancer/uniform/uniform100real\12\660.JPG,12
./balancer/uniform/uniform100real\12\663.jpg,12
./balancer/uniform/uniform100real\12\667.jpg,12
./balancer/uniform/uniform100real\12\672.jpg,12
./balancer/uniform/uniform100real\12\691.jpg,12
./balancer/uniform/uniform100real\12\693.jpg,12
./balancer/uniform/uniform100real\12\7.jpg,12
./balancer/uniform/uniform100real\12\710.jpg,12
./balancer/uniform/uniform100real\12\714.jpg,12
./balancer/uniform/uniform100real\12\719.jpg,12
./balancer/uniform/uniform100real\12\72.jpg,12
./balancer/uniform/uniform100real\12\721.JPG,12
./balancer/uniform/uniform100real\12\724.jpg,12
./balancer/uniform/uniform100real\12\726.jpg,12
./balancer/uniform/uniform100real\12\731.jpg,12
./balancer/uniform/uniform100real\12\734.jpg,12
./balancer/uniform/uniform100real\12\736.jpg,12
./balancer/uniform/uniform100real\12\737.jpg,12
./balancer/uniform/uniform100real\12\74.jpg,12
./balancer/uniform/uniform100real\12\740.jpg,12
./balancer/uniform/uniform100real\12\741.jpg,12
./balancer/uniform/uniform100real\12\75.jpg,12
./balancer/uniform/uniform100real\12\750.jpg,12
./balancer/uniform/uniform100real\12\755.jpg,12
./balancer/uniform/uniform100real\12\759.jpg,12
./balancer/uniform/uniform100real\12\769.jpg,12
./balancer/uniform/uniform100real\12\774.jpg,12
./balancer/uniform/uniform100real\12\780.jpg,12
./balancer/uniform/uniform100real\12\785.jpg,12
./balancer/uniform/uniform100real\12\788.jpg,12
./balancer/uniform/uniform100real\12\789.jpg,12
./balancer/uniform/uniform100real\12\791.jpg,12
./balancer/uniform/uniform100real\12\797.jpg,12
./balancer/uniform/uniform100real\12\806.jpg,12
./balancer/uniform/uniform100real\12\809.jpg,12
./balancer/uniform/uniform100real\12\814.jpg,12
./balancer/uniform/uniform100real\12\823.jpg,12
./balancer/uniform/uniform100real\12\834.jpg,12
./balancer/uniform/uniform100real\12\841.jpg,12
./balancer/uniform/uniform100real\12\844.jpg,12
./balancer/uniform/uniform100real\12\847.jpg,12
./balancer/uniform/uniform100real\12\849.jpg,12
./balancer/uniform/uniform100real\12\853.jpg,12
./balancer/uniform/uniform100real\12\854.jpg,12
./balancer/uniform/uniform100real\12\855.jpg,12
./balancer/uniform/uniform100real\12\86.jpg,12
./balancer/uniform/uniform100real\12\861.jpg,12
./balancer/uniform/uniform100real\12\866.jpg,12
./balancer/uniform/uniform100real\12\87.jpg,12
./balancer/uniform/uniform100real\12\9.jpg,12
./balancer/uniform/uniform100real\12\90.jpg,12
./balancer/uniform/uniform100real\12\97.jpg,12
./balancer/uniform/uniform100real\13\0.jpg,13
./balancer/uniform/uniform100real\13\1.jpg,13
./balancer/uniform/uniform100real\13\100.jpg,13
./balancer/uniform/uniform100real\13\103.jpg,13
./balancer/uniform/uniform100real\13\11.jpg,13
./balancer/uniform/uniform100real\13\127.jpg,13
./balancer/uniform/uniform100real\13\129.jpg,13
./balancer/uniform/uniform100real\13\134.jpg,13
./balancer/uniform/uniform100real\13\136.jpg,13
./balancer/uniform/uniform100real\13\141.jpg,13
./balancer/uniform/uniform100real\13\145.jpg,13
./balancer/uniform/uniform100real\13\147.jpg,13
./balancer/uniform/uniform100real\13\15.jpg,13
./balancer/uniform/uniform100real\13\150.jpg,13
./balancer/uniform/uniform100real\13\155.jpg,13
./balancer/uniform/uniform100real\13\16.jpg,13
./balancer/uniform/uniform100real\13\165.jpg,13
./balancer/uniform/uniform100real\13\166.jpg,13
./balancer/uniform/uniform100real\13\168.jpg,13
./balancer/uniform/uniform100real\13\171.jpg,13
./balancer/uniform/uniform100real\13\172.jpg,13
./balancer/uniform/uniform100real\13\176.jpg,13
./balancer/uniform/uniform100real\13\179.JPG,13
./balancer/uniform/uniform100real\13\182.jpg,13
./balancer/uniform/uniform100real\13\186.jpg,13
./balancer/uniform/uniform100real\13\192.jpg,13
./balancer/uniform/uniform100real\13\193.jpg,13
./balancer/uniform/uniform100real\13\195.jpg,13
./balancer/uniform/uniform100real\13\198.jpg,13
./balancer/uniform/uniform100real\13\202.jpg,13
./balancer/uniform/uniform100real\13\203.jpg,13
./balancer/uniform/uniform100real\13\219.jpg,13
./balancer/uniform/uniform100real\13\220.jpg,13
./balancer/uniform/uniform100real\13\224.jpg,13
./balancer/uniform/uniform100real\13\226.jpg,13
./balancer/uniform/uniform100real\13\234.jpg,13
./balancer/uniform/uniform100real\13\236.jpg,13
./balancer/uniform/uniform100real\13\238.jpg,13
./balancer/uniform/uniform100real\13\241.jpg,13
./balancer/uniform/uniform100real\13\244.jpg,13
./balancer/uniform/uniform100real\13\246.jpg,13
./balancer/uniform/uniform100real\13\248.JPG,13
./balancer/uniform/uniform100real\13\250.jpg,13
./balancer/uniform/uniform100real\13\252.jpg,13
./balancer/uniform/uniform100real\13\254.jpg,13
./balancer/uniform/uniform100real\13\257.jpg,13
./balancer/uniform/uniform100real\13\26.jpg,13
./balancer/uniform/uniform100real\13\27.jpg,13
./balancer/uniform/uniform100real\13\272.jpg,13
./balancer/uniform/uniform100real\13\278.jpg,13
./balancer/uniform/uniform100real\13\29.jpg,13
./balancer/uniform/uniform100real\13\293.jpg,13
./balancer/uniform/uniform100real\13\294.JPG,13
./balancer/uniform/uniform100real\13\295.jpg,13
./balancer/uniform/uniform100real\13\299.jpg,13
./balancer/uniform/uniform100real\13\303.jpg,13
./balancer/uniform/uniform100real\13\31.jpg,13
./balancer/uniform/uniform100real\13\313.jpg,13
./balancer/uniform/uniform100real\13\319.jpg,13
./balancer/uniform/uniform100real\13\325.jpg,13
./balancer/uniform/uniform100real\13\326.jpg,13
./balancer/uniform/uniform100real\13\327.jpg,13
./balancer/uniform/uniform100real\13\334.jpg,13
./balancer/uniform/uniform100real\13\335.jpg,13
./balancer/uniform/uniform100real\13\336.jpg,13
./balancer/uniform/uniform100real\13\338.jpg,13
./balancer/uniform/uniform100real\13\341.jpg,13
./balancer/uniform/uniform100real\13\343.jpg,13
./balancer/uniform/uniform100real\13\344.jpg,13
./balancer/uniform/uniform100real\13\349.jpg,13
./balancer/uniform/uniform100real\13\355.jpg,13
./balancer/uniform/uniform100real\13\358.jpg,13
./balancer/uniform/uniform100real\13\359.jpg,13
./balancer/uniform/uniform100real\13\36.jpg,13
./balancer/uniform/uniform100real\13\360.JPG,13
./balancer/uniform/uniform100real\13\362.jpg,13
./balancer/uniform/uniform100real\13\365.jpg,13
./balancer/uniform/uniform100real\13\367.jpg,13
./balancer/uniform/uniform100real\13\375.jpg,13
./balancer/uniform/uniform100real\13\378.jpg,13
./balancer/uniform/uniform100real\13\379.jpg,13
./balancer/uniform/uniform100real\13\38.jpg,13
./balancer/uniform/uniform100real\13\381.jpg,13
./balancer/uniform/uniform100real\13\386.jpg,13
./balancer/uniform/uniform100real\13\387.jpg,13
./balancer/uniform/uniform100real\13\388.jpg,13
./balancer/uniform/uniform100real\13\389.jpg,13
./balancer/uniform/uniform100real\13\390.jpg,13
./balancer/uniform/uniform100real\13\399.jpg,13
./balancer/uniform/uniform100real\13\40.jpg,13
./balancer/uniform/uniform100real\13\403.jpg,13
./balancer/uniform/uniform100real\13\414.jpg,13
./balancer/uniform/uniform100real\13\415.jpg,13
./balancer/uniform/uniform100real\13\417.jpg,13
./balancer/uniform/uniform100real\13\418.jpg,13
./balancer/uniform/uniform100real\13\423.jpg,13
./balancer/uniform/uniform100real\13\43.jpg,13
./balancer/uniform/uniform100real\13\432.jpg,13
./balancer/uniform/uniform100real\13\435.jpg,13
./balancer/uniform/uniform100real\13\439.jpg,13
./balancer/uniform/uniform100real\13\44.jpg,13
./balancer/uniform/uniform100real\13\442.jpg,13
./balancer/uniform/uniform100real\13\444.jpg,13
./balancer/uniform/uniform100real\13\445.jpg,13
./balancer/uniform/uniform100real\13\446.jpg,13
./balancer/uniform/uniform100real\13\448.jpg,13
./balancer/uniform/uniform100real\13\449.jpg,13
./balancer/uniform/uniform100real\13\451.jpg,13
./balancer/uniform/uniform100real\13\454.jpg,13
./balancer/uniform/uniform100real\13\455.jpg,13
./balancer/uniform/uniform100real\13\457.jpg,13
./balancer/uniform/uniform100real\13\462.jpg,13
./balancer/uniform/uniform100real\13\463.jpg,13
./balancer/uniform/uniform100real\13\468.jpg,13
./balancer/uniform/uniform100real\13\470.jpg,13
./balancer/uniform/uniform100real\13\473.jpg,13
./balancer/uniform/uniform100real\13\474.jpg,13
./balancer/uniform/uniform100real\13\475.jpg,13
./balancer/uniform/uniform100real\13\478.jpg,13
./balancer/uniform/uniform100real\13\480.jpg,13
./balancer/uniform/uniform100real\13\495.jpg,13
./balancer/uniform/uniform100real\13\498.jpg,13
./balancer/uniform/uniform100real\13\499.jpg,13
./balancer/uniform/uniform100real\13\5.jpg,13
./balancer/uniform/uniform100real\13\507.jpg,13
./balancer/uniform/uniform100real\13\511.jpg,13
./balancer/uniform/uniform100real\13\514.jpg,13
./balancer/uniform/uniform100real\13\518.jpg,13
./balancer/uniform/uniform100real\13\519.jpg,13
./balancer/uniform/uniform100real\13\52.jpg,13
./balancer/uniform/uniform100real\13\521.jpg,13
./balancer/uniform/uniform100real\13\526.jpg,13
./balancer/uniform/uniform100real\13\529.jpg,13
./balancer/uniform/uniform100real\13\53.JPG,13
./balancer/uniform/uniform100real\13\531.jpg,13
./balancer/uniform/uniform100real\13\537.jpg,13
./balancer/uniform/uniform100real\13\538.jpg,13
./balancer/uniform/uniform100real\13\548.jpg,13
./balancer/uniform/uniform100real\13\550.jpg,13
./balancer/uniform/uniform100real\13\553.jpg,13
./balancer/uniform/uniform100real\13\554.jpg,13
./balancer/uniform/uniform100real\13\555.jpg,13
./balancer/uniform/uniform100real\13\56.jpg,13
./balancer/uniform/uniform100real\13\560.jpg,13
./balancer/uniform/uniform100real\13\561.jpg,13
./balancer/uniform/uniform100real\13\564.jpg,13
./balancer/uniform/uniform100real\13\567.jpg,13
./balancer/uniform/uniform100real\13\57.jpg,13
./balancer/uniform/uniform100real\13\572.jpg,13
./balancer/uniform/uniform100real\13\577.jpg,13
./balancer/uniform/uniform100real\13\586.jpg,13
./balancer/uniform/uniform100real\13\590.jpg,13
./balancer/uniform/uniform100real\13\593.jpg,13
./balancer/uniform/uniform100real\13\595.jpg,13
./balancer/uniform/uniform100real\13\6.jpg,13
./balancer/uniform/uniform100real\13\601.jpg,13
./balancer/uniform/uniform100real\13\603.jpg,13
./balancer/uniform/uniform100real\13\604.jpg,13
./balancer/uniform/uniform100real\13\605.jpg,13
./balancer/uniform/uniform100real\13\606.jpg,13
./balancer/uniform/uniform100real\13\609.jpg,13
./balancer/uniform/uniform100real\13\61.jpg,13
./balancer/uniform/uniform100real\13\613.jpg,13
./balancer/uniform/uniform100real\13\615.jpg,13
./balancer/uniform/uniform100real\13\620.jpg,13
./balancer/uniform/uniform100real\13\622.jpg,13
./balancer/uniform/uniform100real\13\63.jpg,13
./balancer/uniform/uniform100real\13\630.jpg,13
./balancer/uniform/uniform100real\13\632.jpg,13
./balancer/uniform/uniform100real\13\637.JPG,13
./balancer/uniform/uniform100real\13\641.jpg,13
./balancer/uniform/uniform100real\13\642.jpg,13
./balancer/uniform/uniform100real\13\643.jpg,13
./balancer/uniform/uniform100real\13\650.jpg,13
./balancer/uniform/uniform100real\13\654.jpg,13
./balancer/uniform/uniform100real\13\661.jpg,13
./balancer/uniform/uniform100real\13\662.jpg,13
./balancer/uniform/uniform100real\13\663.jpg,13
./balancer/uniform/uniform100real\13\665.jpg,13
./balancer/uniform/uniform100real\13\666.jpg,13
./balancer/uniform/uniform100real\13\672.jpg,13
./balancer/uniform/uniform100real\13\674.jpg,13
./balancer/uniform/uniform100real\13\675.jpg,13
./balancer/uniform/uniform100real\13\679.jpg,13
./balancer/uniform/uniform100real\13\68.jpg,13
./balancer/uniform/uniform100real\13\680.jpg,13
./balancer/uniform/uniform100real\13\685.jpg,13
./balancer/uniform/uniform100real\13\696.JPG,13
./balancer/uniform/uniform100real\13\698.jpg,13
./balancer/uniform/uniform100real\13\70.jpg,13
./balancer/uniform/uniform100real\13\701.jpg,13
./balancer/uniform/uniform100real\13\706.jpg,13
./balancer/uniform/uniform100real\13\71.jpg,13
./balancer/uniform/uniform100real\13\710.jpg,13
./balancer/uniform/uniform100real\13\72.jpg,13
./balancer/uniform/uniform100real\13\8.jpg,13
./balancer/uniform/uniform100real\13\83.jpg,13
./balancer/uniform/uniform100real\13\87.jpg,13
./balancer/uniform/uniform100real\13\90.jpg,13
./balancer/uniform/uniform100real\13\94.jpg,13
./balancer/uniform/uniform100real\13\96.jpg,13
./balancer/uniform/uniform100real\13\97.jpg,13
./balancer/uniform/uniform100real\13\99.jpg,13
./balancer/uniform/uniform100real\14\1006.jpg,14
./balancer/uniform/uniform100real\14\1010.jpg,14
./balancer/uniform/uniform100real\14\1012.jpg,14
./balancer/uniform/uniform100real\14\1042.jpg,14
./balancer/uniform/uniform100real\14\105.jpg,14
./balancer/uniform/uniform100real\14\1052.jpg,14
./balancer/uniform/uniform100real\14\1057.jpg,14
./balancer/uniform/uniform100real\14\106.jpg,14
./balancer/uniform/uniform100real\14\1072.jpg,14
./balancer/uniform/uniform100real\14\108.jpg,14
./balancer/uniform/uniform100real\14\1083.jpg,14
./balancer/uniform/uniform100real\14\1087.jpg,14
./balancer/uniform/uniform100real\14\109.jpg,14
./balancer/uniform/uniform100real\14\1098.jpg,14
./balancer/uniform/uniform100real\14\1107.jpg,14
./balancer/uniform/uniform100real\14\1112.jpg,14
./balancer/uniform/uniform100real\14\1113.jpg,14
./balancer/uniform/uniform100real\14\1120.jpg,14
./balancer/uniform/uniform100real\14\1133.jpg,14
./balancer/uniform/uniform100real\14\1136.jpg,14
./balancer/uniform/uniform100real\14\1140.jpg,14
./balancer/uniform/uniform100real\14\1142.jpg,14
./balancer/uniform/uniform100real\14\1155.jpg,14
./balancer/uniform/uniform100real\14\116.jpg,14
./balancer/uniform/uniform100real\14\1164.jpg,14
./balancer/uniform/uniform100real\14\1165.jpg,14
./balancer/uniform/uniform100real\14\1180.jpg,14
./balancer/uniform/uniform100real\14\1187.jpg,14
./balancer/uniform/uniform100real\14\119.jpg,14
./balancer/uniform/uniform100real\14\1195.jpg,14
./balancer/uniform/uniform100real\14\1205.jpg,14
./balancer/uniform/uniform100real\14\121.jpg,14
./balancer/uniform/uniform100real\14\1212.jpg,14
./balancer/uniform/uniform100real\14\1216.jpg,14
./balancer/uniform/uniform100real\14\1219.jpg,14
./balancer/uniform/uniform100real\14\1223.jpg,14
./balancer/uniform/uniform100real\14\1234.jpg,14
./balancer/uniform/uniform100real\14\1258.jpg,14
./balancer/uniform/uniform100real\14\126.jpg,14
./balancer/uniform/uniform100real\14\1265.jpg,14
./balancer/uniform/uniform100real\14\1284.jpg,14
./balancer/uniform/uniform100real\14\1297.jpg,14
./balancer/uniform/uniform100real\14\13.jpg,14
./balancer/uniform/uniform100real\14\1307.jpg,14
./balancer/uniform/uniform100real\14\1336.jpg,14
./balancer/uniform/uniform100real\14\1339.jpg,14
./balancer/uniform/uniform100real\14\1340.jpg,14
./balancer/uniform/uniform100real\14\1353.jpg,14
./balancer/uniform/uniform100real\14\1372.jpg,14
./balancer/uniform/uniform100real\14\1393.jpg,14
./balancer/uniform/uniform100real\14\1400.jpg,14
./balancer/uniform/uniform100real\14\141.jpg,14
./balancer/uniform/uniform100real\14\1415.jpg,14
./balancer/uniform/uniform100real\14\1434.JPG,14
./balancer/uniform/uniform100real\14\1437.JPG,14
./balancer/uniform/uniform100real\14\1447.jpg,14
./balancer/uniform/uniform100real\14\1454.jpg,14
./balancer/uniform/uniform100real\14\1458.jpg,14
./balancer/uniform/uniform100real\14\146.jpg,14
./balancer/uniform/uniform100real\14\1475.jpg,14
./balancer/uniform/uniform100real\14\1488.jpg,14
./balancer/uniform/uniform100real\14\1490.jpg,14
./balancer/uniform/uniform100real\14\1501.jpg,14
./balancer/uniform/uniform100real\14\1533.jpg,14
./balancer/uniform/uniform100real\14\1539.jpg,14
./balancer/uniform/uniform100real\14\1554.jpg,14
./balancer/uniform/uniform100real\14\156.jpg,14
./balancer/uniform/uniform100real\14\1560.jpg,14
./balancer/uniform/uniform100real\14\1561.jpg,14
./balancer/uniform/uniform100real\14\1563.jpg,14
./balancer/uniform/uniform100real\14\1568.JPG,14
./balancer/uniform/uniform100real\14\1571.jpg,14
./balancer/uniform/uniform100real\14\158.JPG,14
./balancer/uniform/uniform100real\14\160.jpg,14
./balancer/uniform/uniform100real\14\1620.jpg,14
./balancer/uniform/uniform100real\14\1623.jpg,14
./balancer/uniform/uniform100real\14\1626.jpg,14
./balancer/uniform/uniform100real\14\1629.jpg,14
./balancer/uniform/uniform100real\14\163.jpg,14
./balancer/uniform/uniform100real\14\1638.jpg,14
./balancer/uniform/uniform100real\14\1665.jpg,14
./balancer/uniform/uniform100real\14\1669.jpg,14
./balancer/uniform/uniform100real\14\1671.jpg,14
./balancer/uniform/uniform100real\14\1708.jpg,14
./balancer/uniform/uniform100real\14\1717.jpg,14
./balancer/uniform/uniform100real\14\1722.jpg,14
./balancer/uniform/uniform100real\14\1728.jpg,14
./balancer/uniform/uniform100real\14\1729.jpg,14
./balancer/uniform/uniform100real\14\1734.jpg,14
./balancer/uniform/uniform100real\14\1744.jpg,14
./balancer/uniform/uniform100real\14\1767.jpg,14
./balancer/uniform/uniform100real\14\1774.jpg,14
./balancer/uniform/uniform100real\14\1807.jpg,14
./balancer/uniform/uniform100real\14\1820.jpg,14
./balancer/uniform/uniform100real\14\1821.jpg,14
./balancer/uniform/uniform100real\14\1824.jpg,14
./balancer/uniform/uniform100real\14\1829.jpg,14
./balancer/uniform/uniform100real\14\1841.jpg,14
./balancer/uniform/uniform100real\14\1843.jpg,14
./balancer/uniform/uniform100real\14\1846.jpg,14
./balancer/uniform/uniform100real\14\1860.jpg,14
./balancer/uniform/uniform100real\14\1871.jpg,14
./balancer/uniform/uniform100real\14\1873.jpg,14
./balancer/uniform/uniform100real\14\1874.jpg,14
./balancer/uniform/uniform100real\14\1878.jpg,14
./balancer/uniform/uniform100real\14\1887.jpg,14
./balancer/uniform/uniform100real\14\1896.jpg,14
./balancer/uniform/uniform100real\14\1897.jpg,14
./balancer/uniform/uniform100real\14\1898.jpg,14
./balancer/uniform/uniform100real\14\1902.jpg,14
./balancer/uniform/uniform100real\14\194.jpg,14
./balancer/uniform/uniform100real\14\200.jpg,14
./balancer/uniform/uniform100real\14\208.jpg,14
./balancer/uniform/uniform100real\14\221.jpg,14
./balancer/uniform/uniform100real\14\230.jpg,14
./balancer/uniform/uniform100real\14\237.jpg,14
./balancer/uniform/uniform100real\14\256.jpg,14
./balancer/uniform/uniform100real\14\275.jpg,14
./balancer/uniform/uniform100real\14\285.jpg,14
./balancer/uniform/uniform100real\14\301.jpg,14
./balancer/uniform/uniform100real\14\303.jpg,14
./balancer/uniform/uniform100real\14\305.jpg,14
./balancer/uniform/uniform100real\14\315.jpg,14
./balancer/uniform/uniform100real\14\33.jpg,14
./balancer/uniform/uniform100real\14\334.jpg,14
./balancer/uniform/uniform100real\14\339.jpg,14
./balancer/uniform/uniform100real\14\342.jpg,14
./balancer/uniform/uniform100real\14\354.jpg,14
./balancer/uniform/uniform100real\14\357.jpg,14
./balancer/uniform/uniform100real\14\370.jpg,14
./balancer/uniform/uniform100real\14\373.jpg,14
./balancer/uniform/uniform100real\14\381.jpg,14
./balancer/uniform/uniform100real\14\383.jpg,14
./balancer/uniform/uniform100real\14\388.jpg,14
./balancer/uniform/uniform100real\14\402.jpg,14
./balancer/uniform/uniform100real\14\409.jpg,14
./balancer/uniform/uniform100real\14\436.jpg,14
./balancer/uniform/uniform100real\14\437.JPG,14
./balancer/uniform/uniform100real\14\446.jpg,14
./balancer/uniform/uniform100real\14\461.jpg,14
./balancer/uniform/uniform100real\14\470.jpg,14
./balancer/uniform/uniform100real\14\472.jpg,14
./balancer/uniform/uniform100real\14\473.jpg,14
./balancer/uniform/uniform100real\14\481.jpg,14
./balancer/uniform/uniform100real\14\482.jpg,14
./balancer/uniform/uniform100real\14\492.jpg,14
./balancer/uniform/uniform100real\14\502.jpg,14
./balancer/uniform/uniform100real\14\503.jpg,14
./balancer/uniform/uniform100real\14\511.jpg,14
./balancer/uniform/uniform100real\14\513.jpg,14
./balancer/uniform/uniform100real\14\518.jpg,14
./balancer/uniform/uniform100real\14\532.jpg,14
./balancer/uniform/uniform100real\14\535.jpg,14
./balancer/uniform/uniform100real\14\537.jpg,14
./balancer/uniform/uniform100real\14\54.jpg,14
./balancer/uniform/uniform100real\14\541.jpg,14
./balancer/uniform/uniform100real\14\550.jpg,14
./balancer/uniform/uniform100real\14\551.jpg,14
./balancer/uniform/uniform100real\14\563.jpg,14
./balancer/uniform/uniform100real\14\591.jpg,14
./balancer/uniform/uniform100real\14\600.jpg,14
./balancer/uniform/uniform100real\14\605.jpg,14
./balancer/uniform/uniform100real\14\607.jpg,14
./balancer/uniform/uniform100real\14\613.jpg,14
./balancer/uniform/uniform100real\14\615.jpg,14
./balancer/uniform/uniform100real\14\623.jpg,14
./balancer/uniform/uniform100real\14\631.jpg,14
./balancer/uniform/uniform100real\14\688.jpg,14
./balancer/uniform/uniform100real\14\696.JPG,14
./balancer/uniform/uniform100real\14\704.jpg,14
./balancer/uniform/uniform100real\14\724.jpg,14
./balancer/uniform/uniform100real\14\728.jpg,14
./balancer/uniform/uniform100real\14\778.jpg,14
./balancer/uniform/uniform100real\14\779.jpg,14
./balancer/uniform/uniform100real\14\782.jpg,14
./balancer/uniform/uniform100real\14\788.jpg,14
./balancer/uniform/uniform100real\14\799.jpg,14
./balancer/uniform/uniform100real\14\803.jpg,14
./balancer/uniform/uniform100real\14\813.jpg,14
./balancer/uniform/uniform100real\14\83.JPG,14
./balancer/uniform/uniform100real\14\834.jpg,14
./balancer/uniform/uniform100real\14\849.jpg,14
./balancer/uniform/uniform100real\14\861.jpg,14
./balancer/uniform/uniform100real\14\867.jpg,14
./balancer/uniform/uniform100real\14\873.jpg,14
./balancer/uniform/uniform100real\14\874.jpg,14
./balancer/uniform/uniform100real\14\875.jpg,14
./balancer/uniform/uniform100real\14\9.jpg,14
./balancer/uniform/uniform100real\14\901.jpg,14
./balancer/uniform/uniform100real\14\914.jpg,14
./balancer/uniform/uniform100real\14\915.jpg,14
./balancer/uniform/uniform100real\14\916.jpg,14
./balancer/uniform/uniform100real\14\921.jpg,14
./balancer/uniform/uniform100real\14\925.jpg,14
./balancer/uniform/uniform100real\14\927.jpg,14
./balancer/uniform/uniform100real\14\928.jpg,14
./balancer/uniform/uniform100real\14\935.jpg,14
./balancer/uniform/uniform100real\14\940.jpg,14
./balancer/uniform/uniform100real\14\942.jpg,14
./balancer/uniform/uniform100real\14\957.jpg,14
./balancer/uniform/uniform100real\14\962.jpg,14
./balancer/uniform/uniform100real\14\982.jpg,14
./balancer/uniform/uniform100real\14\996.jpg,14
./balancer/uniform/uniform100real\15\10.jpg,15
./balancer/uniform/uniform100real\15\1009.jpg,15
./balancer/uniform/uniform100real\15\1027.jpg,15
./balancer/uniform/uniform100real\15\1062.jpg,15
./balancer/uniform/uniform100real\15\108.jpg,15
./balancer/uniform/uniform100real\15\1086.jpg,15
./balancer/uniform/uniform100real\15\1091.jpg,15
./balancer/uniform/uniform100real\15\1094.jpg,15
./balancer/uniform/uniform100real\15\1095.jpg,15
./balancer/uniform/uniform100real\15\1096.jpg,15
./balancer/uniform/uniform100real\15\1098.jpg,15
./balancer/uniform/uniform100real\15\1101.jpg,15
./balancer/uniform/uniform100real\15\1104.jpg,15
./balancer/uniform/uniform100real\15\1105.jpg,15
./balancer/uniform/uniform100real\15\1107.jpg,15
./balancer/uniform/uniform100real\15\1131.jpg,15
./balancer/uniform/uniform100real\15\1138.jpg,15
./balancer/uniform/uniform100real\15\1140.jpg,15
./balancer/uniform/uniform100real\15\116.jpg,15
./balancer/uniform/uniform100real\15\1160.jpg,15
./balancer/uniform/uniform100real\15\117.jpg,15
./balancer/uniform/uniform100real\15\1171.jpg,15
./balancer/uniform/uniform100real\15\1189.jpg,15
./balancer/uniform/uniform100real\15\1198.jpg,15
./balancer/uniform/uniform100real\15\1208.jpg,15
./balancer/uniform/uniform100real\15\121.jpg,15
./balancer/uniform/uniform100real\15\1212.jpg,15
./balancer/uniform/uniform100real\15\1219.jpg,15
./balancer/uniform/uniform100real\15\1247.jpg,15
./balancer/uniform/uniform100real\15\1257.jpg,15
./balancer/uniform/uniform100real\15\1272.jpg,15
./balancer/uniform/uniform100real\15\1289.jpg,15
./balancer/uniform/uniform100real\15\1311.jpg,15
./balancer/uniform/uniform100real\15\1325.jpg,15
./balancer/uniform/uniform100real\15\1326.jpg,15
./balancer/uniform/uniform100real\15\1337.jpg,15
./balancer/uniform/uniform100real\15\1373.jpg,15
./balancer/uniform/uniform100real\15\1389.jpg,15
./balancer/uniform/uniform100real\15\1394.jpg,15
./balancer/uniform/uniform100real\15\1414.jpg,15
./balancer/uniform/uniform100real\15\1418.jpg,15
./balancer/uniform/uniform100real\15\1420.jpg,15
./balancer/uniform/uniform100real\15\1421.jpg,15
./balancer/uniform/uniform100real\15\1430.JPG,15
./balancer/uniform/uniform100real\15\144.jpg,15
./balancer/uniform/uniform100real\15\1443.jpg,15
./balancer/uniform/uniform100real\15\1446.jpg,15
./balancer/uniform/uniform100real\15\1451.jpg,15
./balancer/uniform/uniform100real\15\1465.jpg,15
./balancer/uniform/uniform100real\15\1467.jpg,15
./balancer/uniform/uniform100real\15\1478.jpg,15
./balancer/uniform/uniform100real\15\1486.jpg,15
./balancer/uniform/uniform100real\15\1489.jpg,15
./balancer/uniform/uniform100real\15\1499.jpg,15
./balancer/uniform/uniform100real\15\1507.jpg,15
./balancer/uniform/uniform100real\15\1514.jpg,15
./balancer/uniform/uniform100real\15\1520.jpg,15
./balancer/uniform/uniform100real\15\1525.jpg,15
./balancer/uniform/uniform100real\15\1528.jpg,15
./balancer/uniform/uniform100real\15\1537.jpg,15
./balancer/uniform/uniform100real\15\1556.jpg,15
./balancer/uniform/uniform100real\15\1590.jpg,15
./balancer/uniform/uniform100real\15\1600.jpg,15
./balancer/uniform/uniform100real\15\1602.jpg,15
./balancer/uniform/uniform100real\15\1634.jpg,15
./balancer/uniform/uniform100real\15\166.jpg,15
./balancer/uniform/uniform100real\15\1677.jpg,15
./balancer/uniform/uniform100real\15\1684.jpg,15
./balancer/uniform/uniform100real\15\1688.jpg,15
./balancer/uniform/uniform100real\15\1692.jpg,15
./balancer/uniform/uniform100real\15\1739.jpg,15
./balancer/uniform/uniform100real\15\1755.jpg,15
./balancer/uniform/uniform100real\15\1766.jpg,15
./balancer/uniform/uniform100real\15\1779.jpg,15
./balancer/uniform/uniform100real\15\178.jpg,15
./balancer/uniform/uniform100real\15\1799.jpg,15
./balancer/uniform/uniform100real\15\1805.jpg,15
./balancer/uniform/uniform100real\15\1821.jpg,15
./balancer/uniform/uniform100real\15\1831.jpg,15
./balancer/uniform/uniform100real\15\1832.jpg,15
./balancer/uniform/uniform100real\15\1839.jpg,15
./balancer/uniform/uniform100real\15\1871.jpg,15
./balancer/uniform/uniform100real\15\1887.jpg,15
./balancer/uniform/uniform100real\15\1910.jpg,15
./balancer/uniform/uniform100real\15\1912.jpg,15
./balancer/uniform/uniform100real\15\1944.jpg,15
./balancer/uniform/uniform100real\15\1948.jpg,15
./balancer/uniform/uniform100real\15\1952.jpg,15
./balancer/uniform/uniform100real\15\1958.jpg,15
./balancer/uniform/uniform100real\15\1964.jpg,15
./balancer/uniform/uniform100real\15\1973.jpg,15
./balancer/uniform/uniform100real\15\1983.jpg,15
./balancer/uniform/uniform100real\15\1986.jpg,15
./balancer/uniform/uniform100real\15\2008.jpg,15
./balancer/uniform/uniform100real\15\2019.jpg,15
./balancer/uniform/uniform100real\15\2029.jpg,15
./balancer/uniform/uniform100real\15\203.jpg,15
./balancer/uniform/uniform100real\15\2048.jpg,15
./balancer/uniform/uniform100real\15\2049.jpg,15
./balancer/uniform/uniform100real\15\2054.jpg,15
./balancer/uniform/uniform100real\15\2061.jpg,15
./balancer/uniform/uniform100real\15\2070.jpg,15
./balancer/uniform/uniform100real\15\208.jpg,15
./balancer/uniform/uniform100real\15\2096.jpg,15
./balancer/uniform/uniform100real\15\2097.jpg,15
./balancer/uniform/uniform100real\15\2129.jpg,15
./balancer/uniform/uniform100real\15\2154.jpg,15
./balancer/uniform/uniform100real\15\2155.jpg,15
./balancer/uniform/uniform100real\15\2163.jpg,15
./balancer/uniform/uniform100real\15\2182.jpg,15
./balancer/uniform/uniform100real\15\2185.jpg,15
./balancer/uniform/uniform100real\15\2209.jpg,15
./balancer/uniform/uniform100real\15\2236.jpg,15
./balancer/uniform/uniform100real\15\2250.jpg,15
./balancer/uniform/uniform100real\15\2257.jpg,15
./balancer/uniform/uniform100real\15\2258.jpg,15
./balancer/uniform/uniform100real\15\2262.jpg,15
./balancer/uniform/uniform100real\15\2267.jpg,15
./balancer/uniform/uniform100real\15\227.jpg,15
./balancer/uniform/uniform100real\15\236.jpg,15
./balancer/uniform/uniform100real\15\238.jpg,15
./balancer/uniform/uniform100real\15\24.jpg,15
./balancer/uniform/uniform100real\15\245.jpg,15
./balancer/uniform/uniform100real\15\247.jpg,15
./balancer/uniform/uniform100real\15\26.jpg,15
./balancer/uniform/uniform100real\15\270.jpg,15
./balancer/uniform/uniform100real\15\292.jpg,15
./balancer/uniform/uniform100real\15\300.jpg,15
./balancer/uniform/uniform100real\15\318.jpg,15
./balancer/uniform/uniform100real\15\327.jpg,15
./balancer/uniform/uniform100real\15\329.jpg,15
./balancer/uniform/uniform100real\15\332.jpg,15
./balancer/uniform/uniform100real\15\342.jpg,15
./balancer/uniform/uniform100real\15\344.jpg,15
./balancer/uniform/uniform100real\15\357.jpg,15
./balancer/uniform/uniform100real\15\364.jpg,15
./balancer/uniform/uniform100real\15\382.jpg,15
./balancer/uniform/uniform100real\15\405.jpg,15
./balancer/uniform/uniform100real\15\409.jpg,15
./balancer/uniform/uniform100real\15\411.jpg,15
./balancer/uniform/uniform100real\15\413.jpg,15
./balancer/uniform/uniform100real\15\416.jpg,15
./balancer/uniform/uniform100real\15\419.jpg,15
./balancer/uniform/uniform100real\15\422.jpg,15
./balancer/uniform/uniform100real\15\445.jpg,15
./balancer/uniform/uniform100real\15\467.jpg,15
./balancer/uniform/uniform100real\15\473.jpg,15
./balancer/uniform/uniform100real\15\479.jpg,15
./balancer/uniform/uniform100real\15\485.jpg,15
./balancer/uniform/uniform100real\15\49.jpg,15
./balancer/uniform/uniform100real\15\490.jpg,15
./balancer/uniform/uniform100real\15\493.jpg,15
./balancer/uniform/uniform100real\15\497.jpg,15
./balancer/uniform/uniform100real\15\506.jpg,15
./balancer/uniform/uniform100real\15\539.jpg,15
./balancer/uniform/uniform100real\15\554.jpg,15
./balancer/uniform/uniform100real\15\561.jpg,15
./balancer/uniform/uniform100real\15\571.jpg,15
./balancer/uniform/uniform100real\15\588.jpg,15
./balancer/uniform/uniform100real\15\596.JPG,15
./balancer/uniform/uniform100real\15\607.jpg,15
./balancer/uniform/uniform100real\15\613.jpg,15
./balancer/uniform/uniform100real\15\623.jpg,15
./balancer/uniform/uniform100real\15\631.jpg,15
./balancer/uniform/uniform100real\15\649.jpg,15
./balancer/uniform/uniform100real\15\665.jpg,15
./balancer/uniform/uniform100real\15\69.jpg,15
./balancer/uniform/uniform100real\15\705.jpg,15
./balancer/uniform/uniform100real\15\709.jpg,15
./balancer/uniform/uniform100real\15\723.jpg,15
./balancer/uniform/uniform100real\15\746.jpg,15
./balancer/uniform/uniform100real\15\752.jpg,15
./balancer/uniform/uniform100real\15\758.jpg,15
./balancer/uniform/uniform100real\15\765.jpg,15
./balancer/uniform/uniform100real\15\768.jpg,15
./balancer/uniform/uniform100real\15\77.jpg,15
./balancer/uniform/uniform100real\15\774.jpg,15
./balancer/uniform/uniform100real\15\775.jpg,15
./balancer/uniform/uniform100real\15\787.jpg,15
./balancer/uniform/uniform100real\15\792.jpg,15
./balancer/uniform/uniform100real\15\801.JPG,15
./balancer/uniform/uniform100real\15\805.jpg,15
./balancer/uniform/uniform100real\15\820.jpg,15
./balancer/uniform/uniform100real\15\821.jpg,15
./balancer/uniform/uniform100real\15\830.jpg,15
./balancer/uniform/uniform100real\15\846.jpg,15
./balancer/uniform/uniform100real\15\854.jpg,15
./balancer/uniform/uniform100real\15\857.jpg,15
./balancer/uniform/uniform100real\15\868.jpg,15
./balancer/uniform/uniform100real\15\876.jpg,15
./balancer/uniform/uniform100real\15\877.jpg,15
./balancer/uniform/uniform100real\15\880.jpg,15
./balancer/uniform/uniform100real\15\885.jpg,15
./balancer/uniform/uniform100real\15\914.jpg,15
./balancer/uniform/uniform100real\15\915.jpg,15
./balancer/uniform/uniform100real\15\929.jpg,15
./balancer/uniform/uniform100real\15\930.jpg,15
./balancer/uniform/uniform100real\15\934.jpg,15
./balancer/uniform/uniform100real\15\982.jpg,15
./balancer/uniform/uniform100real\15\988.jpg,15
./balancer/uniform/uniform100real\15\993.jpg,15
./balancer/uniform/uniform100real\15\996.jpg,15
./balancer/uniform/uniform100real\15\997.jpg,15
./balancer/uniform/uniform100real\16\1011.jpg,16
./balancer/uniform/uniform100real\16\1042.jpg,16
./balancer/uniform/uniform100real\16\1045.JPG,16
./balancer/uniform/uniform100real\16\1067.JPG,16
./balancer/uniform/uniform100real\16\1071.jpg,16
./balancer/uniform/uniform100real\16\1072.jpg,16
./balancer/uniform/uniform100real\16\1104.jpg,16
./balancer/uniform/uniform100real\16\115.JPG,16
./balancer/uniform/uniform100real\16\1181.jpg,16
./balancer/uniform/uniform100real\16\1188.jpg,16
./balancer/uniform/uniform100real\16\1191.jpg,16
./balancer/uniform/uniform100real\16\1209.jpg,16
./balancer/uniform/uniform100real\16\1219.JPG,16
./balancer/uniform/uniform100real\16\1236.jpg,16
./balancer/uniform/uniform100real\16\1240.jpg,16
./balancer/uniform/uniform100real\16\1258.jpg,16
./balancer/uniform/uniform100real\16\1295.jpg,16
./balancer/uniform/uniform100real\16\1315.JPG,16
./balancer/uniform/uniform100real\16\134.jpg,16
./balancer/uniform/uniform100real\16\1413.JPG,16
./balancer/uniform/uniform100real\16\1414.jpg,16
./balancer/uniform/uniform100real\16\1416.jpg,16
./balancer/uniform/uniform100real\16\1430.jpg,16
./balancer/uniform/uniform100real\16\1448.JPG,16
./balancer/uniform/uniform100real\16\1454.jpg,16
./balancer/uniform/uniform100real\16\1459.jpg,16
./balancer/uniform/uniform100real\16\1468.jpg,16
./balancer/uniform/uniform100real\16\1533.jpg,16
./balancer/uniform/uniform100real\16\1561.JPG,16
./balancer/uniform/uniform100real\16\1570.jpg,16
./balancer/uniform/uniform100real\16\1592.jpg,16
./balancer/uniform/uniform100real\16\1599.jpg,16
./balancer/uniform/uniform100real\16\1618.jpg,16
./balancer/uniform/uniform100real\16\1636.JPG,16
./balancer/uniform/uniform100real\16\1658.jpg,16
./balancer/uniform/uniform100real\16\1664.jpg,16
./balancer/uniform/uniform100real\16\1681.JPG,16
./balancer/uniform/uniform100real\16\1690.jpg,16
./balancer/uniform/uniform100real\16\1734.jpg,16
./balancer/uniform/uniform100real\16\1736.JPG,16
./balancer/uniform/uniform100real\16\176.jpg,16
./balancer/uniform/uniform100real\16\1774.jpg,16
./balancer/uniform/uniform100real\16\1778.JPG,16
./balancer/uniform/uniform100real\16\1780.JPG,16
./balancer/uniform/uniform100real\16\182.jpg,16
./balancer/uniform/uniform100real\16\1841.JPG,16
./balancer/uniform/uniform100real\16\1849.jpg,16
./balancer/uniform/uniform100real\16\1852.JPG,16
./balancer/uniform/uniform100real\16\1893.jpg,16
./balancer/uniform/uniform100real\16\19.JPG,16
./balancer/uniform/uniform100real\16\1907.jpg,16
./balancer/uniform/uniform100real\16\1929.jpg,16
./balancer/uniform/uniform100real\16\1954.jpg,16
./balancer/uniform/uniform100real\16\1958.jpg,16
./balancer/uniform/uniform100real\16\197.jpg,16
./balancer/uniform/uniform100real\16\1973.jpg,16
./balancer/uniform/uniform100real\16\2026.jpg,16
./balancer/uniform/uniform100real\16\2047.jpg,16
./balancer/uniform/uniform100real\16\2048.jpg,16
./balancer/uniform/uniform100real\16\2086.jpg,16
./balancer/uniform/uniform100real\16\2087.jpg,16
./balancer/uniform/uniform100real\16\209.jpg,16
./balancer/uniform/uniform100real\16\2110.jpg,16
./balancer/uniform/uniform100real\16\2144.jpg,16
./balancer/uniform/uniform100real\16\2153.JPG,16
./balancer/uniform/uniform100real\16\2156.jpg,16
./balancer/uniform/uniform100real\16\2160.jpg,16
./balancer/uniform/uniform100real\16\2165.JPG,16
./balancer/uniform/uniform100real\16\2174.jpg,16
./balancer/uniform/uniform100real\16\2194.jpg,16
./balancer/uniform/uniform100real\16\226.jpg,16
./balancer/uniform/uniform100real\16\2269.JPG,16
./balancer/uniform/uniform100real\16\2304.jpg,16
./balancer/uniform/uniform100real\16\2307.jpg,16
./balancer/uniform/uniform100real\16\2311.JPG,16
./balancer/uniform/uniform100real\16\2318.jpg,16
./balancer/uniform/uniform100real\16\2322.jpg,16
./balancer/uniform/uniform100real\16\2360.JPG,16
./balancer/uniform/uniform100real\16\2363.JPG,16
./balancer/uniform/uniform100real\16\2422.jpg,16
./balancer/uniform/uniform100real\16\2440.JPG,16
./balancer/uniform/uniform100real\16\2460.jpg,16
./balancer/uniform/uniform100real\16\2481.jpg,16
./balancer/uniform/uniform100real\16\2482.jpg,16
./balancer/uniform/uniform100real\16\2537.jpg,16
./balancer/uniform/uniform100real\16\2563.jpg,16
./balancer/uniform/uniform100real\16\2595.jpg,16
./balancer/uniform/uniform100real\16\2598.jpg,16
./balancer/uniform/uniform100real\16\2600.JPG,16
./balancer/uniform/uniform100real\16\2631.jpg,16
./balancer/uniform/uniform100real\16\2713.jpg,16
./balancer/uniform/uniform100real\16\2716.jpg,16
./balancer/uniform/uniform100real\16\2721.jpg,16
./balancer/uniform/uniform100real\16\2737.jpg,16
./balancer/uniform/uniform100real\16\2766.jpg,16
./balancer/uniform/uniform100real\16\2771.jpg,16
./balancer/uniform/uniform100real\16\2784.jpg,16
./balancer/uniform/uniform100real\16\279.JPG,16
./balancer/uniform/uniform100real\16\2797.jpg,16
./balancer/uniform/uniform100real\16\281.jpg,16
./balancer/uniform/uniform100real\16\2826.jpg,16
./balancer/uniform/uniform100real\16\2887.jpg,16
./balancer/uniform/uniform100real\16\2898.jpg,16
./balancer/uniform/uniform100real\16\2906.jpg,16
./balancer/uniform/uniform100real\16\2922.jpg,16
./balancer/uniform/uniform100real\16\2929.JPG,16
./balancer/uniform/uniform100real\16\293.jpg,16
./balancer/uniform/uniform100real\16\2967.jpg,16
./balancer/uniform/uniform100real\16\30.jpg,16
./balancer/uniform/uniform100real\16\3002.JPG,16
./balancer/uniform/uniform100real\16\3066.JPG,16
./balancer/uniform/uniform100real\16\3115.jpg,16
./balancer/uniform/uniform100real\16\312.jpg,16
./balancer/uniform/uniform100real\16\3172.jpg,16
./balancer/uniform/uniform100real\16\3181.jpg,16
./balancer/uniform/uniform100real\16\3186.jpg,16
./balancer/uniform/uniform100real\16\3187.jpg,16
./balancer/uniform/uniform100real\16\3188.jpg,16
./balancer/uniform/uniform100real\16\3236.jpg,16
./balancer/uniform/uniform100real\16\3246.JPG,16
./balancer/uniform/uniform100real\16\3287.jpg,16
./balancer/uniform/uniform100real\16\3295.jpg,16
./balancer/uniform/uniform100real\16\3317.jpg,16
./balancer/uniform/uniform100real\16\332.JPG,16
./balancer/uniform/uniform100real\16\3322.JPG,16
./balancer/uniform/uniform100real\16\3325.jpg,16
./balancer/uniform/uniform100real\16\3371.jpg,16
./balancer/uniform/uniform100real\16\338.jpg,16
./balancer/uniform/uniform100real\16\3419.JPG,16
./balancer/uniform/uniform100real\16\3431.jpg,16
./balancer/uniform/uniform100real\16\3450.JPG,16
./balancer/uniform/uniform100real\16\3458.jpg,16
./balancer/uniform/uniform100real\16\3503.JPG,16
./balancer/uniform/uniform100real\16\3532.jpg,16
./balancer/uniform/uniform100real\16\3556.jpg,16
./balancer/uniform/uniform100real\16\3564.jpg,16
./balancer/uniform/uniform100real\16\3574.jpg,16
./balancer/uniform/uniform100real\16\3579.jpg,16
./balancer/uniform/uniform100real\16\3585.jpg,16
./balancer/uniform/uniform100real\16\3586.jpg,16
./balancer/uniform/uniform100real\16\3594.JPG,16
./balancer/uniform/uniform100real\16\3625.JPG,16
./balancer/uniform/uniform100real\16\3644.JPG,16
./balancer/uniform/uniform100real\16\366.JPG,16
./balancer/uniform/uniform100real\16\368.JPG,16
./balancer/uniform/uniform100real\16\3682.jpg,16
./balancer/uniform/uniform100real\16\3700.jpg,16
./balancer/uniform/uniform100real\16\3736.jpg,16
./balancer/uniform/uniform100real\16\374.JPG,16
./balancer/uniform/uniform100real\16\3747.jpg,16
./balancer/uniform/uniform100real\16\3766.jpg,16
./balancer/uniform/uniform100real\16\3778.jpg,16
./balancer/uniform/uniform100real\16\378.jpg,16
./balancer/uniform/uniform100real\16\3789.jpg,16
./balancer/uniform/uniform100real\16\3796.jpg,16
./balancer/uniform/uniform100real\16\3803.jpg,16
./balancer/uniform/uniform100real\16\3804.JPG,16
./balancer/uniform/uniform100real\16\3816.jpg,16
./balancer/uniform/uniform100real\16\3830.JPG,16
./balancer/uniform/uniform100real\16\3856.jpg,16
./balancer/uniform/uniform100real\16\3858.jpg,16
./balancer/uniform/uniform100real\16\3873.jpg,16
./balancer/uniform/uniform100real\16\390.jpg,16
./balancer/uniform/uniform100real\16\3939.jpg,16
./balancer/uniform/uniform100real\16\3940.jpg,16
./balancer/uniform/uniform100real\16\3943.JPG,16
./balancer/uniform/uniform100real\16\3969.JPG,16
./balancer/uniform/uniform100real\16\3970.JPG,16
./balancer/uniform/uniform100real\16\3971.JPG,16
./balancer/uniform/uniform100real\16\3980.jpg,16
./balancer/uniform/uniform100real\16\4004.jpg,16
./balancer/uniform/uniform100real\16\4043.JPG,16
./balancer/uniform/uniform100real\16\4077.jpg,16
./balancer/uniform/uniform100real\16\413.jpg,16
./balancer/uniform/uniform100real\16\427.JPG,16
./balancer/uniform/uniform100real\16\458.jpg,16
./balancer/uniform/uniform100real\16\477.JPG,16
./balancer/uniform/uniform100real\16\485.jpg,16
./balancer/uniform/uniform100real\16\495.jpg,16
./balancer/uniform/uniform100real\16\521.jpg,16
./balancer/uniform/uniform100real\16\539.jpg,16
./balancer/uniform/uniform100real\16\549.jpg,16
./balancer/uniform/uniform100real\16\63.jpg,16
./balancer/uniform/uniform100real\16\640.JPG,16
./balancer/uniform/uniform100real\16\661.jpg,16
./balancer/uniform/uniform100real\16\664.jpg,16
./balancer/uniform/uniform100real\16\674.JPG,16
./balancer/uniform/uniform100real\16\675.JPG,16
./balancer/uniform/uniform100real\16\689.jpg,16
./balancer/uniform/uniform100real\16\704.JPG,16
./balancer/uniform/uniform100real\16\721.jpg,16
./balancer/uniform/uniform100real\16\754.jpg,16
./balancer/uniform/uniform100real\16\759.JPG,16
./balancer/uniform/uniform100real\16\794.jpg,16
./balancer/uniform/uniform100real\16\795.jpg,16
./balancer/uniform/uniform100real\16\80.jpg,16
./balancer/uniform/uniform100real\16\82.JPG,16
./balancer/uniform/uniform100real\16\826.jpg,16
./balancer/uniform/uniform100real\16\838.JPG,16
./balancer/uniform/uniform100real\16\909.jpg,16
./balancer/uniform/uniform100real\16\91.jpg,16
./balancer/uniform/uniform100real\16\948.JPG,16
./balancer/uniform/uniform100real\16\959.jpg,16
./balancer/uniform/uniform100real\17\1042.jpg,17
./balancer/uniform/uniform100real\17\1055.JPG,17
./balancer/uniform/uniform100real\17\1060.jpg,17
./balancer/uniform/uniform100real\17\1081.jpg,17
./balancer/uniform/uniform100real\17\1099.JPG,17
./balancer/uniform/uniform100real\17\1102.jpg,17
./balancer/uniform/uniform100real\17\1105.JPG,17
./balancer/uniform/uniform100real\17\1110.JPG,17
./balancer/uniform/uniform100real\17\1157.jpg,17
./balancer/uniform/uniform100real\17\118.jpg,17
./balancer/uniform/uniform100real\17\119.jpg,17
./balancer/uniform/uniform100real\17\1208.jpg,17
./balancer/uniform/uniform100real\17\1228.jpg,17
./balancer/uniform/uniform100real\17\1229.jpg,17
./balancer/uniform/uniform100real\17\1247.jpg,17
./balancer/uniform/uniform100real\17\1256.JPG,17
./balancer/uniform/uniform100real\17\1308.JPG,17
./balancer/uniform/uniform100real\17\138.jpg,17
./balancer/uniform/uniform100real\17\1415.jpg,17
./balancer/uniform/uniform100real\17\1427.jpg,17
./balancer/uniform/uniform100real\17\1452.jpg,17
./balancer/uniform/uniform100real\17\1490.jpg,17
./balancer/uniform/uniform100real\17\1557.JPG,17
./balancer/uniform/uniform100real\17\1662.jpg,17
./balancer/uniform/uniform100real\17\1673.jpg,17
./balancer/uniform/uniform100real\17\1687.jpg,17
./balancer/uniform/uniform100real\17\1701.JPG,17
./balancer/uniform/uniform100real\17\1795.jpg,17
./balancer/uniform/uniform100real\17\1797.jpg,17
./balancer/uniform/uniform100real\17\1801.JPG,17
./balancer/uniform/uniform100real\17\1818.jpg,17
./balancer/uniform/uniform100real\17\1831.JPG,17
./balancer/uniform/uniform100real\17\1846.jpg,17
./balancer/uniform/uniform100real\17\1858.JPG,17
./balancer/uniform/uniform100real\17\187.JPG,17
./balancer/uniform/uniform100real\17\1897.jpg,17
./balancer/uniform/uniform100real\17\1949.jpg,17
./balancer/uniform/uniform100real\17\1976.jpg,17
./balancer/uniform/uniform100real\17\2013.jpg,17
./balancer/uniform/uniform100real\17\202.jpg,17
./balancer/uniform/uniform100real\17\2069.JPG,17
./balancer/uniform/uniform100real\17\2081.JPG,17
./balancer/uniform/uniform100real\17\211.jpg,17
./balancer/uniform/uniform100real\17\2129.jpg,17
./balancer/uniform/uniform100real\17\2153.jpg,17
./balancer/uniform/uniform100real\17\2178.jpg,17
./balancer/uniform/uniform100real\17\229.JPG,17
./balancer/uniform/uniform100real\17\2293.jpg,17
./balancer/uniform/uniform100real\17\2294.jpg,17
./balancer/uniform/uniform100real\17\230.jpg,17
./balancer/uniform/uniform100real\17\2346.jpg,17
./balancer/uniform/uniform100real\17\2360.jpg,17
./balancer/uniform/uniform100real\17\2384.JPG,17
./balancer/uniform/uniform100real\17\2442.jpg,17
./balancer/uniform/uniform100real\17\2446.jpg,17
./balancer/uniform/uniform100real\17\2456.JPG,17
./balancer/uniform/uniform100real\17\2467.jpg,17
./balancer/uniform/uniform100real\17\2475.jpg,17
./balancer/uniform/uniform100real\17\248.JPG,17
./balancer/uniform/uniform100real\17\2536.JPG,17
./balancer/uniform/uniform100real\17\2556.jpg,17
./balancer/uniform/uniform100real\17\2566.jpg,17
./balancer/uniform/uniform100real\17\2588.jpg,17
./balancer/uniform/uniform100real\17\263.jpg,17
./balancer/uniform/uniform100real\17\2631.jpg,17
./balancer/uniform/uniform100real\17\2654.jpg,17
./balancer/uniform/uniform100real\17\2656.jpg,17
./balancer/uniform/uniform100real\17\2700.jpg,17
./balancer/uniform/uniform100real\17\271.JPG,17
./balancer/uniform/uniform100real\17\2745.jpg,17
./balancer/uniform/uniform100real\17\2761.JPG,17
./balancer/uniform/uniform100real\17\2767.JPG,17
./balancer/uniform/uniform100real\17\2785.jpg,17
./balancer/uniform/uniform100real\17\2789.JPG,17
./balancer/uniform/uniform100real\17\2798.jpg,17
./balancer/uniform/uniform100real\17\28.jpg,17
./balancer/uniform/uniform100real\17\2824.JPG,17
./balancer/uniform/uniform100real\17\2835.JPG,17
./balancer/uniform/uniform100real\17\2904.jpg,17
./balancer/uniform/uniform100real\17\2920.jpg,17
./balancer/uniform/uniform100real\17\30.jpg,17
./balancer/uniform/uniform100real\17\3027.JPG,17
./balancer/uniform/uniform100real\17\3062.jpg,17
./balancer/uniform/uniform100real\17\3099.JPG,17
./balancer/uniform/uniform100real\17\3138.jpg,17
./balancer/uniform/uniform100real\17\3144.jpg,17
./balancer/uniform/uniform100real\17\3168.jpg,17
./balancer/uniform/uniform100real\17\3176.jpg,17
./balancer/uniform/uniform100real\17\3205.jpg,17
./balancer/uniform/uniform100real\17\3216.jpg,17
./balancer/uniform/uniform100real\17\3221.JPG,17
./balancer/uniform/uniform100real\17\3241.JPG,17
./balancer/uniform/uniform100real\17\3251.jpg,17
./balancer/uniform/uniform100real\17\3276.jpg,17
./balancer/uniform/uniform100real\17\3280.jpg,17
./balancer/uniform/uniform100real\17\3285.jpg,17
./balancer/uniform/uniform100real\17\3293.JPG,17
./balancer/uniform/uniform100real\17\3307.JPG,17
./balancer/uniform/uniform100real\17\3321.jpg,17
./balancer/uniform/uniform100real\17\3327.jpg,17
./balancer/uniform/uniform100real\17\3353.JPG,17
./balancer/uniform/uniform100real\17\3354.JPG,17
./balancer/uniform/uniform100real\17\3364.jpg,17
./balancer/uniform/uniform100real\17\3371.JPG,17
./balancer/uniform/uniform100real\17\3383.jpg,17
./balancer/uniform/uniform100real\17\3396.jpg,17
./balancer/uniform/uniform100real\17\3434.jpg,17
./balancer/uniform/uniform100real\17\3442.jpg,17
./balancer/uniform/uniform100real\17\3464.jpg,17
./balancer/uniform/uniform100real\17\347.jpg,17
./balancer/uniform/uniform100real\17\3470.JPG,17
./balancer/uniform/uniform100real\17\3481.jpg,17
./balancer/uniform/uniform100real\17\3489.JPG,17
./balancer/uniform/uniform100real\17\3495.jpg,17
./balancer/uniform/uniform100real\17\3534.jpg,17
./balancer/uniform/uniform100real\17\3540.JPG,17
./balancer/uniform/uniform100real\17\3544.jpg,17
./balancer/uniform/uniform100real\17\3555.jpg,17
./balancer/uniform/uniform100real\17\3563.JPG,17
./balancer/uniform/uniform100real\17\3600.JPG,17
./balancer/uniform/uniform100real\17\3615.jpg,17
./balancer/uniform/uniform100real\17\3641.jpg,17
./balancer/uniform/uniform100real\17\3658.jpg,17
./balancer/uniform/uniform100real\17\3678.jpg,17
./balancer/uniform/uniform100real\17\373.jpg,17
./balancer/uniform/uniform100real\17\3747.JPG,17
./balancer/uniform/uniform100real\17\380.jpg,17
./balancer/uniform/uniform100real\17\3823.jpg,17
./balancer/uniform/uniform100real\17\3827.JPG,17
./balancer/uniform/uniform100real\17\3831.jpg,17
./balancer/uniform/uniform100real\17\3859.JPG,17
./balancer/uniform/uniform100real\17\3863.jpg,17
./balancer/uniform/uniform100real\17\3871.jpg,17
./balancer/uniform/uniform100real\17\3883.JPG,17
./balancer/uniform/uniform100real\17\389.JPG,17
./balancer/uniform/uniform100real\17\3890.jpg,17
./balancer/uniform/uniform100real\17\394.jpg,17
./balancer/uniform/uniform100real\17\3974.jpg,17
./balancer/uniform/uniform100real\17\3994.JPG,17
./balancer/uniform/uniform100real\17\4019.JPG,17
./balancer/uniform/uniform100real\17\4032.jpg,17
./balancer/uniform/uniform100real\17\4083.jpg,17
./balancer/uniform/uniform100real\17\4095.JPG,17
./balancer/uniform/uniform100real\17\4097.jpg,17
./balancer/uniform/uniform100real\17\410.JPG,17
./balancer/uniform/uniform100real\17\4124.jpg,17
./balancer/uniform/uniform100real\17\4171.JPG,17
./balancer/uniform/uniform100real\17\4203.jpg,17
./balancer/uniform/uniform100real\17\4248.jpg,17
./balancer/uniform/uniform100real\17\4272.jpg,17
./balancer/uniform/uniform100real\17\4295.jpg,17
./balancer/uniform/uniform100real\17\4307.jpg,17
./balancer/uniform/uniform100real\17\4309.JPG,17
./balancer/uniform/uniform100real\17\432.jpg,17
./balancer/uniform/uniform100real\17\4326.JPG,17
./balancer/uniform/uniform100real\17\4366.jpg,17
./balancer/uniform/uniform100real\17\4400.jpg,17
./balancer/uniform/uniform100real\17\4402.jpg,17
./balancer/uniform/uniform100real\17\4407.JPG,17
./balancer/uniform/uniform100real\17\4411.JPG,17
./balancer/uniform/uniform100real\17\4471.jpg,17
./balancer/uniform/uniform100real\17\4472.JPG,17
./balancer/uniform/uniform100real\17\4505.jpg,17
./balancer/uniform/uniform100real\17\4516.JPG,17
./balancer/uniform/uniform100real\17\4522.jpg,17
./balancer/uniform/uniform100real\17\4523.JPG,17
./balancer/uniform/uniform100real\17\4541.jpg,17
./balancer/uniform/uniform100real\17\4543.JPG,17
./balancer/uniform/uniform100real\17\4548.JPG,17
./balancer/uniform/uniform100real\17\4557.JPG,17
./balancer/uniform/uniform100real\17\4578.jpg,17
./balancer/uniform/uniform100real\17\458.jpg,17
./balancer/uniform/uniform100real\17\4595.JPG,17
./balancer/uniform/uniform100real\17\4603.JPG,17
./balancer/uniform/uniform100real\17\4618.jpg,17
./balancer/uniform/uniform100real\17\4648.jpg,17
./balancer/uniform/uniform100real\17\4679.jpg,17
./balancer/uniform/uniform100real\17\4696.JPG,17
./balancer/uniform/uniform100real\17\4718.jpg,17
./balancer/uniform/uniform100real\17\4741.jpg,17
./balancer/uniform/uniform100real\17\476.jpg,17
./balancer/uniform/uniform100real\17\4819.JPG,17
./balancer/uniform/uniform100real\17\5.JPG,17
./balancer/uniform/uniform100real\17\516.jpg,17
./balancer/uniform/uniform100real\17\540.jpg,17
./balancer/uniform/uniform100real\17\552.JPG,17
./balancer/uniform/uniform100real\17\562.jpg,17
./balancer/uniform/uniform100real\17\624.jpg,17
./balancer/uniform/uniform100real\17\625.jpg,17
./balancer/uniform/uniform100real\17\626.jpg,17
./balancer/uniform/uniform100real\17\641.jpg,17
./balancer/uniform/uniform100real\17\647.JPG,17
./balancer/uniform/uniform100real\17\677.JPG,17
./balancer/uniform/uniform100real\17\68.JPG,17
./balancer/uniform/uniform100real\17\697.JPG,17
./balancer/uniform/uniform100real\17\720.jpg,17
./balancer/uniform/uniform100real\17\772.JPG,17
./balancer/uniform/uniform100real\17\774.JPG,17
./balancer/uniform/uniform100real\17\81.jpg,17
./balancer/uniform/uniform100real\17\841.jpg,17
./balancer/uniform/uniform100real\17\895.JPG,17
./balancer/uniform/uniform100real\17\91.jpg,17
./balancer/uniform/uniform100real\17\945.jpg,17
./balancer/uniform/uniform100real\18\1029.jpg,18
./balancer/uniform/uniform100real\18\1038.jpg,18
./balancer/uniform/uniform100real\18\1098.JPG,18
./balancer/uniform/uniform100real\18\1105.jpg,18
./balancer/uniform/uniform100real\18\1119.jpg,18
./balancer/uniform/uniform100real\18\113.JPG,18
./balancer/uniform/uniform100real\18\1155.jpg,18
./balancer/uniform/uniform100real\18\1163.jpg,18
./balancer/uniform/uniform100real\18\1205.JPG,18
./balancer/uniform/uniform100real\18\1209.jpg,18
./balancer/uniform/uniform100real\18\1240.jpg,18
./balancer/uniform/uniform100real\18\1243.jpg,18
./balancer/uniform/uniform100real\18\1248.jpg,18
./balancer/uniform/uniform100real\18\1278.JPG,18
./balancer/uniform/uniform100real\18\1303.JPG,18
./balancer/uniform/uniform100real\18\1311.JPG,18
./balancer/uniform/uniform100real\18\1362.JPG,18
./balancer/uniform/uniform100real\18\1390.jpg,18
./balancer/uniform/uniform100real\18\1402.JPG,18
./balancer/uniform/uniform100real\18\1427.jpg,18
./balancer/uniform/uniform100real\18\1429.jpg,18
./balancer/uniform/uniform100real\18\1447.jpg,18
./balancer/uniform/uniform100real\18\1450.jpg,18
./balancer/uniform/uniform100real\18\1464.jpg,18
./balancer/uniform/uniform100real\18\1487.JPG,18
./balancer/uniform/uniform100real\18\152.jpg,18
./balancer/uniform/uniform100real\18\1570.jpg,18
./balancer/uniform/uniform100real\18\1578.jpg,18
./balancer/uniform/uniform100real\18\1587.JPG,18
./balancer/uniform/uniform100real\18\1613.jpg,18
./balancer/uniform/uniform100real\18\1658.jpg,18
./balancer/uniform/uniform100real\18\1665.jpg,18
./balancer/uniform/uniform100real\18\1674.jpg,18
./balancer/uniform/uniform100real\18\1678.jpg,18
./balancer/uniform/uniform100real\18\1687.jpg,18
./balancer/uniform/uniform100real\18\1715.JPG,18
./balancer/uniform/uniform100real\18\1878.JPG,18
./balancer/uniform/uniform100real\18\188.jpg,18
./balancer/uniform/uniform100real\18\189.jpg,18
./balancer/uniform/uniform100real\18\1905.JPG,18
./balancer/uniform/uniform100real\18\1951.JPG,18
./balancer/uniform/uniform100real\18\1958.jpg,18
./balancer/uniform/uniform100real\18\1970.jpg,18
./balancer/uniform/uniform100real\18\1977.jpg,18
./balancer/uniform/uniform100real\18\2099.jpg,18
./balancer/uniform/uniform100real\18\2102.jpg,18
./balancer/uniform/uniform100real\18\2135.jpg,18
./balancer/uniform/uniform100real\18\2144.jpg,18
./balancer/uniform/uniform100real\18\2167.jpg,18
./balancer/uniform/uniform100real\18\2293.JPG,18
./balancer/uniform/uniform100real\18\235.jpg,18
./balancer/uniform/uniform100real\18\2353.jpg,18
./balancer/uniform/uniform100real\18\2371.jpg,18
./balancer/uniform/uniform100real\18\2379.jpg,18
./balancer/uniform/uniform100real\18\2386.jpg,18
./balancer/uniform/uniform100real\18\2410.JPG,18
./balancer/uniform/uniform100real\18\2412.jpg,18
./balancer/uniform/uniform100real\18\245.jpg,18
./balancer/uniform/uniform100real\18\2452.jpg,18
./balancer/uniform/uniform100real\18\253.jpg,18
./balancer/uniform/uniform100real\18\2547.jpg,18
./balancer/uniform/uniform100real\18\2571.jpg,18
./balancer/uniform/uniform100real\18\2585.JPG,18
./balancer/uniform/uniform100real\18\2594.JPG,18
./balancer/uniform/uniform100real\18\2598.JPG,18
./balancer/uniform/uniform100real\18\2601.jpg,18
./balancer/uniform/uniform100real\18\2617.jpg,18
./balancer/uniform/uniform100real\18\267.jpg,18
./balancer/uniform/uniform100real\18\2678.jpg,18
./balancer/uniform/uniform100real\18\2731.jpg,18
./balancer/uniform/uniform100real\18\2756.JPG,18
./balancer/uniform/uniform100real\18\2780.JPG,18
./balancer/uniform/uniform100real\18\2819.jpg,18
./balancer/uniform/uniform100real\18\2820.JPG,18
./balancer/uniform/uniform100real\18\2847.jpg,18
./balancer/uniform/uniform100real\18\2854.JPG,18
./balancer/uniform/uniform100real\18\2862.JPG,18
./balancer/uniform/uniform100real\18\2881.jpg,18
./balancer/uniform/uniform100real\18\2895.jpg,18
./balancer/uniform/uniform100real\18\2958.JPG,18
./balancer/uniform/uniform100real\18\3016.jpg,18
./balancer/uniform/uniform100real\18\3066.jpg,18
./balancer/uniform/uniform100real\18\311.jpg,18
./balancer/uniform/uniform100real\18\3121.JPG,18
./balancer/uniform/uniform100real\18\3197.jpg,18
./balancer/uniform/uniform100real\18\3269.JPG,18
./balancer/uniform/uniform100real\18\3270.jpg,18
./balancer/uniform/uniform100real\18\330.jpg,18
./balancer/uniform/uniform100real\18\3357.JPG,18
./balancer/uniform/uniform100real\18\3367.jpg,18
./balancer/uniform/uniform100real\18\3484.jpg,18
./balancer/uniform/uniform100real\18\3510.jpg,18
./balancer/uniform/uniform100real\18\3536.jpg,18
./balancer/uniform/uniform100real\18\3555.JPG,18
./balancer/uniform/uniform100real\18\3558.JPG,18
./balancer/uniform/uniform100real\18\356.JPG,18
./balancer/uniform/uniform100real\18\3612.jpg,18
./balancer/uniform/uniform100real\18\3651.JPG,18
./balancer/uniform/uniform100real\18\3668.JPG,18
./balancer/uniform/uniform100real\18\3724.jpg,18
./balancer/uniform/uniform100real\18\3804.jpg,18
./balancer/uniform/uniform100real\18\3815.jpg,18
./balancer/uniform/uniform100real\18\3849.JPG,18
./balancer/uniform/uniform100real\18\3859.jpg,18
./balancer/uniform/uniform100real\18\3898.jpg,18
./balancer/uniform/uniform100real\18\39.JPG,18
./balancer/uniform/uniform100real\18\3927.jpg,18
./balancer/uniform/uniform100real\18\393.jpg,18
./balancer/uniform/uniform100real\18\3932.jpg,18
./balancer/uniform/uniform100real\18\3933.jpg,18
./balancer/uniform/uniform100real\18\3969.JPG,18
./balancer/uniform/uniform100real\18\40.jpg,18
./balancer/uniform/uniform100real\18\4014.jpg,18
./balancer/uniform/uniform100real\18\4019.jpg,18
./balancer/uniform/uniform100real\18\4071.JPG,18
./balancer/uniform/uniform100real\18\4100.jpg,18
./balancer/uniform/uniform100real\18\4179.jpg,18
./balancer/uniform/uniform100real\18\42.jpg,18
./balancer/uniform/uniform100real\18\4254.JPG,18
./balancer/uniform/uniform100real\18\434.JPG,18
./balancer/uniform/uniform100real\18\44.JPG,18
./balancer/uniform/uniform100real\18\4420.jpg,18
./balancer/uniform/uniform100real\18\4485.jpg,18
./balancer/uniform/uniform100real\18\4488.jpg,18
./balancer/uniform/uniform100real\18\4542.jpg,18
./balancer/uniform/uniform100real\18\4569.JPG,18
./balancer/uniform/uniform100real\18\4588.jpg,18
./balancer/uniform/uniform100real\18\462.jpg,18
./balancer/uniform/uniform100real\18\4635.JPG,18
./balancer/uniform/uniform100real\18\464.jpg,18
./balancer/uniform/uniform100real\18\4658.jpg,18
./balancer/uniform/uniform100real\18\4663.JPG,18
./balancer/uniform/uniform100real\18\4691.jpg,18
./balancer/uniform/uniform100real\18\4695.JPG,18
./balancer/uniform/uniform100real\18\4810.jpg,18
./balancer/uniform/uniform100real\18\4917.JPG,18
./balancer/uniform/uniform100real\18\4918.jpg,18
./balancer/uniform/uniform100real\18\4941.jpg,18
./balancer/uniform/uniform100real\18\4966.jpg,18
./balancer/uniform/uniform100real\18\5002.JPG,18
./balancer/uniform/uniform100real\18\5067.jpg,18
./balancer/uniform/uniform100real\18\5131.JPG,18
./balancer/uniform/uniform100real\18\5155.jpg,18
./balancer/uniform/uniform100real\18\5245.JPG,18
./balancer/uniform/uniform100real\18\527.jpg,18
./balancer/uniform/uniform100real\18\5353.jpg,18
./balancer/uniform/uniform100real\18\538.jpg,18
./balancer/uniform/uniform100real\18\5386.jpg,18
./balancer/uniform/uniform100real\18\5409.jpg,18
./balancer/uniform/uniform100real\18\5436.jpg,18
./balancer/uniform/uniform100real\18\5453.jpg,18
./balancer/uniform/uniform100real\18\5485.jpg,18
./balancer/uniform/uniform100real\18\5494.JPG,18
./balancer/uniform/uniform100real\18\5523.jpg,18
./balancer/uniform/uniform100real\18\5532.jpg,18
./balancer/uniform/uniform100real\18\5552.jpg,18
./balancer/uniform/uniform100real\18\5560.jpg,18
./balancer/uniform/uniform100real\18\5565.jpg,18
./balancer/uniform/uniform100real\18\5620.jpg,18
./balancer/uniform/uniform100real\18\5642.JPG,18
./balancer/uniform/uniform100real\18\5647.jpg,18
./balancer/uniform/uniform100real\18\5657.jpg,18
./balancer/uniform/uniform100real\18\5676.JPG,18
./balancer/uniform/uniform100real\18\570.JPG,18
./balancer/uniform/uniform100real\18\5720.JPG,18
./balancer/uniform/uniform100real\18\5840.jpg,18
./balancer/uniform/uniform100real\18\5867.JPG,18
./balancer/uniform/uniform100real\18\5881.jpg,18
./balancer/uniform/uniform100real\18\5890.JPG,18
./balancer/uniform/uniform100real\18\5898.JPG,18
./balancer/uniform/uniform100real\18\591.jpg,18
./balancer/uniform/uniform100real\18\5954.jpg,18
./balancer/uniform/uniform100real\18\5975.jpg,18
./balancer/uniform/uniform100real\18\6020.JPG,18
./balancer/uniform/uniform100real\18\6047.jpg,18
./balancer/uniform/uniform100real\18\6086.jpg,18
./balancer/uniform/uniform100real\18\6104.jpg,18
./balancer/uniform/uniform100real\18\6121.JPG,18
./balancer/uniform/uniform100real\18\6137.JPG,18
./balancer/uniform/uniform100real\18\669.JPG,18
./balancer/uniform/uniform100real\18\72.JPG,18
./balancer/uniform/uniform100real\18\73.jpg,18
./balancer/uniform/uniform100real\18\732.jpg,18
./balancer/uniform/uniform100real\18\738.jpg,18
./balancer/uniform/uniform100real\18\751.JPG,18
./balancer/uniform/uniform100real\18\79.jpg,18
./balancer/uniform/uniform100real\18\8.jpg,18
./balancer/uniform/uniform100real\18\811.jpg,18
./balancer/uniform/uniform100real\18\820.jpg,18
./balancer/uniform/uniform100real\18\836.jpg,18
./balancer/uniform/uniform100real\18\852.JPG,18
./balancer/uniform/uniform100real\18\86.jpg,18
./balancer/uniform/uniform100real\18\910.jpg,18
./balancer/uniform/uniform100real\18\915.jpg,18
./balancer/uniform/uniform100real\18\917.jpg,18
./balancer/uniform/uniform100real\18\920.JPG,18
./balancer/uniform/uniform100real\18\930.JPG,18
./balancer/uniform/uniform100real\18\933.jpg,18
./balancer/uniform/uniform100real\18\940.JPG,18
./balancer/uniform/uniform100real\18\954.jpg,18
./balancer/uniform/uniform100real\18\963.jpg,18
./balancer/uniform/uniform100real\18\964.jpg,18
./balancer/uniform/uniform100real\18\997.jpg,18
./balancer/uniform/uniform100real\19\1010.JPG,19
./balancer/uniform/uniform100real\19\1065.jpg,19
./balancer/uniform/uniform100real\19\1150.jpg,19
./balancer/uniform/uniform100real\19\1170.jpg,19
./balancer/uniform/uniform100real\19\1216.jpg,19
./balancer/uniform/uniform100real\19\1231.jpg,19
./balancer/uniform/uniform100real\19\1277.jpg,19
./balancer/uniform/uniform100real\19\1293.JPG,19
./balancer/uniform/uniform100real\19\1372.jpg,19
./balancer/uniform/uniform100real\19\1382.jpg,19
./balancer/uniform/uniform100real\19\139.jpg,19
./balancer/uniform/uniform100real\19\1432.jpg,19
./balancer/uniform/uniform100real\19\1492.jpg,19
./balancer/uniform/uniform100real\19\1529.jpg,19
./balancer/uniform/uniform100real\19\153.JPG,19
./balancer/uniform/uniform100real\19\160.jpg,19
./balancer/uniform/uniform100real\19\1611.jpg,19
./balancer/uniform/uniform100real\19\1619.jpg,19
./balancer/uniform/uniform100real\19\1641.jpg,19
./balancer/uniform/uniform100real\19\1658.jpg,19
./balancer/uniform/uniform100real\19\1687.jpg,19
./balancer/uniform/uniform100real\19\1711.jpg,19
./balancer/uniform/uniform100real\19\1741.jpg,19
./balancer/uniform/uniform100real\19\1746.jpg,19
./balancer/uniform/uniform100real\19\1784.jpg,19
./balancer/uniform/uniform100real\19\1815.jpg,19
./balancer/uniform/uniform100real\19\1826.JPG,19
./balancer/uniform/uniform100real\19\1870.jpg,19
./balancer/uniform/uniform100real\19\1891.jpg,19
./balancer/uniform/uniform100real\19\1893.jpg,19
./balancer/uniform/uniform100real\19\1928.jpg,19
./balancer/uniform/uniform100real\19\1994.jpg,19
./balancer/uniform/uniform100real\19\2011.JPG,19
./balancer/uniform/uniform100real\19\2015.JPG,19
./balancer/uniform/uniform100real\19\2045.jpg,19
./balancer/uniform/uniform100real\19\2065.jpg,19
./balancer/uniform/uniform100real\19\2135.jpg,19
./balancer/uniform/uniform100real\19\2159.jpg,19
./balancer/uniform/uniform100real\19\217.jpg,19
./balancer/uniform/uniform100real\19\2184.JPG,19
./balancer/uniform/uniform100real\19\2278.jpg,19
./balancer/uniform/uniform100real\19\2296.jpg,19
./balancer/uniform/uniform100real\19\2333.jpg,19
./balancer/uniform/uniform100real\19\2405.jpg,19
./balancer/uniform/uniform100real\19\2458.jpg,19
./balancer/uniform/uniform100real\19\2468.jpg,19
./balancer/uniform/uniform100real\19\2469.jpg,19
./balancer/uniform/uniform100real\19\2597.jpg,19
./balancer/uniform/uniform100real\19\2638.JPG,19
./balancer/uniform/uniform100real\19\2651.jpg,19
./balancer/uniform/uniform100real\19\2700.jpg,19
./balancer/uniform/uniform100real\19\2735.JPG,19
./balancer/uniform/uniform100real\19\274.jpg,19
./balancer/uniform/uniform100real\19\2757.jpg,19
./balancer/uniform/uniform100real\19\2766.jpg,19
./balancer/uniform/uniform100real\19\2784.jpg,19
./balancer/uniform/uniform100real\19\2804.jpg,19
./balancer/uniform/uniform100real\19\2808.jpg,19
./balancer/uniform/uniform100real\19\2811.JPG,19
./balancer/uniform/uniform100real\19\2828.jpg,19
./balancer/uniform/uniform100real\19\2833.jpg,19
./balancer/uniform/uniform100real\19\2863.jpg,19
./balancer/uniform/uniform100real\19\2967.jpg,19
./balancer/uniform/uniform100real\19\2995.JPG,19
./balancer/uniform/uniform100real\19\2996.JPG,19
./balancer/uniform/uniform100real\19\3052.jpg,19
./balancer/uniform/uniform100real\19\3061.jpg,19
./balancer/uniform/uniform100real\19\3130.JPG,19
./balancer/uniform/uniform100real\19\3235.jpg,19
./balancer/uniform/uniform100real\19\3261.jpg,19
./balancer/uniform/uniform100real\19\3281.jpg,19
./balancer/uniform/uniform100real\19\3311.jpg,19
./balancer/uniform/uniform100real\19\3343.jpg,19
./balancer/uniform/uniform100real\19\3346.JPG,19
./balancer/uniform/uniform100real\19\335.jpg,19
./balancer/uniform/uniform100real\19\3357.jpg,19
./balancer/uniform/uniform100real\19\3374.jpg,19
./balancer/uniform/uniform100real\19\3432.jpg,19
./balancer/uniform/uniform100real\19\3447.jpg,19
./balancer/uniform/uniform100real\19\3462.jpg,19
./balancer/uniform/uniform100real\19\3466.JPG,19
./balancer/uniform/uniform100real\19\3499.jpg,19
./balancer/uniform/uniform100real\19\3526.JPG,19
./balancer/uniform/uniform100real\19\3546.JPG,19
./balancer/uniform/uniform100real\19\3654.jpg,19
./balancer/uniform/uniform100real\19\3671.jpg,19
./balancer/uniform/uniform100real\19\3678.JPG,19
./balancer/uniform/uniform100real\19\37.jpg,19
./balancer/uniform/uniform100real\19\3771.jpg,19
./balancer/uniform/uniform100real\19\3799.JPG,19
./balancer/uniform/uniform100real\19\3849.jpg,19
./balancer/uniform/uniform100real\19\3852.jpg,19
./balancer/uniform/uniform100real\19\3876.jpg,19
./balancer/uniform/uniform100real\19\390.JPG,19
./balancer/uniform/uniform100real\19\3926.jpg,19
./balancer/uniform/uniform100real\19\3929.JPG,19
./balancer/uniform/uniform100real\19\3967.jpg,19
./balancer/uniform/uniform100real\19\4033.jpg,19
./balancer/uniform/uniform100real\19\4189.jpg,19
./balancer/uniform/uniform100real\19\423.jpg,19
./balancer/uniform/uniform100real\19\4236.jpg,19
./balancer/uniform/uniform100real\19\432.jpg,19
./balancer/uniform/uniform100real\19\4338.jpg,19
./balancer/uniform/uniform100real\19\4388.jpg,19
./balancer/uniform/uniform100real\19\439.jpg,19
./balancer/uniform/uniform100real\19\4395.JPG,19
./balancer/uniform/uniform100real\19\4423.jpg,19
./balancer/uniform/uniform100real\19\4446.jpg,19
./balancer/uniform/uniform100real\19\4458.jpg,19
./balancer/uniform/uniform100real\19\4469.JPG,19
./balancer/uniform/uniform100real\19\455.JPG,19
./balancer/uniform/uniform100real\19\4579.jpg,19
./balancer/uniform/uniform100real\19\4581.JPG,19
./balancer/uniform/uniform100real\19\4609.JPG,19
./balancer/uniform/uniform100real\19\4625.jpg,19
./balancer/uniform/uniform100real\19\4671.jpg,19
./balancer/uniform/uniform100real\19\4745.jpg,19
./balancer/uniform/uniform100real\19\4773.jpg,19
./balancer/uniform/uniform100real\19\4787.JPG,19
./balancer/uniform/uniform100real\19\4793.JPG,19
./balancer/uniform/uniform100real\19\480.jpg,19
./balancer/uniform/uniform100real\19\4838.jpg,19
./balancer/uniform/uniform100real\19\490.jpg,19
./balancer/uniform/uniform100real\19\4977.jpg,19
./balancer/uniform/uniform100real\19\5116.JPG,19
./balancer/uniform/uniform100real\19\5159.jpg,19
./balancer/uniform/uniform100real\19\5207.jpg,19
./balancer/uniform/uniform100real\19\5215.jpg,19
./balancer/uniform/uniform100real\19\5284.jpg,19
./balancer/uniform/uniform100real\19\5377.jpg,19
./balancer/uniform/uniform100real\19\5382.jpg,19
./balancer/uniform/uniform100real\19\5433.jpg,19
./balancer/uniform/uniform100real\19\5503.jpg,19
./balancer/uniform/uniform100real\19\5507.JPG,19
./balancer/uniform/uniform100real\19\5508.jpg,19
./balancer/uniform/uniform100real\19\5612.jpg,19
./balancer/uniform/uniform100real\19\5633.JPG,19
./balancer/uniform/uniform100real\19\5729.jpg,19
./balancer/uniform/uniform100real\19\5741.jpg,19
./balancer/uniform/uniform100real\19\5767.JPG,19
./balancer/uniform/uniform100real\19\5768.jpg,19
./balancer/uniform/uniform100real\19\5776.jpg,19
./balancer/uniform/uniform100real\19\5779.JPG,19
./balancer/uniform/uniform100real\19\5816.JPG,19
./balancer/uniform/uniform100real\19\5839.jpg,19
./balancer/uniform/uniform100real\19\5862.JPG,19
./balancer/uniform/uniform100real\19\591.JPG,19
./balancer/uniform/uniform100real\19\5930.jpg,19
./balancer/uniform/uniform100real\19\5954.jpg,19
./balancer/uniform/uniform100real\19\5998.jpg,19
./balancer/uniform/uniform100real\19\6008.JPG,19
./balancer/uniform/uniform100real\19\6022.JPG,19
./balancer/uniform/uniform100real\19\6030.jpg,19
./balancer/uniform/uniform100real\19\6052.jpg,19
./balancer/uniform/uniform100real\19\6058.jpg,19
./balancer/uniform/uniform100real\19\6138.jpg,19
./balancer/uniform/uniform100real\19\6168.JPG,19
./balancer/uniform/uniform100real\19\6227.JPG,19
./balancer/uniform/uniform100real\19\6230.jpg,19
./balancer/uniform/uniform100real\19\6235.jpg,19
./balancer/uniform/uniform100real\19\6285.jpg,19
./balancer/uniform/uniform100real\19\6293.jpg,19
./balancer/uniform/uniform100real\19\63.JPG,19
./balancer/uniform/uniform100real\19\6310.jpg,19
./balancer/uniform/uniform100real\19\6365.JPG,19
./balancer/uniform/uniform100real\19\6379.jpg,19
./balancer/uniform/uniform100real\19\6409.JPG,19
./balancer/uniform/uniform100real\19\6444.JPG,19
./balancer/uniform/uniform100real\19\6489.jpg,19
./balancer/uniform/uniform100real\19\6579.jpg,19
./balancer/uniform/uniform100real\19\6587.jpg,19
./balancer/uniform/uniform100real\19\6590.jpg,19
./balancer/uniform/uniform100real\19\6621.JPG,19
./balancer/uniform/uniform100real\19\6682.JPG,19
./balancer/uniform/uniform100real\19\6725.jpg,19
./balancer/uniform/uniform100real\19\6727.jpg,19
./balancer/uniform/uniform100real\19\6746.jpg,19
./balancer/uniform/uniform100real\19\6837.jpg,19
./balancer/uniform/uniform100real\19\6992.jpg,19
./balancer/uniform/uniform100real\19\7014.jpg,19
./balancer/uniform/uniform100real\19\7037.jpg,19
./balancer/uniform/uniform100real\19\704.jpg,19
./balancer/uniform/uniform100real\19\7153.jpg,19
./balancer/uniform/uniform100real\19\7220.jpg,19
./balancer/uniform/uniform100real\19\7242.JPG,19
./balancer/uniform/uniform100real\19\7246.JPG,19
./balancer/uniform/uniform100real\19\7271.JPG,19
./balancer/uniform/uniform100real\19\7290.JPG,19
./balancer/uniform/uniform100real\19\7331.jpg,19
./balancer/uniform/uniform100real\19\7373.jpg,19
./balancer/uniform/uniform100real\19\7385.jpg,19
./balancer/uniform/uniform100real\19\7471.jpg,19
./balancer/uniform/uniform100real\19\7498.JPG,19
./balancer/uniform/uniform100real\19\7501.jpg,19
./balancer/uniform/uniform100real\19\7511.jpg,19
./balancer/uniform/uniform100real\19\7573.jpg,19
./balancer/uniform/uniform100real\19\7577.jpg,19
./balancer/uniform/uniform100real\19\7604.jpg,19
./balancer/uniform/uniform100real\19\7651.jpg,19
./balancer/uniform/uniform100real\19\77.jpg,19
./balancer/uniform/uniform100real\19\831.jpg,19
./balancer/uniform/uniform100real\19\84.jpg,19
./balancer/uniform/uniform100real\19\844.JPG,19
./balancer/uniform/uniform100real\20\101.jpg,20
./balancer/uniform/uniform100real\20\1036.jpg,20
./balancer/uniform/uniform100real\20\1142.jpg,20
./balancer/uniform/uniform100real\20\1162.jpg,20
./balancer/uniform/uniform100real\20\1167.JPG,20
./balancer/uniform/uniform100real\20\1288.jpg,20
./balancer/uniform/uniform100real\20\1290.JPG,20
./balancer/uniform/uniform100real\20\1317.jpg,20
./balancer/uniform/uniform100real\20\1336.JPG,20
./balancer/uniform/uniform100real\20\1390.jpg,20
./balancer/uniform/uniform100real\20\1463.jpg,20
./balancer/uniform/uniform100real\20\1464.jpg,20
./balancer/uniform/uniform100real\20\1504.jpg,20
./balancer/uniform/uniform100real\20\1525.jpg,20
./balancer/uniform/uniform100real\20\1534.jpg,20
./balancer/uniform/uniform100real\20\1567.jpg,20
./balancer/uniform/uniform100real\20\1598.JPG,20
./balancer/uniform/uniform100real\20\1650.jpg,20
./balancer/uniform/uniform100real\20\1751.jpg,20
./balancer/uniform/uniform100real\20\1881.jpg,20
./balancer/uniform/uniform100real\20\1888.jpg,20
./balancer/uniform/uniform100real\20\1930.jpg,20
./balancer/uniform/uniform100real\20\2054.jpg,20
./balancer/uniform/uniform100real\20\2062.JPG,20
./balancer/uniform/uniform100real\20\2105.JPG,20
./balancer/uniform/uniform100real\20\2107.jpg,20
./balancer/uniform/uniform100real\20\218.JPG,20
./balancer/uniform/uniform100real\20\2206.JPG,20
./balancer/uniform/uniform100real\20\2279.jpg,20
./balancer/uniform/uniform100real\20\2288.jpg,20
./balancer/uniform/uniform100real\20\2310.jpg,20
./balancer/uniform/uniform100real\20\2380.jpg,20
./balancer/uniform/uniform100real\20\2393.jpg,20
./balancer/uniform/uniform100real\20\2401.jpg,20
./balancer/uniform/uniform100real\20\2485.jpg,20
./balancer/uniform/uniform100real\20\2511.jpg,20
./balancer/uniform/uniform100real\20\2524.jpg,20
./balancer/uniform/uniform100real\20\2528.jpg,20
./balancer/uniform/uniform100real\20\2542.JPG,20
./balancer/uniform/uniform100real\20\2550.jpg,20
./balancer/uniform/uniform100real\20\2575.JPG,20
./balancer/uniform/uniform100real\20\2681.JPG,20
./balancer/uniform/uniform100real\20\2744.JPG,20
./balancer/uniform/uniform100real\20\2828.jpg,20
./balancer/uniform/uniform100real\20\2872.JPG,20
./balancer/uniform/uniform100real\20\2878.jpg,20
./balancer/uniform/uniform100real\20\2921.JPG,20
./balancer/uniform/uniform100real\20\2931.jpg,20
./balancer/uniform/uniform100real\20\2934.jpg,20
./balancer/uniform/uniform100real\20\2953.jpg,20
./balancer/uniform/uniform100real\20\2972.jpg,20
./balancer/uniform/uniform100real\20\3010.jpg,20
./balancer/uniform/uniform100real\20\3014.jpg,20
./balancer/uniform/uniform100real\20\3036.jpg,20
./balancer/uniform/uniform100real\20\3053.JPG,20
./balancer/uniform/uniform100real\20\3191.jpg,20
./balancer/uniform/uniform100real\20\3203.jpg,20
./balancer/uniform/uniform100real\20\3206.JPG,20
./balancer/uniform/uniform100real\20\3226.jpg,20
./balancer/uniform/uniform100real\20\3240.JPG,20
./balancer/uniform/uniform100real\20\3262.jpg,20
./balancer/uniform/uniform100real\20\3332.jpg,20
./balancer/uniform/uniform100real\20\3338.jpg,20
./balancer/uniform/uniform100real\20\3352.JPG,20
./balancer/uniform/uniform100real\20\3358.jpg,20
./balancer/uniform/uniform100real\20\3432.jpg,20
./balancer/uniform/uniform100real\20\3520.jpg,20
./balancer/uniform/uniform100real\20\3653.JPG,20
./balancer/uniform/uniform100real\20\3662.jpg,20
./balancer/uniform/uniform100real\20\3693.jpg,20
./balancer/uniform/uniform100real\20\3705.jpg,20
./balancer/uniform/uniform100real\20\3768.jpg,20
./balancer/uniform/uniform100real\20\3770.jpg,20
./balancer/uniform/uniform100real\20\3796.jpg,20
./balancer/uniform/uniform100real\20\382.jpg,20
./balancer/uniform/uniform100real\20\3827.jpg,20
./balancer/uniform/uniform100real\20\3863.jpg,20
./balancer/uniform/uniform100real\20\3924.jpg,20
./balancer/uniform/uniform100real\20\3942.JPG,20
./balancer/uniform/uniform100real\20\3970.jpg,20
./balancer/uniform/uniform100real\20\4078.jpg,20
./balancer/uniform/uniform100real\20\4178.jpg,20
./balancer/uniform/uniform100real\20\4190.jpg,20
./balancer/uniform/uniform100real\20\4232.JPG,20
./balancer/uniform/uniform100real\20\4389.jpg,20
./balancer/uniform/uniform100real\20\4396.JPG,20
./balancer/uniform/uniform100real\20\4500.jpg,20
./balancer/uniform/uniform100real\20\4524.jpg,20
./balancer/uniform/uniform100real\20\4532.jpg,20
./balancer/uniform/uniform100real\20\4576.jpg,20
./balancer/uniform/uniform100real\20\4651.jpg,20
./balancer/uniform/uniform100real\20\4694.jpg,20
./balancer/uniform/uniform100real\20\4699.jpg,20
./balancer/uniform/uniform100real\20\4700.jpg,20
./balancer/uniform/uniform100real\20\4816.jpg,20
./balancer/uniform/uniform100real\20\4819.jpg,20
./balancer/uniform/uniform100real\20\4824.jpg,20
./balancer/uniform/uniform100real\20\4853.jpg,20
./balancer/uniform/uniform100real\20\4930.jpg,20
./balancer/uniform/uniform100real\20\496.jpg,20
./balancer/uniform/uniform100real\20\497.jpg,20
./balancer/uniform/uniform100real\20\5271.jpg,20
./balancer/uniform/uniform100real\20\5286.JPG,20
./balancer/uniform/uniform100real\20\5287.jpg,20
./balancer/uniform/uniform100real\20\5293.JPG,20
./balancer/uniform/uniform100real\20\5298.jpg,20
./balancer/uniform/uniform100real\20\532.jpg,20
./balancer/uniform/uniform100real\20\5397.jpg,20
./balancer/uniform/uniform100real\20\5439.jpg,20
./balancer/uniform/uniform100real\20\5486.jpg,20
./balancer/uniform/uniform100real\20\5500.jpg,20
./balancer/uniform/uniform100real\20\5521.jpg,20
./balancer/uniform/uniform100real\20\5578.jpg,20
./balancer/uniform/uniform100real\20\5585.JPG,20
./balancer/uniform/uniform100real\20\5706.jpg,20
./balancer/uniform/uniform100real\20\5712.jpg,20
./balancer/uniform/uniform100real\20\577.jpg,20
./balancer/uniform/uniform100real\20\5791.jpg,20
./balancer/uniform/uniform100real\20\5808.jpg,20
./balancer/uniform/uniform100real\20\5832.jpg,20
./balancer/uniform/uniform100real\20\5863.JPG,20
./balancer/uniform/uniform100real\20\589.jpg,20
./balancer/uniform/uniform100real\20\5911.JPG,20
./balancer/uniform/uniform100real\20\5931.jpg,20
./balancer/uniform/uniform100real\20\597.JPG,20
./balancer/uniform/uniform100real\20\6022.jpg,20
./balancer/uniform/uniform100real\20\6032.jpg,20
./balancer/uniform/uniform100real\20\6098.jpg,20
./balancer/uniform/uniform100real\20\6116.jpg,20
./balancer/uniform/uniform100real\20\6123.jpg,20
./balancer/uniform/uniform100real\20\6156.jpg,20
./balancer/uniform/uniform100real\20\6193.jpg,20
./balancer/uniform/uniform100real\20\6196.jpg,20
./balancer/uniform/uniform100real\20\6230.JPG,20
./balancer/uniform/uniform100real\20\6239.jpg,20
./balancer/uniform/uniform100real\20\6290.jpg,20
./balancer/uniform/uniform100real\20\6311.jpg,20
./balancer/uniform/uniform100real\20\6318.jpg,20
./balancer/uniform/uniform100real\20\6346.jpg,20
./balancer/uniform/uniform100real\20\6362.jpg,20
./balancer/uniform/uniform100real\20\6366.jpg,20
./balancer/uniform/uniform100real\20\639.jpg,20
./balancer/uniform/uniform100real\20\6403.jpg,20
./balancer/uniform/uniform100real\20\6407.jpg,20
./balancer/uniform/uniform100real\20\6432.jpg,20
./balancer/uniform/uniform100real\20\6514.jpg,20
./balancer/uniform/uniform100real\20\6546.jpg,20
./balancer/uniform/uniform100real\20\6592.jpg,20
./balancer/uniform/uniform100real\20\666.jpg,20
./balancer/uniform/uniform100real\20\6686.jpg,20
./balancer/uniform/uniform100real\20\6726.jpg,20
./balancer/uniform/uniform100real\20\6727.jpg,20
./balancer/uniform/uniform100real\20\6744.jpg,20
./balancer/uniform/uniform100real\20\6765.JPG,20
./balancer/uniform/uniform100real\20\678.jpg,20
./balancer/uniform/uniform100real\20\6838.jpg,20
./balancer/uniform/uniform100real\20\6890.jpg,20
./balancer/uniform/uniform100real\20\7.JPG,20
./balancer/uniform/uniform100real\20\7010.jpg,20
./balancer/uniform/uniform100real\20\7115.jpg,20
./balancer/uniform/uniform100real\20\712.jpg,20
./balancer/uniform/uniform100real\20\722.jpg,20
./balancer/uniform/uniform100real\20\7258.JPG,20
./balancer/uniform/uniform100real\20\7326.jpg,20
./balancer/uniform/uniform100real\20\7387.jpg,20
./balancer/uniform/uniform100real\20\7437.jpg,20
./balancer/uniform/uniform100real\20\747.jpg,20
./balancer/uniform/uniform100real\20\7541.jpg,20
./balancer/uniform/uniform100real\20\7574.jpg,20
./balancer/uniform/uniform100real\20\7578.JPG,20
./balancer/uniform/uniform100real\20\7630.jpg,20
./balancer/uniform/uniform100real\20\7646.JPG,20
./balancer/uniform/uniform100real\20\769.jpg,20
./balancer/uniform/uniform100real\20\7705.jpg,20
./balancer/uniform/uniform100real\20\7727.jpg,20
./balancer/uniform/uniform100real\20\7763.jpg,20
./balancer/uniform/uniform100real\20\7779.jpg,20
./balancer/uniform/uniform100real\20\7786.jpg,20
./balancer/uniform/uniform100real\20\7795.jpg,20
./balancer/uniform/uniform100real\20\7821.jpg,20
./balancer/uniform/uniform100real\20\7868.jpg,20
./balancer/uniform/uniform100real\20\7887.jpg,20
./balancer/uniform/uniform100real\20\7946.jpg,20
./balancer/uniform/uniform100real\20\8011.jpg,20
./balancer/uniform/uniform100real\20\8047.JPG,20
./balancer/uniform/uniform100real\20\8148.jpg,20
./balancer/uniform/uniform100real\20\8233.jpg,20
./balancer/uniform/uniform100real\20\8242.jpg,20
./balancer/uniform/uniform100real\20\8344.JPG,20
./balancer/uniform/uniform100real\20\8374.jpg,20
./balancer/uniform/uniform100real\20\8392.JPG,20
./balancer/uniform/uniform100real\20\8440.jpg,20
./balancer/uniform/uniform100real\20\8452.JPG,20
./balancer/uniform/uniform100real\20\8508.jpg,20
./balancer/uniform/uniform100real\20\854.jpg,20
./balancer/uniform/uniform100real\20\8567.jpg,20
./balancer/uniform/uniform100real\20\8626.jpg,20
./balancer/uniform/uniform100real\20\8639.JPG,20
./balancer/uniform/uniform100real\20\8665.jpg,20
./balancer/uniform/uniform100real\20\8669.jpg,20
./balancer/uniform/uniform100real\20\8704.JPG,20
./balancer/uniform/uniform100real\20\929.jpg,20
./balancer/uniform/uniform100real\20\96.jpg,20
./balancer/uniform/uniform100real\21\1053.jpg,21
./balancer/uniform/uniform100real\21\1074.jpg,21
./balancer/uniform/uniform100real\21\1077.jpg,21
./balancer/uniform/uniform100real\21\1115.jpg,21
./balancer/uniform/uniform100real\21\1137.jpg,21
./balancer/uniform/uniform100real\21\1176.jpg,21
./balancer/uniform/uniform100real\21\1185.JPG,21
./balancer/uniform/uniform100real\21\1297.jpg,21
./balancer/uniform/uniform100real\21\1329.jpg,21
./balancer/uniform/uniform100real\21\1390.jpg,21
./balancer/uniform/uniform100real\21\142.JPG,21
./balancer/uniform/uniform100real\21\1423.jpg,21
./balancer/uniform/uniform100real\21\1429.jpg,21
./balancer/uniform/uniform100real\21\1470.jpg,21
./balancer/uniform/uniform100real\21\1545.jpg,21
./balancer/uniform/uniform100real\21\1556.jpg,21
./balancer/uniform/uniform100real\21\1577.jpg,21
./balancer/uniform/uniform100real\21\1639.jpg,21
./balancer/uniform/uniform100real\21\1723.jpg,21
./balancer/uniform/uniform100real\21\1806.JPG,21
./balancer/uniform/uniform100real\21\1811.jpg,21
./balancer/uniform/uniform100real\21\1888.jpg,21
./balancer/uniform/uniform100real\21\1912.jpg,21
./balancer/uniform/uniform100real\21\1944.jpg,21
./balancer/uniform/uniform100real\21\1947.jpg,21
./balancer/uniform/uniform100real\21\201.JPG,21
./balancer/uniform/uniform100real\21\2019.jpg,21
./balancer/uniform/uniform100real\21\2068.jpg,21
./balancer/uniform/uniform100real\21\2145.jpg,21
./balancer/uniform/uniform100real\21\2203.JPG,21
./balancer/uniform/uniform100real\21\2277.jpg,21
./balancer/uniform/uniform100real\21\2278.JPG,21
./balancer/uniform/uniform100real\21\2468.JPG,21
./balancer/uniform/uniform100real\21\2482.jpg,21
./balancer/uniform/uniform100real\21\2489.jpg,21
./balancer/uniform/uniform100real\21\2547.jpg,21
./balancer/uniform/uniform100real\21\2592.jpg,21
./balancer/uniform/uniform100real\21\2711.jpg,21
./balancer/uniform/uniform100real\21\283.jpg,21
./balancer/uniform/uniform100real\21\2875.jpg,21
./balancer/uniform/uniform100real\21\2877.jpg,21
./balancer/uniform/uniform100real\21\2910.jpg,21
./balancer/uniform/uniform100real\21\2916.jpg,21
./balancer/uniform/uniform100real\21\2943.JPG,21
./balancer/uniform/uniform100real\21\2977.jpg,21
./balancer/uniform/uniform100real\21\2987.jpg,21
./balancer/uniform/uniform100real\21\3002.jpg,21
./balancer/uniform/uniform100real\21\3017.JPG,21
./balancer/uniform/uniform100real\21\3055.jpg,21
./balancer/uniform/uniform100real\21\3069.JPG,21
./balancer/uniform/uniform100real\21\307.jpg,21
./balancer/uniform/uniform100real\21\3093.jpg,21
./balancer/uniform/uniform100real\21\3140.JPG,21
./balancer/uniform/uniform100real\21\3158.jpg,21
./balancer/uniform/uniform100real\21\327.jpg,21
./balancer/uniform/uniform100real\21\330.jpg,21
./balancer/uniform/uniform100real\21\3302.jpg,21
./balancer/uniform/uniform100real\21\3351.jpg,21
./balancer/uniform/uniform100real\21\3352.jpg,21
./balancer/uniform/uniform100real\21\3375.jpg,21
./balancer/uniform/uniform100real\21\3454.JPG,21
./balancer/uniform/uniform100real\21\3456.JPG,21
./balancer/uniform/uniform100real\21\3499.jpg,21
./balancer/uniform/uniform100real\21\3508.jpg,21
./balancer/uniform/uniform100real\21\3554.JPG,21
./balancer/uniform/uniform100real\21\3673.jpg,21
./balancer/uniform/uniform100real\21\3683.jpg,21
./balancer/uniform/uniform100real\21\3687.jpg,21
./balancer/uniform/uniform100real\21\3701.jpg,21
./balancer/uniform/uniform100real\21\377.jpg,21
./balancer/uniform/uniform100real\21\3894.jpg,21
./balancer/uniform/uniform100real\21\3915.JPG,21
./balancer/uniform/uniform100real\21\3999.jpg,21
./balancer/uniform/uniform100real\21\4037.JPG,21
./balancer/uniform/uniform100real\21\4065.jpg,21
./balancer/uniform/uniform100real\21\4101.JPG,21
./balancer/uniform/uniform100real\21\4114.JPG,21
./balancer/uniform/uniform100real\21\4117.jpg,21
./balancer/uniform/uniform100real\21\4125.jpg,21
./balancer/uniform/uniform100real\21\4133.jpg,21
./balancer/uniform/uniform100real\21\4239.JPG,21
./balancer/uniform/uniform100real\21\4268.jpg,21
./balancer/uniform/uniform100real\21\4288.jpg,21
./balancer/uniform/uniform100real\21\4308.jpg,21
./balancer/uniform/uniform100real\21\4324.jpg,21
./balancer/uniform/uniform100real\21\4369.jpg,21
./balancer/uniform/uniform100real\21\4370.jpg,21
./balancer/uniform/uniform100real\21\4409.jpg,21
./balancer/uniform/uniform100real\21\4427.jpg,21
./balancer/uniform/uniform100real\21\4448.jpg,21
./balancer/uniform/uniform100real\21\4517.jpg,21
./balancer/uniform/uniform100real\21\4524.jpg,21
./balancer/uniform/uniform100real\21\4538.jpg,21
./balancer/uniform/uniform100real\21\4566.jpg,21
./balancer/uniform/uniform100real\21\457.jpg,21
./balancer/uniform/uniform100real\21\4581.jpg,21
./balancer/uniform/uniform100real\21\4610.jpg,21
./balancer/uniform/uniform100real\21\4626.JPG,21
./balancer/uniform/uniform100real\21\4634.jpg,21
./balancer/uniform/uniform100real\21\4690.JPG,21
./balancer/uniform/uniform100real\21\4708.JPG,21
./balancer/uniform/uniform100real\21\4712.jpg,21
./balancer/uniform/uniform100real\21\4746.jpg,21
./balancer/uniform/uniform100real\21\4766.jpg,21
./balancer/uniform/uniform100real\21\4775.jpg,21
./balancer/uniform/uniform100real\21\4818.jpg,21
./balancer/uniform/uniform100real\21\4826.JPG,21
./balancer/uniform/uniform100real\21\4858.jpg,21
./balancer/uniform/uniform100real\21\4878.jpg,21
./balancer/uniform/uniform100real\21\4957.jpg,21
./balancer/uniform/uniform100real\21\4961.jpg,21
./balancer/uniform/uniform100real\21\4962.jpg,21
./balancer/uniform/uniform100real\21\5053.jpg,21
./balancer/uniform/uniform100real\21\5087.jpg,21
./balancer/uniform/uniform100real\21\5109.jpg,21
./balancer/uniform/uniform100real\21\5192.jpg,21
./balancer/uniform/uniform100real\21\5204.jpg,21
./balancer/uniform/uniform100real\21\5207.jpg,21
./balancer/uniform/uniform100real\21\5254.jpg,21
./balancer/uniform/uniform100real\21\5318.jpg,21
./balancer/uniform/uniform100real\21\5342.jpg,21
./balancer/uniform/uniform100real\21\5418.JPG,21
./balancer/uniform/uniform100real\21\5454.jpg,21
./balancer/uniform/uniform100real\21\5523.jpg,21
./balancer/uniform/uniform100real\21\5525.jpg,21
./balancer/uniform/uniform100real\21\5583.jpg,21
./balancer/uniform/uniform100real\21\5684.JPG,21
./balancer/uniform/uniform100real\21\5705.JPG,21
./balancer/uniform/uniform100real\21\5761.jpg,21
./balancer/uniform/uniform100real\21\5860.jpg,21
./balancer/uniform/uniform100real\21\5908.jpg,21
./balancer/uniform/uniform100real\21\5982.jpg,21
./balancer/uniform/uniform100real\21\6.JPG,21
./balancer/uniform/uniform100real\21\6209.jpg,21
./balancer/uniform/uniform100real\21\6220.jpg,21
./balancer/uniform/uniform100real\21\6237.jpg,21
./balancer/uniform/uniform100real\21\6262.jpg,21
./balancer/uniform/uniform100real\21\6434.jpg,21
./balancer/uniform/uniform100real\21\6450.jpg,21
./balancer/uniform/uniform100real\21\6472.jpg,21
./balancer/uniform/uniform100real\21\6503.jpg,21
./balancer/uniform/uniform100real\21\6520.JPG,21
./balancer/uniform/uniform100real\21\6544.jpg,21
./balancer/uniform/uniform100real\21\6591.jpg,21
./balancer/uniform/uniform100real\21\6594.jpg,21
./balancer/uniform/uniform100real\21\66.jpg,21
./balancer/uniform/uniform100real\21\6669.jpg,21
./balancer/uniform/uniform100real\21\670.jpg,21
./balancer/uniform/uniform100real\21\6711.JPG,21
./balancer/uniform/uniform100real\21\6737.jpg,21
./balancer/uniform/uniform100real\21\6741.jpg,21
./balancer/uniform/uniform100real\21\6755.jpg,21
./balancer/uniform/uniform100real\21\6785.jpg,21
./balancer/uniform/uniform100real\21\6886.jpg,21
./balancer/uniform/uniform100real\21\6940.JPG,21
./balancer/uniform/uniform100real\21\6965.jpg,21
./balancer/uniform/uniform100real\21\7032.jpg,21
./balancer/uniform/uniform100real\21\7034.jpg,21
./balancer/uniform/uniform100real\21\7074.jpg,21
./balancer/uniform/uniform100real\21\7111.JPG,21
./balancer/uniform/uniform100real\21\7129.JPG,21
./balancer/uniform/uniform100real\21\713.jpg,21
./balancer/uniform/uniform100real\21\7149.jpg,21
./balancer/uniform/uniform100real\21\7155.JPG,21
./balancer/uniform/uniform100real\21\7261.jpg,21
./balancer/uniform/uniform100real\21\7325.jpg,21
./balancer/uniform/uniform100real\21\7341.jpg,21
./balancer/uniform/uniform100real\21\7349.jpg,21
./balancer/uniform/uniform100real\21\7442.jpg,21
./balancer/uniform/uniform100real\21\7444.jpg,21
./balancer/uniform/uniform100real\21\7518.jpg,21
./balancer/uniform/uniform100real\21\7548.jpg,21
./balancer/uniform/uniform100real\21\7599.jpg,21
./balancer/uniform/uniform100real\21\7607.JPG,21
./balancer/uniform/uniform100real\21\7643.jpg,21
./balancer/uniform/uniform100real\21\7714.jpg,21
./balancer/uniform/uniform100real\21\7724.JPG,21
./balancer/uniform/uniform100real\21\7779.jpg,21
./balancer/uniform/uniform100real\21\7944.jpg,21
./balancer/uniform/uniform100real\21\7958.jpg,21
./balancer/uniform/uniform100real\21\7966.jpg,21
./balancer/uniform/uniform100real\21\8037.jpg,21
./balancer/uniform/uniform100real\21\8053.jpg,21
./balancer/uniform/uniform100real\21\8062.jpg,21
./balancer/uniform/uniform100real\21\807.jpg,21
./balancer/uniform/uniform100real\21\8113.JPG,21
./balancer/uniform/uniform100real\21\8119.JPG,21
./balancer/uniform/uniform100real\21\8160.jpg,21
./balancer/uniform/uniform100real\21\8229.jpg,21
./balancer/uniform/uniform100real\21\8258.jpg,21
./balancer/uniform/uniform100real\21\8348.jpg,21
./balancer/uniform/uniform100real\21\835.jpg,21
./balancer/uniform/uniform100real\21\8350.jpg,21
./balancer/uniform/uniform100real\21\8363.JPG,21
./balancer/uniform/uniform100real\21\8400.jpg,21
./balancer/uniform/uniform100real\21\8418.jpg,21
./balancer/uniform/uniform100real\21\8614.JPG,21
./balancer/uniform/uniform100real\21\866.JPG,21
./balancer/uniform/uniform100real\21\8686.jpg,21
./balancer/uniform/uniform100real\21\8721.JPG,21
./balancer/uniform/uniform100real\21\8815.JPG,21
./balancer/uniform/uniform100real\21\962.jpg,21
./balancer/uniform/uniform100real\21\970.jpg,21
./balancer/uniform/uniform100real\22\1.jpg,22
./balancer/uniform/uniform100real\22\10037.jpg,22
./balancer/uniform/uniform100real\22\10052.jpg,22
./balancer/uniform/uniform100real\22\10059.jpg,22
./balancer/uniform/uniform100real\22\10190.jpg,22
./balancer/uniform/uniform100real\22\10214.jpg,22
./balancer/uniform/uniform100real\22\10241.jpg,22
./balancer/uniform/uniform100real\22\1047.jpg,22
./balancer/uniform/uniform100real\22\1050.JPG,22
./balancer/uniform/uniform100real\22\1114.jpg,22
./balancer/uniform/uniform100real\22\1137.JPG,22
./balancer/uniform/uniform100real\22\1141.jpg,22
./balancer/uniform/uniform100real\22\1160.jpg,22
./balancer/uniform/uniform100real\22\1223.jpg,22
./balancer/uniform/uniform100real\22\1236.JPG,22
./balancer/uniform/uniform100real\22\125.jpg,22
./balancer/uniform/uniform100real\22\1271.jpg,22
./balancer/uniform/uniform100real\22\128.JPG,22
./balancer/uniform/uniform100real\22\1287.jpg,22
./balancer/uniform/uniform100real\22\1366.jpg,22
./balancer/uniform/uniform100real\22\1381.JPG,22
./balancer/uniform/uniform100real\22\1477.jpg,22
./balancer/uniform/uniform100real\22\157.jpg,22
./balancer/uniform/uniform100real\22\1677.JPG,22
./balancer/uniform/uniform100real\22\17.jpg,22
./balancer/uniform/uniform100real\22\1755.jpg,22
./balancer/uniform/uniform100real\22\1789.jpg,22
./balancer/uniform/uniform100real\22\1809.jpg,22
./balancer/uniform/uniform100real\22\1858.jpg,22
./balancer/uniform/uniform100real\22\1889.jpg,22
./balancer/uniform/uniform100real\22\1897.jpg,22
./balancer/uniform/uniform100real\22\2063.jpg,22
./balancer/uniform/uniform100real\22\2102.JPG,22
./balancer/uniform/uniform100real\22\2142.jpg,22
./balancer/uniform/uniform100real\22\2160.jpg,22
./balancer/uniform/uniform100real\22\2236.jpg,22
./balancer/uniform/uniform100real\22\2282.jpg,22
./balancer/uniform/uniform100real\22\2406.jpg,22
./balancer/uniform/uniform100real\22\2527.JPG,22
./balancer/uniform/uniform100real\22\2544.JPG,22
./balancer/uniform/uniform100real\22\2621.jpg,22
./balancer/uniform/uniform100real\22\2653.jpg,22
./balancer/uniform/uniform100real\22\2677.JPG,22
./balancer/uniform/uniform100real\22\2705.jpg,22
./balancer/uniform/uniform100real\22\2714.jpg,22
./balancer/uniform/uniform100real\22\275.jpg,22
./balancer/uniform/uniform100real\22\2822.JPG,22
./balancer/uniform/uniform100real\22\2862.jpg,22
./balancer/uniform/uniform100real\22\2886.jpg,22
./balancer/uniform/uniform100real\22\2938.jpg,22
./balancer/uniform/uniform100real\22\2970.jpg,22
./balancer/uniform/uniform100real\22\3009.jpg,22
./balancer/uniform/uniform100real\22\3050.jpg,22
./balancer/uniform/uniform100real\22\3055.jpg,22
./balancer/uniform/uniform100real\22\3056.jpg,22
./balancer/uniform/uniform100real\22\3071.jpg,22
./balancer/uniform/uniform100real\22\3181.JPG,22
./balancer/uniform/uniform100real\22\3203.jpg,22
./balancer/uniform/uniform100real\22\3462.jpg,22
./balancer/uniform/uniform100real\22\3463.jpg,22
./balancer/uniform/uniform100real\22\3466.JPG,22
./balancer/uniform/uniform100real\22\3474.jpg,22
./balancer/uniform/uniform100real\22\3502.jpg,22
./balancer/uniform/uniform100real\22\353.jpg,22
./balancer/uniform/uniform100real\22\3632.JPG,22
./balancer/uniform/uniform100real\22\3757.jpg,22
./balancer/uniform/uniform100real\22\3821.jpg,22
./balancer/uniform/uniform100real\22\3845.jpg,22
./balancer/uniform/uniform100real\22\3875.jpg,22
./balancer/uniform/uniform100real\22\3883.JPG,22
./balancer/uniform/uniform100real\22\3937.jpg,22
./balancer/uniform/uniform100real\22\395.jpg,22
./balancer/uniform/uniform100real\22\3991.jpg,22
./balancer/uniform/uniform100real\22\3994.jpg,22
./balancer/uniform/uniform100real\22\4101.jpg,22
./balancer/uniform/uniform100real\22\4245.jpg,22
./balancer/uniform/uniform100real\22\43.jpg,22
./balancer/uniform/uniform100real\22\4406.jpg,22
./balancer/uniform/uniform100real\22\4430.JPG,22
./balancer/uniform/uniform100real\22\4523.jpg,22
./balancer/uniform/uniform100real\22\4546.jpg,22
./balancer/uniform/uniform100real\22\4595.jpg,22
./balancer/uniform/uniform100real\22\4681.jpg,22
./balancer/uniform/uniform100real\22\4696.JPG,22
./balancer/uniform/uniform100real\22\4708.jpg,22
./balancer/uniform/uniform100real\22\4938.jpg,22
./balancer/uniform/uniform100real\22\4991.jpg,22
./balancer/uniform/uniform100real\22\5006.jpg,22
./balancer/uniform/uniform100real\22\5025.jpg,22
./balancer/uniform/uniform100real\22\5091.JPG,22
./balancer/uniform/uniform100real\22\5120.jpg,22
./balancer/uniform/uniform100real\22\5164.jpg,22
./balancer/uniform/uniform100real\22\5170.jpg,22
./balancer/uniform/uniform100real\22\5208.jpg,22
./balancer/uniform/uniform100real\22\5250.jpg,22
./balancer/uniform/uniform100real\22\526.jpg,22
./balancer/uniform/uniform100real\22\5316.jpg,22
./balancer/uniform/uniform100real\22\5425.jpg,22
./balancer/uniform/uniform100real\22\545.jpg,22
./balancer/uniform/uniform100real\22\5541.jpg,22
./balancer/uniform/uniform100real\22\5562.JPG,22
./balancer/uniform/uniform100real\22\5607.JPG,22
./balancer/uniform/uniform100real\22\5636.jpg,22
./balancer/uniform/uniform100real\22\5677.jpg,22
./balancer/uniform/uniform100real\22\5736.JPG,22
./balancer/uniform/uniform100real\22\5759.jpg,22
./balancer/uniform/uniform100real\22\581.jpg,22
./balancer/uniform/uniform100real\22\5835.jpg,22
./balancer/uniform/uniform100real\22\5881.jpg,22
./balancer/uniform/uniform100real\22\5947.jpg,22
./balancer/uniform/uniform100real\22\5951.jpg,22
./balancer/uniform/uniform100real\22\5955.jpg,22
./balancer/uniform/uniform100real\22\6097.jpg,22
./balancer/uniform/uniform100real\22\610.jpg,22
./balancer/uniform/uniform100real\22\6103.jpg,22
./balancer/uniform/uniform100real\22\6221.jpg,22
./balancer/uniform/uniform100real\22\6247.JPG,22
./balancer/uniform/uniform100real\22\6320.jpg,22
./balancer/uniform/uniform100real\22\6346.jpg,22
./balancer/uniform/uniform100real\22\6426.jpg,22
./balancer/uniform/uniform100real\22\643.jpg,22
./balancer/uniform/uniform100real\22\6472.jpg,22
./balancer/uniform/uniform100real\22\6530.jpg,22
./balancer/uniform/uniform100real\22\6584.jpg,22
./balancer/uniform/uniform100real\22\6640.jpg,22
./balancer/uniform/uniform100real\22\6681.jpg,22
./balancer/uniform/uniform100real\22\672.jpg,22
./balancer/uniform/uniform100real\22\6722.JPG,22
./balancer/uniform/uniform100real\22\674.jpg,22
./balancer/uniform/uniform100real\22\6793.jpg,22
./balancer/uniform/uniform100real\22\6819.jpg,22
./balancer/uniform/uniform100real\22\7042.JPG,22
./balancer/uniform/uniform100real\22\7111.jpg,22
./balancer/uniform/uniform100real\22\7143.jpg,22
./balancer/uniform/uniform100real\22\7146.jpg,22
./balancer/uniform/uniform100real\22\7151.jpg,22
./balancer/uniform/uniform100real\22\719.jpg,22
./balancer/uniform/uniform100real\22\7223.jpg,22
./balancer/uniform/uniform100real\22\7389.jpg,22
./balancer/uniform/uniform100real\22\7420.jpg,22
./balancer/uniform/uniform100real\22\7450.jpg,22
./balancer/uniform/uniform100real\22\7454.jpg,22
./balancer/uniform/uniform100real\22\7462.jpg,22
./balancer/uniform/uniform100real\22\755.jpg,22
./balancer/uniform/uniform100real\22\760.JPG,22
./balancer/uniform/uniform100real\22\7631.JPG,22
./balancer/uniform/uniform100real\22\7636.jpg,22
./balancer/uniform/uniform100real\22\7655.jpg,22
./balancer/uniform/uniform100real\22\767.jpg,22
./balancer/uniform/uniform100real\22\7681.jpg,22
./balancer/uniform/uniform100real\22\7687.jpg,22
./balancer/uniform/uniform100real\22\7689.jpg,22
./balancer/uniform/uniform100real\22\7739.jpg,22
./balancer/uniform/uniform100real\22\7891.jpg,22
./balancer/uniform/uniform100real\22\7898.jpg,22
./balancer/uniform/uniform100real\22\7905.jpg,22
./balancer/uniform/uniform100real\22\7994.jpg,22
./balancer/uniform/uniform100real\22\8039.JPG,22
./balancer/uniform/uniform100real\22\8103.jpg,22
./balancer/uniform/uniform100real\22\8112.jpg,22
./balancer/uniform/uniform100real\22\8132.jpg,22
./balancer/uniform/uniform100real\22\8152.jpg,22
./balancer/uniform/uniform100real\22\8267.jpg,22
./balancer/uniform/uniform100real\22\8319.jpg,22
./balancer/uniform/uniform100real\22\8337.jpg,22
./balancer/uniform/uniform100real\22\8339.jpg,22
./balancer/uniform/uniform100real\22\8397.jpg,22
./balancer/uniform/uniform100real\22\8575.jpg,22
./balancer/uniform/uniform100real\22\8590.jpg,22
./balancer/uniform/uniform100real\22\8613.jpg,22
./balancer/uniform/uniform100real\22\8644.jpg,22
./balancer/uniform/uniform100real\22\8653.jpg,22
./balancer/uniform/uniform100real\22\8662.jpg,22
./balancer/uniform/uniform100real\22\8686.jpg,22
./balancer/uniform/uniform100real\22\8707.jpg,22
./balancer/uniform/uniform100real\22\8748.jpg,22
./balancer/uniform/uniform100real\22\8800.jpg,22
./balancer/uniform/uniform100real\22\8806.JPG,22
./balancer/uniform/uniform100real\22\8887.jpg,22
./balancer/uniform/uniform100real\22\8910.jpg,22
./balancer/uniform/uniform100real\22\9016.jpg,22
./balancer/uniform/uniform100real\22\9043.jpg,22
./balancer/uniform/uniform100real\22\9067.jpg,22
./balancer/uniform/uniform100real\22\9087.jpg,22
./balancer/uniform/uniform100real\22\9187.JPG,22
./balancer/uniform/uniform100real\22\9245.jpg,22
./balancer/uniform/uniform100real\22\9246.jpg,22
./balancer/uniform/uniform100real\22\9249.jpg,22
./balancer/uniform/uniform100real\22\9265.jpg,22
./balancer/uniform/uniform100real\22\9371.jpg,22
./balancer/uniform/uniform100real\22\9381.jpg,22
./balancer/uniform/uniform100real\22\9521.jpg,22
./balancer/uniform/uniform100real\22\9523.JPG,22
./balancer/uniform/uniform100real\22\9526.JPG,22
./balancer/uniform/uniform100real\22\9550.jpg,22
./balancer/uniform/uniform100real\22\958.JPG,22
./balancer/uniform/uniform100real\22\9690.jpg,22
./balancer/uniform/uniform100real\22\976.jpg,22
./balancer/uniform/uniform100real\22\9763.JPG,22
./balancer/uniform/uniform100real\22\980.jpg,22
./balancer/uniform/uniform100real\22\9893.JPG,22
./balancer/uniform/uniform100real\22\9897.jpg,22
./balancer/uniform/uniform100real\22\9951.jpg,22
./balancer/uniform/uniform100real\23\10003.jpg,23
./balancer/uniform/uniform100real\23\1004.jpg,23
./balancer/uniform/uniform100real\23\10114.JPG,23
./balancer/uniform/uniform100real\23\1018.jpg,23
./balancer/uniform/uniform100real\23\1021.jpg,23
./balancer/uniform/uniform100real\23\10415.JPG,23
./balancer/uniform/uniform100real\23\10453.jpg,23
./balancer/uniform/uniform100real\23\10470.JPG,23
./balancer/uniform/uniform100real\23\10518.jpg,23
./balancer/uniform/uniform100real\23\10630.jpg,23
./balancer/uniform/uniform100real\23\10646.jpg,23
./balancer/uniform/uniform100real\23\10667.jpg,23
./balancer/uniform/uniform100real\23\1120.jpg,23
./balancer/uniform/uniform100real\23\1176.jpg,23
./balancer/uniform/uniform100real\23\1278.jpg,23
./balancer/uniform/uniform100real\23\1391.jpg,23
./balancer/uniform/uniform100real\23\1484.jpg,23
./balancer/uniform/uniform100real\23\156.jpg,23
./balancer/uniform/uniform100real\23\165.jpg,23
./balancer/uniform/uniform100real\23\1655.JPG,23
./balancer/uniform/uniform100real\23\1659.JPG,23
./balancer/uniform/uniform100real\23\1712.jpg,23
./balancer/uniform/uniform100real\23\1737.jpg,23
./balancer/uniform/uniform100real\23\1799.jpg,23
./balancer/uniform/uniform100real\23\1826.jpg,23
./balancer/uniform/uniform100real\23\1846.jpg,23
./balancer/uniform/uniform100real\23\1891.jpg,23
./balancer/uniform/uniform100real\23\1914.jpg,23
./balancer/uniform/uniform100real\23\1929.jpg,23
./balancer/uniform/uniform100real\23\198.jpg,23
./balancer/uniform/uniform100real\23\2068.JPG,23
./balancer/uniform/uniform100real\23\2122.jpg,23
./balancer/uniform/uniform100real\23\2161.jpg,23
./balancer/uniform/uniform100real\23\2179.JPG,23
./balancer/uniform/uniform100real\23\2198.jpg,23
./balancer/uniform/uniform100real\23\224.jpg,23
./balancer/uniform/uniform100real\23\2426.jpg,23
./balancer/uniform/uniform100real\23\2453.JPG,23
./balancer/uniform/uniform100real\23\2463.jpg,23
./balancer/uniform/uniform100real\23\2465.jpg,23
./balancer/uniform/uniform100real\23\2565.jpg,23
./balancer/uniform/uniform100real\23\2599.jpg,23
./balancer/uniform/uniform100real\23\2605.jpg,23
./balancer/uniform/uniform100real\23\2663.jpg,23
./balancer/uniform/uniform100real\23\2680.JPG,23
./balancer/uniform/uniform100real\23\2696.jpg,23
./balancer/uniform/uniform100real\23\2710.jpg,23
./balancer/uniform/uniform100real\23\2748.JPG,23
./balancer/uniform/uniform100real\23\277.jpg,23
./balancer/uniform/uniform100real\23\2783.JPG,23
./balancer/uniform/uniform100real\23\2922.jpg,23
./balancer/uniform/uniform100real\23\2946.jpg,23
./balancer/uniform/uniform100real\23\2954.jpg,23
./balancer/uniform/uniform100real\23\2992.JPG,23
./balancer/uniform/uniform100real\23\303.jpg,23
./balancer/uniform/uniform100real\23\3036.jpg,23
./balancer/uniform/uniform100real\23\3050.jpg,23
./balancer/uniform/uniform100real\23\3091.jpg,23
./balancer/uniform/uniform100real\23\3100.jpg,23
./balancer/uniform/uniform100real\23\3183.jpg,23
./balancer/uniform/uniform100real\23\3358.jpg,23
./balancer/uniform/uniform100real\23\3384.JPG,23
./balancer/uniform/uniform100real\23\3405.JPG,23
./balancer/uniform/uniform100real\23\3410.jpg,23
./balancer/uniform/uniform100real\23\3487.jpg,23
./balancer/uniform/uniform100real\23\3508.jpg,23
./balancer/uniform/uniform100real\23\3530.JPG,23
./balancer/uniform/uniform100real\23\3540.JPG,23
./balancer/uniform/uniform100real\23\3682.jpg,23
./balancer/uniform/uniform100real\23\3695.jpg,23
./balancer/uniform/uniform100real\23\3806.jpg,23
./balancer/uniform/uniform100real\23\3884.JPG,23
./balancer/uniform/uniform100real\23\3986.jpg,23
./balancer/uniform/uniform100real\23\422.JPG,23
./balancer/uniform/uniform100real\23\4261.jpg,23
./balancer/uniform/uniform100real\23\4262.jpg,23
./balancer/uniform/uniform100real\23\4267.JPG,23
./balancer/uniform/uniform100real\23\4299.JPG,23
./balancer/uniform/uniform100real\23\4385.jpg,23
./balancer/uniform/uniform100real\23\44.jpg,23
./balancer/uniform/uniform100real\23\4426.jpg,23
./balancer/uniform/uniform100real\23\4444.jpg,23
./balancer/uniform/uniform100real\23\4468.jpg,23
./balancer/uniform/uniform100real\23\4469.jpg,23
./balancer/uniform/uniform100real\23\447.jpg,23
./balancer/uniform/uniform100real\23\4513.jpg,23
./balancer/uniform/uniform100real\23\4532.jpg,23
./balancer/uniform/uniform100real\23\4562.jpg,23
./balancer/uniform/uniform100real\23\4634.jpg,23
./balancer/uniform/uniform100real\23\4846.JPG,23
./balancer/uniform/uniform100real\23\4927.jpg,23
./balancer/uniform/uniform100real\23\494.jpg,23
./balancer/uniform/uniform100real\23\5072.JPG,23
./balancer/uniform/uniform100real\23\5116.jpg,23
./balancer/uniform/uniform100real\23\5117.jpg,23
./balancer/uniform/uniform100real\23\5134.jpg,23
./balancer/uniform/uniform100real\23\5291.jpg,23
./balancer/uniform/uniform100real\23\5323.jpg,23
./balancer/uniform/uniform100real\23\5350.jpg,23
./balancer/uniform/uniform100real\23\5446.jpg,23
./balancer/uniform/uniform100real\23\5453.JPG,23
./balancer/uniform/uniform100real\23\5534.JPG,23
./balancer/uniform/uniform100real\23\5646.jpg,23
./balancer/uniform/uniform100real\23\5795.jpg,23
./balancer/uniform/uniform100real\23\5854.jpg,23
./balancer/uniform/uniform100real\23\5929.jpg,23
./balancer/uniform/uniform100real\23\6090.jpg,23
./balancer/uniform/uniform100real\23\615.jpg,23
./balancer/uniform/uniform100real\23\6183.jpg,23
./balancer/uniform/uniform100real\23\6184.jpg,23
./balancer/uniform/uniform100real\23\6269.JPG,23
./balancer/uniform/uniform100real\23\6288.jpg,23
./balancer/uniform/uniform100real\23\6296.JPG,23
./balancer/uniform/uniform100real\23\6300.jpg,23
./balancer/uniform/uniform100real\23\6320.jpg,23
./balancer/uniform/uniform100real\23\6322.jpg,23
./balancer/uniform/uniform100real\23\638.jpg,23
./balancer/uniform/uniform100real\23\6466.jpg,23
./balancer/uniform/uniform100real\23\6607.jpg,23
./balancer/uniform/uniform100real\23\6646.JPG,23
./balancer/uniform/uniform100real\23\6673.jpg,23
./balancer/uniform/uniform100real\23\6694.jpg,23
./balancer/uniform/uniform100real\23\6764.JPG,23
./balancer/uniform/uniform100real\23\6817.jpg,23
./balancer/uniform/uniform100real\23\6912.jpg,23
./balancer/uniform/uniform100real\23\6942.jpg,23
./balancer/uniform/uniform100real\23\6950.jpg,23
./balancer/uniform/uniform100real\23\6968.jpg,23
./balancer/uniform/uniform100real\23\700.jpg,23
./balancer/uniform/uniform100real\23\701.jpg,23
./balancer/uniform/uniform100real\23\7014.jpg,23
./balancer/uniform/uniform100real\23\7017.jpg,23
./balancer/uniform/uniform100real\23\7034.jpg,23
./balancer/uniform/uniform100real\23\707.jpg,23
./balancer/uniform/uniform100real\23\7093.jpg,23
./balancer/uniform/uniform100real\23\71.jpg,23
./balancer/uniform/uniform100real\23\7138.jpg,23
./balancer/uniform/uniform100real\23\7228.jpg,23
./balancer/uniform/uniform100real\23\7324.jpg,23
./balancer/uniform/uniform100real\23\7388.jpg,23
./balancer/uniform/uniform100real\23\74.jpg,23
./balancer/uniform/uniform100real\23\745.jpg,23
./balancer/uniform/uniform100real\23\7468.jpg,23
./balancer/uniform/uniform100real\23\7485.jpg,23
./balancer/uniform/uniform100real\23\7532.jpg,23
./balancer/uniform/uniform100real\23\7569.jpg,23
./balancer/uniform/uniform100real\23\7605.jpg,23
./balancer/uniform/uniform100real\23\7639.jpg,23
./balancer/uniform/uniform100real\23\7678.jpg,23
./balancer/uniform/uniform100real\23\770.jpg,23
./balancer/uniform/uniform100real\23\7747.JPG,23
./balancer/uniform/uniform100real\23\7810.jpg,23
./balancer/uniform/uniform100real\23\785.jpg,23
./balancer/uniform/uniform100real\23\7864.jpg,23
./balancer/uniform/uniform100real\23\7928.jpg,23
./balancer/uniform/uniform100real\23\7938.jpg,23
./balancer/uniform/uniform100real\23\7959.jpg,23
./balancer/uniform/uniform100real\23\81.jpg,23
./balancer/uniform/uniform100real\23\8105.jpg,23
./balancer/uniform/uniform100real\23\8170.jpg,23
./balancer/uniform/uniform100real\23\8254.jpg,23
./balancer/uniform/uniform100real\23\8318.jpg,23
./balancer/uniform/uniform100real\23\8352.jpg,23
./balancer/uniform/uniform100real\23\8411.JPG,23
./balancer/uniform/uniform100real\23\8440.jpg,23
./balancer/uniform/uniform100real\23\8573.jpg,23
./balancer/uniform/uniform100real\23\8575.jpg,23
./balancer/uniform/uniform100real\23\866.JPG,23
./balancer/uniform/uniform100real\23\8724.jpg,23
./balancer/uniform/uniform100real\23\8781.jpg,23
./balancer/uniform/uniform100real\23\8833.jpg,23
./balancer/uniform/uniform100real\23\8851.jpg,23
./balancer/uniform/uniform100real\23\8882.jpg,23
./balancer/uniform/uniform100real\23\8912.jpg,23
./balancer/uniform/uniform100real\23\8935.jpg,23
./balancer/uniform/uniform100real\23\8980.jpg,23
./balancer/uniform/uniform100real\23\9015.jpg,23
./balancer/uniform/uniform100real\23\9068.jpg,23
./balancer/uniform/uniform100real\23\9135.jpg,23
./balancer/uniform/uniform100real\23\9201.jpg,23
./balancer/uniform/uniform100real\23\9247.jpg,23
./balancer/uniform/uniform100real\23\9299.jpg,23
./balancer/uniform/uniform100real\23\9328.jpg,23
./balancer/uniform/uniform100real\23\9347.jpg,23
./balancer/uniform/uniform100real\23\9371.jpg,23
./balancer/uniform/uniform100real\23\9433.jpg,23
./balancer/uniform/uniform100real\23\9442.jpg,23
./balancer/uniform/uniform100real\23\9448.jpg,23
./balancer/uniform/uniform100real\23\948.jpg,23
./balancer/uniform/uniform100real\23\9550.jpg,23
./balancer/uniform/uniform100real\23\9573.jpg,23
./balancer/uniform/uniform100real\23\9691.jpg,23
./balancer/uniform/uniform100real\23\9723.jpg,23
./balancer/uniform/uniform100real\23\9739.jpg,23
./balancer/uniform/uniform100real\23\9747.jpg,23
./balancer/uniform/uniform100real\23\9756.jpg,23
./balancer/uniform/uniform100real\23\9761.jpg,23
./balancer/uniform/uniform100real\23\979.jpg,23
./balancer/uniform/uniform100real\23\9792.jpg,23
./balancer/uniform/uniform100real\23\9799.jpg,23
./balancer/uniform/uniform100real\23\9839.jpg,23
./balancer/uniform/uniform100real\23\9947.jpg,23
./balancer/uniform/uniform100real\23\997.JPG,23
./balancer/uniform/uniform100real\24\10079.jpg,24
./balancer/uniform/uniform100real\24\10126.jpg,24
./balancer/uniform/uniform100real\24\10140.jpg,24
./balancer/uniform/uniform100real\24\10287.jpg,24
./balancer/uniform/uniform100real\24\10337.jpg,24
./balancer/uniform/uniform100real\24\10340.JPG,24
./balancer/uniform/uniform100real\24\10346.jpg,24
./balancer/uniform/uniform100real\24\10428.jpg,24
./balancer/uniform/uniform100real\24\10457.jpg,24
./balancer/uniform/uniform100real\24\10485.jpg,24
./balancer/uniform/uniform100real\24\10531.jpg,24
./balancer/uniform/uniform100real\24\10537.jpg,24
./balancer/uniform/uniform100real\24\10541.jpg,24
./balancer/uniform/uniform100real\24\1056.jpg,24
./balancer/uniform/uniform100real\24\10600.jpg,24
./balancer/uniform/uniform100real\24\10734.jpg,24
./balancer/uniform/uniform100real\24\10788.jpg,24
./balancer/uniform/uniform100real\24\11018.JPG,24
./balancer/uniform/uniform100real\24\11093.jpg,24
./balancer/uniform/uniform100real\24\11112.jpg,24
./balancer/uniform/uniform100real\24\11130.jpg,24
./balancer/uniform/uniform100real\24\11166.jpg,24
./balancer/uniform/uniform100real\24\11190.jpg,24
./balancer/uniform/uniform100real\24\11202.jpg,24
./balancer/uniform/uniform100real\24\11210.jpg,24
./balancer/uniform/uniform100real\24\11293.JPG,24
./balancer/uniform/uniform100real\24\11324.jpg,24
./balancer/uniform/uniform100real\24\11355.jpg,24
./balancer/uniform/uniform100real\24\11356.jpg,24
./balancer/uniform/uniform100real\24\11375.jpg,24
./balancer/uniform/uniform100real\24\11392.jpg,24
./balancer/uniform/uniform100real\24\11465.jpg,24
./balancer/uniform/uniform100real\24\11466.jpg,24
./balancer/uniform/uniform100real\24\11551.jpg,24
./balancer/uniform/uniform100real\24\11624.jpg,24
./balancer/uniform/uniform100real\24\11637.jpg,24
./balancer/uniform/uniform100real\24\11673.jpg,24
./balancer/uniform/uniform100real\24\11704.jpg,24
./balancer/uniform/uniform100real\24\11742.jpg,24
./balancer/uniform/uniform100real\24\11768.JPG,24
./balancer/uniform/uniform100real\24\11905.jpg,24
./balancer/uniform/uniform100real\24\11952.jpg,24
./balancer/uniform/uniform100real\24\11954.jpg,24
./balancer/uniform/uniform100real\24\11993.jpg,24
./balancer/uniform/uniform100real\24\12025.jpg,24
./balancer/uniform/uniform100real\24\12080.jpg,24
./balancer/uniform/uniform100real\24\12156.jpg,24
./balancer/uniform/uniform100real\24\12224.jpg,24
./balancer/uniform/uniform100real\24\12245.jpg,24
./balancer/uniform/uniform100real\24\12317.jpg,24
./balancer/uniform/uniform100real\24\12393.jpg,24
./balancer/uniform/uniform100real\24\12412.JPG,24
./balancer/uniform/uniform100real\24\12466.jpg,24
./balancer/uniform/uniform100real\24\12477.jpg,24
./balancer/uniform/uniform100real\24\1272.jpg,24
./balancer/uniform/uniform100real\24\1358.JPG,24
./balancer/uniform/uniform100real\24\1365.JPG,24
./balancer/uniform/uniform100real\24\1416.jpg,24
./balancer/uniform/uniform100real\24\1460.jpg,24
./balancer/uniform/uniform100real\24\1489.jpg,24
./balancer/uniform/uniform100real\24\1511.jpg,24
./balancer/uniform/uniform100real\24\1514.JPG,24
./balancer/uniform/uniform100real\24\1531.jpg,24
./balancer/uniform/uniform100real\24\1538.jpg,24
./balancer/uniform/uniform100real\24\1595.jpg,24
./balancer/uniform/uniform100real\24\1598.jpg,24
./balancer/uniform/uniform100real\24\1633.JPG,24
./balancer/uniform/uniform100real\24\169.jpg,24
./balancer/uniform/uniform100real\24\1705.jpg,24
./balancer/uniform/uniform100real\24\1735.jpg,24
./balancer/uniform/uniform100real\24\1812.jpg,24
./balancer/uniform/uniform100real\24\1859.jpg,24
./balancer/uniform/uniform100real\24\1884.jpg,24
./balancer/uniform/uniform100real\24\192.jpg,24
./balancer/uniform/uniform100real\24\2043.jpg,24
./balancer/uniform/uniform100real\24\2082.jpg,24
./balancer/uniform/uniform100real\24\2115.jpg,24
./balancer/uniform/uniform100real\24\2138.jpg,24
./balancer/uniform/uniform100real\24\2157.jpg,24
./balancer/uniform/uniform100real\24\2175.JPG,24
./balancer/uniform/uniform100real\24\241.jpg,24
./balancer/uniform/uniform100real\24\2440.jpg,24
./balancer/uniform/uniform100real\24\2508.jpg,24
./balancer/uniform/uniform100real\24\259.jpg,24
./balancer/uniform/uniform100real\24\2707.JPG,24
./balancer/uniform/uniform100real\24\2740.jpg,24
./balancer/uniform/uniform100real\24\2782.JPG,24
./balancer/uniform/uniform100real\24\2808.jpg,24
./balancer/uniform/uniform100real\24\2981.jpg,24
./balancer/uniform/uniform100real\24\3002.jpg,24
./balancer/uniform/uniform100real\24\3079.jpg,24
./balancer/uniform/uniform100real\24\3130.jpg,24
./balancer/uniform/uniform100real\24\3157.jpg,24
./balancer/uniform/uniform100real\24\3171.jpg,24
./balancer/uniform/uniform100real\24\3347.jpg,24
./balancer/uniform/uniform100real\24\3380.jpg,24
./balancer/uniform/uniform100real\24\3441.jpg,24
./balancer/uniform/uniform100real\24\3551.jpg,24
./balancer/uniform/uniform100real\24\364.jpg,24
./balancer/uniform/uniform100real\24\3691.JPG,24
./balancer/uniform/uniform100real\24\3791.jpg,24
./balancer/uniform/uniform100real\24\3971.jpg,24
./balancer/uniform/uniform100real\24\420.jpg,24
./balancer/uniform/uniform100real\24\4241.jpg,24
./balancer/uniform/uniform100real\24\4254.jpg,24
./balancer/uniform/uniform100real\24\4262.jpg,24
./balancer/uniform/uniform100real\24\4443.JPG,24
./balancer/uniform/uniform100real\24\4486.JPG,24
./balancer/uniform/uniform100real\24\4499.jpg,24
./balancer/uniform/uniform100real\24\4569.jpg,24
./balancer/uniform/uniform100real\24\4597.jpg,24
./balancer/uniform/uniform100real\24\4785.jpg,24
./balancer/uniform/uniform100real\24\4874.jpg,24
./balancer/uniform/uniform100real\24\4978.jpg,24
./balancer/uniform/uniform100real\24\4998.jpg,24
./balancer/uniform/uniform100real\24\5285.jpg,24
./balancer/uniform/uniform100real\24\5386.jpg,24
./balancer/uniform/uniform100real\24\5443.jpg,24
./balancer/uniform/uniform100real\24\5567.jpg,24
./balancer/uniform/uniform100real\24\5604.jpg,24
./balancer/uniform/uniform100real\24\563.jpg,24
./balancer/uniform/uniform100real\24\5702.jpg,24
./balancer/uniform/uniform100real\24\5725.jpg,24
./balancer/uniform/uniform100real\24\5737.jpg,24
./balancer/uniform/uniform100real\24\5837.jpg,24
./balancer/uniform/uniform100real\24\5934.JPG,24
./balancer/uniform/uniform100real\24\5951.jpg,24
./balancer/uniform/uniform100real\24\6046.jpg,24
./balancer/uniform/uniform100real\24\6079.jpg,24
./balancer/uniform/uniform100real\24\6176.jpg,24
./balancer/uniform/uniform100real\24\6211.jpg,24
./balancer/uniform/uniform100real\24\6256.jpg,24
./balancer/uniform/uniform100real\24\6301.jpg,24
./balancer/uniform/uniform100real\24\6305.jpg,24
./balancer/uniform/uniform100real\24\6336.jpg,24
./balancer/uniform/uniform100real\24\6340.jpg,24
./balancer/uniform/uniform100real\24\6348.jpg,24
./balancer/uniform/uniform100real\24\6381.jpg,24
./balancer/uniform/uniform100real\24\6544.jpg,24
./balancer/uniform/uniform100real\24\6594.jpg,24
./balancer/uniform/uniform100real\24\6605.jpg,24
./balancer/uniform/uniform100real\24\6615.jpg,24
./balancer/uniform/uniform100real\24\672.jpg,24
./balancer/uniform/uniform100real\24\6756.jpg,24
./balancer/uniform/uniform100real\24\6837.jpg,24
./balancer/uniform/uniform100real\24\6907.jpg,24
./balancer/uniform/uniform100real\24\6921.JPG,24
./balancer/uniform/uniform100real\24\6955.jpg,24
./balancer/uniform/uniform100real\24\7025.jpg,24
./balancer/uniform/uniform100real\24\7137.jpg,24
./balancer/uniform/uniform100real\24\7176.JPG,24
./balancer/uniform/uniform100real\24\7207.jpg,24
./balancer/uniform/uniform100real\24\7222.jpg,24
./balancer/uniform/uniform100real\24\7238.jpg,24
./balancer/uniform/uniform100real\24\7407.jpg,24
./balancer/uniform/uniform100real\24\7469.jpg,24
./balancer/uniform/uniform100real\24\7594.jpg,24
./balancer/uniform/uniform100real\24\7608.JPG,24
./balancer/uniform/uniform100real\24\7629.jpg,24
./balancer/uniform/uniform100real\24\766.JPG,24
./balancer/uniform/uniform100real\24\7805.jpg,24
./balancer/uniform/uniform100real\24\7824.jpg,24
./balancer/uniform/uniform100real\24\7948.jpg,24
./balancer/uniform/uniform100real\24\810.JPG,24
./balancer/uniform/uniform100real\24\8112.jpg,24
./balancer/uniform/uniform100real\24\8169.jpg,24
./balancer/uniform/uniform100real\24\8225.jpg,24
./balancer/uniform/uniform100real\24\8321.jpg,24
./balancer/uniform/uniform100real\24\8336.jpg,24
./balancer/uniform/uniform100real\24\8352.jpg,24
./balancer/uniform/uniform100real\24\8400.jpg,24
./balancer/uniform/uniform100real\24\8415.jpg,24
./balancer/uniform/uniform100real\24\8459.JPG,24
./balancer/uniform/uniform100real\24\8466.jpg,24
./balancer/uniform/uniform100real\24\8469.jpg,24
./balancer/uniform/uniform100real\24\854.jpg,24
./balancer/uniform/uniform100real\24\8592.JPG,24
./balancer/uniform/uniform100real\24\8717.jpg,24
./balancer/uniform/uniform100real\24\8718.jpg,24
./balancer/uniform/uniform100real\24\8772.jpg,24
./balancer/uniform/uniform100real\24\8852.jpg,24
./balancer/uniform/uniform100real\24\8958.jpg,24
./balancer/uniform/uniform100real\24\9016.jpg,24
./balancer/uniform/uniform100real\24\9053.jpg,24
./balancer/uniform/uniform100real\24\9057.jpg,24
./balancer/uniform/uniform100real\24\9099.jpg,24
./balancer/uniform/uniform100real\24\9228.jpg,24
./balancer/uniform/uniform100real\24\9237.jpg,24
./balancer/uniform/uniform100real\24\9370.jpg,24
./balancer/uniform/uniform100real\24\9375.JPG,24
./balancer/uniform/uniform100real\24\939.jpg,24
./balancer/uniform/uniform100real\24\9399.jpg,24
./balancer/uniform/uniform100real\24\9401.JPG,24
./balancer/uniform/uniform100real\24\9494.jpg,24
./balancer/uniform/uniform100real\24\954.jpg,24
./balancer/uniform/uniform100real\24\9615.jpg,24
./balancer/uniform/uniform100real\24\9638.JPG,24
./balancer/uniform/uniform100real\24\9656.JPG,24
./balancer/uniform/uniform100real\24\9659.jpg,24
./balancer/uniform/uniform100real\24\9825.jpg,24
./balancer/uniform/uniform100real\24\9870.jpg,24
./balancer/uniform/uniform100real\24\9872.jpg,24
./balancer/uniform/uniform100real\24\9877.jpg,24
./balancer/uniform/uniform100real\25\10022.jpg,25
./balancer/uniform/uniform100real\25\10085.jpg,25
./balancer/uniform/uniform100real\25\10117.jpg,25
./balancer/uniform/uniform100real\25\10155.jpg,25
./balancer/uniform/uniform100real\25\10224.jpg,25
./balancer/uniform/uniform100real\25\10261.JPG,25
./balancer/uniform/uniform100real\25\10269.jpg,25
./balancer/uniform/uniform100real\25\10281.jpg,25
./balancer/uniform/uniform100real\25\10313.jpg,25
./balancer/uniform/uniform100real\25\10323.jpg,25
./balancer/uniform/uniform100real\25\10375.jpg,25
./balancer/uniform/uniform100real\25\10409.JPG,25
./balancer/uniform/uniform100real\25\10533.jpg,25
./balancer/uniform/uniform100real\25\10550.jpg,25
./balancer/uniform/uniform100real\25\10569.JPG,25
./balancer/uniform/uniform100real\25\1058.jpg,25
./balancer/uniform/uniform100real\25\10613.jpg,25
./balancer/uniform/uniform100real\25\10660.jpg,25
./balancer/uniform/uniform100real\25\10664.JPG,25
./balancer/uniform/uniform100real\25\10708.jpg,25
./balancer/uniform/uniform100real\25\10711.jpg,25
./balancer/uniform/uniform100real\25\10741.JPG,25
./balancer/uniform/uniform100real\25\10795.jpg,25
./balancer/uniform/uniform100real\25\10807.jpg,25
./balancer/uniform/uniform100real\25\10825.jpg,25
./balancer/uniform/uniform100real\25\10955.jpg,25
./balancer/uniform/uniform100real\25\11004.JPG,25
./balancer/uniform/uniform100real\25\11038.jpg,25
./balancer/uniform/uniform100real\25\11076.jpg,25
./balancer/uniform/uniform100real\25\11194.jpg,25
./balancer/uniform/uniform100real\25\11253.jpg,25
./balancer/uniform/uniform100real\25\11355.jpg,25
./balancer/uniform/uniform100real\25\11413.jpg,25
./balancer/uniform/uniform100real\25\11419.jpg,25
./balancer/uniform/uniform100real\25\11536.jpg,25
./balancer/uniform/uniform100real\25\11553.jpg,25
./balancer/uniform/uniform100real\25\11587.jpg,25
./balancer/uniform/uniform100real\25\11672.jpg,25
./balancer/uniform/uniform100real\25\1174.jpg,25
./balancer/uniform/uniform100real\25\1197.jpg,25
./balancer/uniform/uniform100real\25\1247.jpg,25
./balancer/uniform/uniform100real\25\1251.jpg,25
./balancer/uniform/uniform100real\25\1279.jpg,25
./balancer/uniform/uniform100real\25\1290.jpg,25
./balancer/uniform/uniform100real\25\132.jpg,25
./balancer/uniform/uniform100real\25\147.jpg,25
./balancer/uniform/uniform100real\25\1489.jpg,25
./balancer/uniform/uniform100real\25\1505.jpg,25
./balancer/uniform/uniform100real\25\1535.JPG,25
./balancer/uniform/uniform100real\25\1598.jpg,25
./balancer/uniform/uniform100real\25\1660.jpg,25
./balancer/uniform/uniform100real\25\168.JPG,25
./balancer/uniform/uniform100real\25\1755.JPG,25
./balancer/uniform/uniform100real\25\1758.jpg,25
./balancer/uniform/uniform100real\25\1802.jpg,25
./balancer/uniform/uniform100real\25\1902.jpg,25
./balancer/uniform/uniform100real\25\1908.jpg,25
./balancer/uniform/uniform100real\25\1936.jpg,25
./balancer/uniform/uniform100real\25\1948.jpg,25
./balancer/uniform/uniform100real\25\2089.jpg,25
./balancer/uniform/uniform100real\25\2094.jpg,25
./balancer/uniform/uniform100real\25\2140.jpg,25
./balancer/uniform/uniform100real\25\2255.jpg,25
./balancer/uniform/uniform100real\25\2310.jpg,25
./balancer/uniform/uniform100real\25\2338.jpg,25
./balancer/uniform/uniform100real\25\2385.jpg,25
./balancer/uniform/uniform100real\25\2389.jpg,25
./balancer/uniform/uniform100real\25\2455.jpg,25
./balancer/uniform/uniform100real\25\2583.jpg,25
./balancer/uniform/uniform100real\25\2591.jpg,25
./balancer/uniform/uniform100real\25\2595.jpg,25
./balancer/uniform/uniform100real\25\2608.jpg,25
./balancer/uniform/uniform100real\25\2635.jpg,25
./balancer/uniform/uniform100real\25\2673.jpg,25
./balancer/uniform/uniform100real\25\2762.jpg,25
./balancer/uniform/uniform100real\25\2821.jpg,25
./balancer/uniform/uniform100real\25\2950.JPG,25
./balancer/uniform/uniform100real\25\3048.jpg,25
./balancer/uniform/uniform100real\25\306.jpg,25
./balancer/uniform/uniform100real\25\3066.jpg,25
./balancer/uniform/uniform100real\25\3073.jpg,25
./balancer/uniform/uniform100real\25\3110.jpg,25
./balancer/uniform/uniform100real\25\3176.jpg,25
./balancer/uniform/uniform100real\25\3177.jpg,25
./balancer/uniform/uniform100real\25\3198.jpg,25
./balancer/uniform/uniform100real\25\3208.jpg,25
./balancer/uniform/uniform100real\25\3333.jpg,25
./balancer/uniform/uniform100real\25\3385.jpg,25
./balancer/uniform/uniform100real\25\3391.jpg,25
./balancer/uniform/uniform100real\25\3428.jpg,25
./balancer/uniform/uniform100real\25\3554.jpg,25
./balancer/uniform/uniform100real\25\3710.jpg,25
./balancer/uniform/uniform100real\25\3711.jpg,25
./balancer/uniform/uniform100real\25\3884.jpg,25
./balancer/uniform/uniform100real\25\3902.jpg,25
./balancer/uniform/uniform100real\25\4011.JPG,25
./balancer/uniform/uniform100real\25\406.JPG,25
./balancer/uniform/uniform100real\25\4079.jpg,25
./balancer/uniform/uniform100real\25\4131.jpg,25
./balancer/uniform/uniform100real\25\4141.jpg,25
./balancer/uniform/uniform100real\25\4143.jpg,25
./balancer/uniform/uniform100real\25\4173.jpg,25
./balancer/uniform/uniform100real\25\4282.jpg,25
./balancer/uniform/uniform100real\25\4391.jpg,25
./balancer/uniform/uniform100real\25\4421.jpg,25
./balancer/uniform/uniform100real\25\4455.jpg,25
./balancer/uniform/uniform100real\25\4548.jpg,25
./balancer/uniform/uniform100real\25\4572.JPG,25
./balancer/uniform/uniform100real\25\4586.jpg,25
./balancer/uniform/uniform100real\25\4663.jpg,25
./balancer/uniform/uniform100real\25\4669.jpg,25
./balancer/uniform/uniform100real\25\4700.jpg,25
./balancer/uniform/uniform100real\25\5049.jpg,25
./balancer/uniform/uniform100real\25\5116.jpg,25
./balancer/uniform/uniform100real\25\5131.JPG,25
./balancer/uniform/uniform100real\25\5314.jpg,25
./balancer/uniform/uniform100real\25\5417.JPG,25
./balancer/uniform/uniform100real\25\5528.jpg,25
./balancer/uniform/uniform100real\25\5594.jpg,25
./balancer/uniform/uniform100real\25\5616.jpg,25
./balancer/uniform/uniform100real\25\5627.jpg,25
./balancer/uniform/uniform100real\25\563.jpg,25
./balancer/uniform/uniform100real\25\5657.JPG,25
./balancer/uniform/uniform100real\25\5774.jpg,25
./balancer/uniform/uniform100real\25\5821.jpg,25
./balancer/uniform/uniform100real\25\5899.jpg,25
./balancer/uniform/uniform100real\25\5944.jpg,25
./balancer/uniform/uniform100real\25\6079.jpg,25
./balancer/uniform/uniform100real\25\6082.jpg,25
./balancer/uniform/uniform100real\25\6084.jpg,25
./balancer/uniform/uniform100real\25\6087.JPG,25
./balancer/uniform/uniform100real\25\6174.jpg,25
./balancer/uniform/uniform100real\25\6176.jpg,25
./balancer/uniform/uniform100real\25\6195.jpg,25
./balancer/uniform/uniform100real\25\6339.jpg,25
./balancer/uniform/uniform100real\25\6372.jpg,25
./balancer/uniform/uniform100real\25\6385.JPG,25
./balancer/uniform/uniform100real\25\6636.jpg,25
./balancer/uniform/uniform100real\25\664.jpg,25
./balancer/uniform/uniform100real\25\6688.jpg,25
./balancer/uniform/uniform100real\25\6697.jpg,25
./balancer/uniform/uniform100real\25\6844.jpg,25
./balancer/uniform/uniform100real\25\6849.JPG,25
./balancer/uniform/uniform100real\25\6982.jpg,25
./balancer/uniform/uniform100real\25\6991.jpg,25
./balancer/uniform/uniform100real\25\7011.jpg,25
./balancer/uniform/uniform100real\25\7130.jpg,25
./balancer/uniform/uniform100real\25\7154.JPG,25
./balancer/uniform/uniform100real\25\7158.jpg,25
./balancer/uniform/uniform100real\25\7159.JPG,25
./balancer/uniform/uniform100real\25\7213.jpg,25
./balancer/uniform/uniform100real\25\7257.jpg,25
./balancer/uniform/uniform100real\25\726.jpg,25
./balancer/uniform/uniform100real\25\742.jpg,25
./balancer/uniform/uniform100real\25\7476.JPG,25
./balancer/uniform/uniform100real\25\7513.jpg,25
./balancer/uniform/uniform100real\25\7545.jpg,25
./balancer/uniform/uniform100real\25\7559.jpg,25
./balancer/uniform/uniform100real\25\7588.jpg,25
./balancer/uniform/uniform100real\25\7648.jpg,25
./balancer/uniform/uniform100real\25\7685.jpg,25
./balancer/uniform/uniform100real\25\7722.jpg,25
./balancer/uniform/uniform100real\25\7810.JPG,25
./balancer/uniform/uniform100real\25\7834.jpg,25
./balancer/uniform/uniform100real\25\7916.jpg,25
./balancer/uniform/uniform100real\25\7992.jpg,25
./balancer/uniform/uniform100real\25\8023.jpg,25
./balancer/uniform/uniform100real\25\8090.JPG,25
./balancer/uniform/uniform100real\25\8179.JPG,25
./balancer/uniform/uniform100real\25\821.jpg,25
./balancer/uniform/uniform100real\25\8294.jpg,25
./balancer/uniform/uniform100real\25\840.jpg,25
./balancer/uniform/uniform100real\25\842.jpg,25
./balancer/uniform/uniform100real\25\8422.jpg,25
./balancer/uniform/uniform100real\25\8501.jpg,25
./balancer/uniform/uniform100real\25\8514.JPG,25
./balancer/uniform/uniform100real\25\8629.jpg,25
./balancer/uniform/uniform100real\25\8650.jpg,25
./balancer/uniform/uniform100real\25\87.jpg,25
./balancer/uniform/uniform100real\25\8759.jpg,25
./balancer/uniform/uniform100real\25\8837.jpg,25
./balancer/uniform/uniform100real\25\8953.jpg,25
./balancer/uniform/uniform100real\25\9030.jpg,25
./balancer/uniform/uniform100real\25\9063.jpg,25
./balancer/uniform/uniform100real\25\9083.jpg,25
./balancer/uniform/uniform100real\25\9089.jpg,25
./balancer/uniform/uniform100real\25\9128.jpg,25
./balancer/uniform/uniform100real\25\9129.jpg,25
./balancer/uniform/uniform100real\25\924.jpg,25
./balancer/uniform/uniform100real\25\925.JPG,25
./balancer/uniform/uniform100real\25\9345.jpg,25
./balancer/uniform/uniform100real\25\9390.jpg,25
./balancer/uniform/uniform100real\25\9442.jpg,25
./balancer/uniform/uniform100real\25\9506.jpg,25
./balancer/uniform/uniform100real\25\9565.jpg,25
./balancer/uniform/uniform100real\25\9575.jpg,25
./balancer/uniform/uniform100real\25\9652.jpg,25
./balancer/uniform/uniform100real\25\9719.jpg,25
./balancer/uniform/uniform100real\25\9804.jpg,25
./balancer/uniform/uniform100real\25\9856.jpg,25
./balancer/uniform/uniform100real\25\9916.jpg,25
./balancer/uniform/uniform100real\25\9922.JPG,25
./balancer/uniform/uniform100real\25\9953.jpg,25
./balancer/uniform/uniform100real\26\10063.jpg,26
./balancer/uniform/uniform100real\26\10090.jpg,26
./balancer/uniform/uniform100real\26\10122.jpg,26
./balancer/uniform/uniform100real\26\10353.jpg,26
./balancer/uniform/uniform100real\26\10446.jpg,26
./balancer/uniform/uniform100real\26\10494.jpg,26
./balancer/uniform/uniform100real\26\10524.jpg,26
./balancer/uniform/uniform100real\26\10563.jpg,26
./balancer/uniform/uniform100real\26\10708.jpg,26
./balancer/uniform/uniform100real\26\10819.jpg,26
./balancer/uniform/uniform100real\26\10853.JPG,26
./balancer/uniform/uniform100real\26\10858.JPG,26
./balancer/uniform/uniform100real\26\10879.jpg,26
./balancer/uniform/uniform100real\26\10916.jpg,26
./balancer/uniform/uniform100real\26\11018.jpg,26
./balancer/uniform/uniform100real\26\11078.jpg,26
./balancer/uniform/uniform100real\26\11159.jpg,26
./balancer/uniform/uniform100real\26\11175.jpg,26
./balancer/uniform/uniform100real\26\1123.jpg,26
./balancer/uniform/uniform100real\26\11237.jpg,26
./balancer/uniform/uniform100real\26\11262.jpg,26
./balancer/uniform/uniform100real\26\11321.jpg,26
./balancer/uniform/uniform100real\26\11438.jpg,26
./balancer/uniform/uniform100real\26\11513.jpg,26
./balancer/uniform/uniform100real\26\11516.jpg,26
./balancer/uniform/uniform100real\26\11651.jpg,26
./balancer/uniform/uniform100real\26\11724.jpg,26
./balancer/uniform/uniform100real\26\1180.jpg,26
./balancer/uniform/uniform100real\26\11875.jpg,26
./balancer/uniform/uniform100real\26\11968.jpg,26
./balancer/uniform/uniform100real\26\12017.jpg,26
./balancer/uniform/uniform100real\26\12061.jpg,26
./balancer/uniform/uniform100real\26\12125.jpg,26
./balancer/uniform/uniform100real\26\12137.jpg,26
./balancer/uniform/uniform100real\26\12209.JPG,26
./balancer/uniform/uniform100real\26\12220.jpg,26
./balancer/uniform/uniform100real\26\12236.jpg,26
./balancer/uniform/uniform100real\26\12241.jpg,26
./balancer/uniform/uniform100real\26\12285.jpg,26
./balancer/uniform/uniform100real\26\12320.jpg,26
./balancer/uniform/uniform100real\26\1236.jpg,26
./balancer/uniform/uniform100real\26\12464.jpg,26
./balancer/uniform/uniform100real\26\12592.jpg,26
./balancer/uniform/uniform100real\26\12701.jpg,26
./balancer/uniform/uniform100real\26\12740.jpg,26
./balancer/uniform/uniform100real\26\12863.jpg,26
./balancer/uniform/uniform100real\26\12878.jpg,26
./balancer/uniform/uniform100real\26\12934.jpg,26
./balancer/uniform/uniform100real\26\12947.jpg,26
./balancer/uniform/uniform100real\26\13197.jpg,26
./balancer/uniform/uniform100real\26\13208.jpg,26
./balancer/uniform/uniform100real\26\13233.JPG,26
./balancer/uniform/uniform100real\26\13361.jpg,26
./balancer/uniform/uniform100real\26\13474.jpg,26
./balancer/uniform/uniform100real\26\13620.jpg,26
./balancer/uniform/uniform100real\26\13704.jpg,26
./balancer/uniform/uniform100real\26\13749.JPG,26
./balancer/uniform/uniform100real\26\13839.jpg,26
./balancer/uniform/uniform100real\26\1384.jpg,26
./balancer/uniform/uniform100real\26\13878.jpg,26
./balancer/uniform/uniform100real\26\13909.jpg,26
./balancer/uniform/uniform100real\26\13915.jpg,26
./balancer/uniform/uniform100real\26\14034.jpg,26
./balancer/uniform/uniform100real\26\14097.jpg,26
./balancer/uniform/uniform100real\26\14099.jpg,26
./balancer/uniform/uniform100real\26\14113.jpg,26
./balancer/uniform/uniform100real\26\143.JPG,26
./balancer/uniform/uniform100real\26\14386.jpg,26
./balancer/uniform/uniform100real\26\14477.jpg,26
./balancer/uniform/uniform100real\26\1522.jpg,26
./balancer/uniform/uniform100real\26\1615.jpg,26
./balancer/uniform/uniform100real\26\1617.jpg,26
./balancer/uniform/uniform100real\26\1643.jpg,26
./balancer/uniform/uniform100real\26\1650.jpg,26
./balancer/uniform/uniform100real\26\1716.jpg,26
./balancer/uniform/uniform100real\26\1771.jpg,26
./balancer/uniform/uniform100real\26\1923.jpg,26
./balancer/uniform/uniform100real\26\195.jpg,26
./balancer/uniform/uniform100real\26\1955.jpg,26
./balancer/uniform/uniform100real\26\2013.jpg,26
./balancer/uniform/uniform100real\26\2163.JPG,26
./balancer/uniform/uniform100real\26\2203.JPG,26
./balancer/uniform/uniform100real\26\2222.jpg,26
./balancer/uniform/uniform100real\26\2324.jpg,26
./balancer/uniform/uniform100real\26\2477.jpg,26
./balancer/uniform/uniform100real\26\2621.jpg,26
./balancer/uniform/uniform100real\26\2669.jpg,26
./balancer/uniform/uniform100real\26\2709.jpg,26
./balancer/uniform/uniform100real\26\274.jpg,26
./balancer/uniform/uniform100real\26\2786.jpg,26
./balancer/uniform/uniform100real\26\282.jpg,26
./balancer/uniform/uniform100real\26\2848.jpg,26
./balancer/uniform/uniform100real\26\2850.jpg,26
./balancer/uniform/uniform100real\26\2893.jpg,26
./balancer/uniform/uniform100real\26\2925.jpg,26
./balancer/uniform/uniform100real\26\2970.jpg,26
./balancer/uniform/uniform100real\26\2982.jpg,26
./balancer/uniform/uniform100real\26\3027.jpg,26
./balancer/uniform/uniform100real\26\3041.jpg,26
./balancer/uniform/uniform100real\26\3079.jpg,26
./balancer/uniform/uniform100real\26\3096.jpg,26
./balancer/uniform/uniform100real\26\3271.jpg,26
./balancer/uniform/uniform100real\26\3457.jpg,26
./balancer/uniform/uniform100real\26\3561.jpg,26
./balancer/uniform/uniform100real\26\3628.jpg,26
./balancer/uniform/uniform100real\26\365.jpg,26
./balancer/uniform/uniform100real\26\3878.jpg,26
./balancer/uniform/uniform100real\26\424.jpg,26
./balancer/uniform/uniform100real\26\4242.jpg,26
./balancer/uniform/uniform100real\26\4327.jpg,26
./balancer/uniform/uniform100real\26\4365.jpg,26
./balancer/uniform/uniform100real\26\4375.jpg,26
./balancer/uniform/uniform100real\26\4383.jpg,26
./balancer/uniform/uniform100real\26\440.JPG,26
./balancer/uniform/uniform100real\26\4459.jpg,26
./balancer/uniform/uniform100real\26\4510.jpg,26
./balancer/uniform/uniform100real\26\455.jpg,26
./balancer/uniform/uniform100real\26\4562.jpg,26
./balancer/uniform/uniform100real\26\4583.jpg,26
./balancer/uniform/uniform100real\26\4621.jpg,26
./balancer/uniform/uniform100real\26\4739.jpg,26
./balancer/uniform/uniform100real\26\496.jpg,26
./balancer/uniform/uniform100real\26\5285.JPG,26
./balancer/uniform/uniform100real\26\5438.jpg,26
./balancer/uniform/uniform100real\26\549.jpg,26
./balancer/uniform/uniform100real\26\5521.JPG,26
./balancer/uniform/uniform100real\26\5524.jpg,26
./balancer/uniform/uniform100real\26\5567.jpg,26
./balancer/uniform/uniform100real\26\5655.jpg,26
./balancer/uniform/uniform100real\26\5677.jpg,26
./balancer/uniform/uniform100real\26\5977.JPG,26
./balancer/uniform/uniform100real\26\5983.jpg,26
./balancer/uniform/uniform100real\26\5999.jpg,26
./balancer/uniform/uniform100real\26\6001.jpg,26
./balancer/uniform/uniform100real\26\6038.JPG,26
./balancer/uniform/uniform100real\26\6108.jpg,26
./balancer/uniform/uniform100real\26\612.jpg,26
./balancer/uniform/uniform100real\26\615.jpg,26
./balancer/uniform/uniform100real\26\6163.jpg,26
./balancer/uniform/uniform100real\26\6173.jpg,26
./balancer/uniform/uniform100real\26\6207.jpg,26
./balancer/uniform/uniform100real\26\6238.jpg,26
./balancer/uniform/uniform100real\26\6263.jpg,26
./balancer/uniform/uniform100real\26\6377.jpg,26
./balancer/uniform/uniform100real\26\6482.jpg,26
./balancer/uniform/uniform100real\26\6489.jpg,26
./balancer/uniform/uniform100real\26\6503.jpg,26
./balancer/uniform/uniform100real\26\6539.jpg,26
./balancer/uniform/uniform100real\26\6624.jpg,26
./balancer/uniform/uniform100real\26\6660.jpg,26
./balancer/uniform/uniform100real\26\6728.jpg,26
./balancer/uniform/uniform100real\26\6733.jpg,26
./balancer/uniform/uniform100real\26\6762.jpg,26
./balancer/uniform/uniform100real\26\6891.jpg,26
./balancer/uniform/uniform100real\26\6950.jpg,26
./balancer/uniform/uniform100real\26\696.jpg,26
./balancer/uniform/uniform100real\26\7005.jpg,26
./balancer/uniform/uniform100real\26\7080.jpg,26
./balancer/uniform/uniform100real\26\7150.jpg,26
./balancer/uniform/uniform100real\26\7225.jpg,26
./balancer/uniform/uniform100real\26\7274.JPG,26
./balancer/uniform/uniform100real\26\7287.jpg,26
./balancer/uniform/uniform100real\26\7300.jpg,26
./balancer/uniform/uniform100real\26\7307.jpg,26
./balancer/uniform/uniform100real\26\7309.jpg,26
./balancer/uniform/uniform100real\26\7373.JPG,26
./balancer/uniform/uniform100real\26\7517.JPG,26
./balancer/uniform/uniform100real\26\7534.JPG,26
./balancer/uniform/uniform100real\26\7552.jpg,26
./balancer/uniform/uniform100real\26\7668.jpg,26
./balancer/uniform/uniform100real\26\7704.jpg,26
./balancer/uniform/uniform100real\26\7844.jpg,26
./balancer/uniform/uniform100real\26\7866.jpg,26
./balancer/uniform/uniform100real\26\797.jpg,26
./balancer/uniform/uniform100real\26\7996.jpg,26
./balancer/uniform/uniform100real\26\8134.jpg,26
./balancer/uniform/uniform100real\26\8174.JPG,26
./balancer/uniform/uniform100real\26\8185.jpg,26
./balancer/uniform/uniform100real\26\8204.jpg,26
./balancer/uniform/uniform100real\26\8384.jpg,26
./balancer/uniform/uniform100real\26\8490.jpg,26
./balancer/uniform/uniform100real\26\8502.jpg,26
./balancer/uniform/uniform100real\26\8691.JPG,26
./balancer/uniform/uniform100real\26\8751.jpg,26
./balancer/uniform/uniform100real\26\8814.jpg,26
./balancer/uniform/uniform100real\26\8865.jpg,26
./balancer/uniform/uniform100real\26\8947.jpg,26
./balancer/uniform/uniform100real\26\9078.JPG,26
./balancer/uniform/uniform100real\26\908.jpg,26
./balancer/uniform/uniform100real\26\9086.jpg,26
./balancer/uniform/uniform100real\26\9128.jpg,26
./balancer/uniform/uniform100real\26\9178.jpg,26
./balancer/uniform/uniform100real\26\9207.jpg,26
./balancer/uniform/uniform100real\26\9225.jpg,26
./balancer/uniform/uniform100real\26\9358.jpg,26
./balancer/uniform/uniform100real\26\9370.jpg,26
./balancer/uniform/uniform100real\26\9453.jpg,26
./balancer/uniform/uniform100real\26\9624.jpg,26
./balancer/uniform/uniform100real\26\9650.jpg,26
./balancer/uniform/uniform100real\26\9716.jpg,26
./balancer/uniform/uniform100real\26\9729.jpg,26
./balancer/uniform/uniform100real\26\9789.jpg,26
./balancer/uniform/uniform100real\26\9803.jpg,26
./balancer/uniform/uniform100real\27\10043.JPG,27
./balancer/uniform/uniform100real\27\10084.jpg,27
./balancer/uniform/uniform100real\27\10092.jpg,27
./balancer/uniform/uniform100real\27\10120.jpg,27
./balancer/uniform/uniform100real\27\10243.jpg,27
./balancer/uniform/uniform100real\27\10262.jpg,27
./balancer/uniform/uniform100real\27\10346.jpg,27
./balancer/uniform/uniform100real\27\10418.jpg,27
./balancer/uniform/uniform100real\27\10651.jpg,27
./balancer/uniform/uniform100real\27\10729.jpg,27
./balancer/uniform/uniform100real\27\10754.jpg,27
./balancer/uniform/uniform100real\27\10780.jpg,27
./balancer/uniform/uniform100real\27\10790.jpg,27
./balancer/uniform/uniform100real\27\10847.jpg,27
./balancer/uniform/uniform100real\27\10943.JPG,27
./balancer/uniform/uniform100real\27\10958.JPG,27
./balancer/uniform/uniform100real\27\11001.jpg,27
./balancer/uniform/uniform100real\27\11035.JPG,27
./balancer/uniform/uniform100real\27\11169.jpg,27
./balancer/uniform/uniform100real\27\11190.jpg,27
./balancer/uniform/uniform100real\27\11214.jpg,27
./balancer/uniform/uniform100real\27\11279.jpg,27
./balancer/uniform/uniform100real\27\11320.jpg,27
./balancer/uniform/uniform100real\27\11371.jpg,27
./balancer/uniform/uniform100real\27\1159.jpg,27
./balancer/uniform/uniform100real\27\11621.jpg,27
./balancer/uniform/uniform100real\27\11656.jpg,27
./balancer/uniform/uniform100real\27\11661.jpg,27
./balancer/uniform/uniform100real\27\11697.jpg,27
./balancer/uniform/uniform100real\27\11750.jpg,27
./balancer/uniform/uniform100real\27\11819.jpg,27
./balancer/uniform/uniform100real\27\11832.jpg,27
./balancer/uniform/uniform100real\27\11867.jpg,27
./balancer/uniform/uniform100real\27\11960.jpg,27
./balancer/uniform/uniform100real\27\11964.jpg,27
./balancer/uniform/uniform100real\27\11965.jpg,27
./balancer/uniform/uniform100real\27\11968.jpg,27
./balancer/uniform/uniform100real\27\1277.jpg,27
./balancer/uniform/uniform100real\27\1355.jpg,27
./balancer/uniform/uniform100real\27\1375.jpg,27
./balancer/uniform/uniform100real\27\1379.jpg,27
./balancer/uniform/uniform100real\27\1473.jpg,27
./balancer/uniform/uniform100real\27\1664.JPG,27
./balancer/uniform/uniform100real\27\1786.jpg,27
./balancer/uniform/uniform100real\27\1789.jpg,27
./balancer/uniform/uniform100real\27\1875.jpg,27
./balancer/uniform/uniform100real\27\1884.jpg,27
./balancer/uniform/uniform100real\27\1887.jpg,27
./balancer/uniform/uniform100real\27\1916.jpg,27
./balancer/uniform/uniform100real\27\1985.jpg,27
./balancer/uniform/uniform100real\27\1991.jpg,27
./balancer/uniform/uniform100real\27\2031.jpg,27
./balancer/uniform/uniform100real\27\2049.jpg,27
./balancer/uniform/uniform100real\27\2190.jpg,27
./balancer/uniform/uniform100real\27\227.jpg,27
./balancer/uniform/uniform100real\27\2270.jpg,27
./balancer/uniform/uniform100real\27\2303.jpg,27
./balancer/uniform/uniform100real\27\2369.jpg,27
./balancer/uniform/uniform100real\27\2455.JPG,27
./balancer/uniform/uniform100real\27\247.jpg,27
./balancer/uniform/uniform100real\27\2518.JPG,27
./balancer/uniform/uniform100real\27\260.jpg,27
./balancer/uniform/uniform100real\27\278.jpg,27
./balancer/uniform/uniform100real\27\2793.jpg,27
./balancer/uniform/uniform100real\27\2796.jpg,27
./balancer/uniform/uniform100real\27\2969.jpg,27
./balancer/uniform/uniform100real\27\3028.jpg,27
./balancer/uniform/uniform100real\27\3137.jpg,27
./balancer/uniform/uniform100real\27\3181.jpg,27
./balancer/uniform/uniform100real\27\3226.jpg,27
./balancer/uniform/uniform100real\27\3310.jpg,27
./balancer/uniform/uniform100real\27\3355.jpg,27
./balancer/uniform/uniform100real\27\3400.jpg,27
./balancer/uniform/uniform100real\27\342.jpg,27
./balancer/uniform/uniform100real\27\3656.JPG,27
./balancer/uniform/uniform100real\27\378.jpg,27
./balancer/uniform/uniform100real\27\3790.JPG,27
./balancer/uniform/uniform100real\27\3801.JPG,27
./balancer/uniform/uniform100real\27\3819.jpg,27
./balancer/uniform/uniform100real\27\4048.jpg,27
./balancer/uniform/uniform100real\27\4085.jpg,27
./balancer/uniform/uniform100real\27\4147.jpg,27
./balancer/uniform/uniform100real\27\4231.jpg,27
./balancer/uniform/uniform100real\27\4251.jpg,27
./balancer/uniform/uniform100real\27\4433.jpg,27
./balancer/uniform/uniform100real\27\4485.jpg,27
./balancer/uniform/uniform100real\27\4672.jpg,27
./balancer/uniform/uniform100real\27\471.jpg,27
./balancer/uniform/uniform100real\27\4759.jpg,27
./balancer/uniform/uniform100real\27\4798.JPG,27
./balancer/uniform/uniform100real\27\4807.jpg,27
./balancer/uniform/uniform100real\27\4815.jpg,27
./balancer/uniform/uniform100real\27\4955.jpg,27
./balancer/uniform/uniform100real\27\5009.jpg,27
./balancer/uniform/uniform100real\27\5022.JPG,27
./balancer/uniform/uniform100real\27\5062.jpg,27
./balancer/uniform/uniform100real\27\5070.jpg,27
./balancer/uniform/uniform100real\27\5084.jpg,27
./balancer/uniform/uniform100real\27\5107.JPG,27
./balancer/uniform/uniform100real\27\5137.jpg,27
./balancer/uniform/uniform100real\27\5142.jpg,27
./balancer/uniform/uniform100real\27\5239.jpg,27
./balancer/uniform/uniform100real\27\5252.jpg,27
./balancer/uniform/uniform100real\27\5302.jpg,27
./balancer/uniform/uniform100real\27\5304.jpg,27
./balancer/uniform/uniform100real\27\5422.jpg,27
./balancer/uniform/uniform100real\27\5495.jpg,27
./balancer/uniform/uniform100real\27\5500.jpg,27
./balancer/uniform/uniform100real\27\5524.jpg,27
./balancer/uniform/uniform100real\27\5541.jpg,27
./balancer/uniform/uniform100real\27\5600.jpg,27
./balancer/uniform/uniform100real\27\5651.jpg,27
./balancer/uniform/uniform100real\27\5662.jpg,27
./balancer/uniform/uniform100real\27\567.jpg,27
./balancer/uniform/uniform100real\27\5730.jpg,27
./balancer/uniform/uniform100real\27\5747.jpg,27
./balancer/uniform/uniform100real\27\5781.jpg,27
./balancer/uniform/uniform100real\27\5948.jpg,27
./balancer/uniform/uniform100real\27\5961.jpg,27
./balancer/uniform/uniform100real\27\6085.jpg,27
./balancer/uniform/uniform100real\27\6108.JPG,27
./balancer/uniform/uniform100real\27\6118.jpg,27
./balancer/uniform/uniform100real\27\614.jpg,27
./balancer/uniform/uniform100real\27\6175.jpg,27
./balancer/uniform/uniform100real\27\6182.jpg,27
./balancer/uniform/uniform100real\27\6216.jpg,27
./balancer/uniform/uniform100real\27\624.jpg,27
./balancer/uniform/uniform100real\27\6296.jpg,27
./balancer/uniform/uniform100real\27\634.jpg,27
./balancer/uniform/uniform100real\27\6458.JPG,27
./balancer/uniform/uniform100real\27\6544.jpg,27
./balancer/uniform/uniform100real\27\6590.jpg,27
./balancer/uniform/uniform100real\27\6603.jpg,27
./balancer/uniform/uniform100real\27\6608.jpg,27
./balancer/uniform/uniform100real\27\662.jpg,27
./balancer/uniform/uniform100real\27\6826.jpg,27
./balancer/uniform/uniform100real\27\6872.jpg,27
./balancer/uniform/uniform100real\27\689.jpg,27
./balancer/uniform/uniform100real\27\6908.jpg,27
./balancer/uniform/uniform100real\27\6997.jpg,27
./balancer/uniform/uniform100real\27\700.jpg,27
./balancer/uniform/uniform100real\27\7065.jpg,27
./balancer/uniform/uniform100real\27\7137.jpg,27
./balancer/uniform/uniform100real\27\7145.jpg,27
./balancer/uniform/uniform100real\27\7161.jpg,27
./balancer/uniform/uniform100real\27\7269.jpg,27
./balancer/uniform/uniform100real\27\7273.jpg,27
./balancer/uniform/uniform100real\27\7291.jpg,27
./balancer/uniform/uniform100real\27\7303.jpg,27
./balancer/uniform/uniform100real\27\7460.jpg,27
./balancer/uniform/uniform100real\27\7546.jpg,27
./balancer/uniform/uniform100real\27\7603.jpg,27
./balancer/uniform/uniform100real\27\7673.jpg,27
./balancer/uniform/uniform100real\27\772.jpg,27
./balancer/uniform/uniform100real\27\7741.jpg,27
./balancer/uniform/uniform100real\27\7752.JPG,27
./balancer/uniform/uniform100real\27\7754.jpg,27
./balancer/uniform/uniform100real\27\7757.jpg,27
./balancer/uniform/uniform100real\27\7764.JPG,27
./balancer/uniform/uniform100real\27\7786.jpg,27
./balancer/uniform/uniform100real\27\7817.jpg,27
./balancer/uniform/uniform100real\27\7820.jpg,27
./balancer/uniform/uniform100real\27\7904.jpg,27
./balancer/uniform/uniform100real\27\8058.JPG,27
./balancer/uniform/uniform100real\27\8080.jpg,27
./balancer/uniform/uniform100real\27\8082.jpg,27
./balancer/uniform/uniform100real\27\8145.jpg,27
./balancer/uniform/uniform100real\27\8153.jpg,27
./balancer/uniform/uniform100real\27\8186.jpg,27
./balancer/uniform/uniform100real\27\8194.jpg,27
./balancer/uniform/uniform100real\27\8208.jpg,27
./balancer/uniform/uniform100real\27\8353.jpg,27
./balancer/uniform/uniform100real\27\8392.jpg,27
./balancer/uniform/uniform100real\27\8418.jpg,27
./balancer/uniform/uniform100real\27\8474.jpg,27
./balancer/uniform/uniform100real\27\8486.jpg,27
./balancer/uniform/uniform100real\27\8492.jpg,27
./balancer/uniform/uniform100real\27\8529.jpg,27
./balancer/uniform/uniform100real\27\8555.jpg,27
./balancer/uniform/uniform100real\27\8598.jpg,27
./balancer/uniform/uniform100real\27\862.jpg,27
./balancer/uniform/uniform100real\27\8674.jpg,27
./balancer/uniform/uniform100real\27\8687.jpg,27
./balancer/uniform/uniform100real\27\8713.jpg,27
./balancer/uniform/uniform100real\27\8715.jpg,27
./balancer/uniform/uniform100real\27\8795.jpg,27
./balancer/uniform/uniform100real\27\8842.jpg,27
./balancer/uniform/uniform100real\27\9125.jpg,27
./balancer/uniform/uniform100real\27\9136.jpg,27
./balancer/uniform/uniform100real\27\915.jpg,27
./balancer/uniform/uniform100real\27\9224.jpg,27
./balancer/uniform/uniform100real\27\9249.jpg,27
./balancer/uniform/uniform100real\27\9291.jpg,27
./balancer/uniform/uniform100real\27\941.jpg,27
./balancer/uniform/uniform100real\27\9474.jpg,27
./balancer/uniform/uniform100real\27\9536.jpg,27
./balancer/uniform/uniform100real\27\9600.jpg,27
./balancer/uniform/uniform100real\27\9607.jpg,27
./balancer/uniform/uniform100real\27\9631.JPG,27
./balancer/uniform/uniform100real\27\9657.jpg,27
./balancer/uniform/uniform100real\27\9743.jpg,27
./balancer/uniform/uniform100real\27\9829.jpg,27
./balancer/uniform/uniform100real\27\992.jpg,27
./balancer/uniform/uniform100real\28\10076.JPG,28
./balancer/uniform/uniform100real\28\10123.jpg,28
./balancer/uniform/uniform100real\28\10175.jpg,28
./balancer/uniform/uniform100real\28\10184.jpg,28
./balancer/uniform/uniform100real\28\10300.jpg,28
./balancer/uniform/uniform100real\28\1032.jpg,28
./balancer/uniform/uniform100real\28\10385.jpg,28
./balancer/uniform/uniform100real\28\10441.jpg,28
./balancer/uniform/uniform100real\28\10473.jpg,28
./balancer/uniform/uniform100real\28\10485.jpg,28
./balancer/uniform/uniform100real\28\10492.jpg,28
./balancer/uniform/uniform100real\28\1050.jpg,28
./balancer/uniform/uniform100real\28\10514.jpg,28
./balancer/uniform/uniform100real\28\10516.jpg,28
./balancer/uniform/uniform100real\28\10606.jpg,28
./balancer/uniform/uniform100real\28\10697.jpg,28
./balancer/uniform/uniform100real\28\10702.jpg,28
./balancer/uniform/uniform100real\28\10737.jpg,28
./balancer/uniform/uniform100real\28\10755.jpg,28
./balancer/uniform/uniform100real\28\10894.jpg,28
./balancer/uniform/uniform100real\28\10968.jpg,28
./balancer/uniform/uniform100real\28\11051.JPG,28
./balancer/uniform/uniform100real\28\11066.jpg,28
./balancer/uniform/uniform100real\28\11128.jpg,28
./balancer/uniform/uniform100real\28\11199.jpg,28
./balancer/uniform/uniform100real\28\11290.jpg,28
./balancer/uniform/uniform100real\28\11422.jpg,28
./balancer/uniform/uniform100real\28\11457.jpg,28
./balancer/uniform/uniform100real\28\11516.jpg,28
./balancer/uniform/uniform100real\28\11564.jpg,28
./balancer/uniform/uniform100real\28\11710.jpg,28
./balancer/uniform/uniform100real\28\11778.jpg,28
./balancer/uniform/uniform100real\28\11897.jpg,28
./balancer/uniform/uniform100real\28\11981.jpg,28
./balancer/uniform/uniform100real\28\11997.jpg,28
./balancer/uniform/uniform100real\28\1200.jpg,28
./balancer/uniform/uniform100real\28\12007.jpg,28
./balancer/uniform/uniform100real\28\12049.jpg,28
./balancer/uniform/uniform100real\28\12054.jpg,28
./balancer/uniform/uniform100real\28\12106.jpg,28
./balancer/uniform/uniform100real\28\12134.jpg,28
./balancer/uniform/uniform100real\28\12228.jpg,28
./balancer/uniform/uniform100real\28\12289.jpg,28
./balancer/uniform/uniform100real\28\12396.JPG,28
./balancer/uniform/uniform100real\28\12668.jpg,28
./balancer/uniform/uniform100real\28\12783.jpg,28
./balancer/uniform/uniform100real\28\13023.jpg,28
./balancer/uniform/uniform100real\28\1303.jpg,28
./balancer/uniform/uniform100real\28\13108.jpg,28
./balancer/uniform/uniform100real\28\13144.jpg,28
./balancer/uniform/uniform100real\28\13212.jpg,28
./balancer/uniform/uniform100real\28\13213.jpg,28
./balancer/uniform/uniform100real\28\13241.jpg,28
./balancer/uniform/uniform100real\28\13360.jpg,28
./balancer/uniform/uniform100real\28\13401.jpg,28
./balancer/uniform/uniform100real\28\13418.JPG,28
./balancer/uniform/uniform100real\28\1352.JPG,28
./balancer/uniform/uniform100real\28\13689.jpg,28
./balancer/uniform/uniform100real\28\13690.jpg,28
./balancer/uniform/uniform100real\28\13755.jpg,28
./balancer/uniform/uniform100real\28\13873.jpg,28
./balancer/uniform/uniform100real\28\13888.jpg,28
./balancer/uniform/uniform100real\28\1399.jpg,28
./balancer/uniform/uniform100real\28\1408.jpg,28
./balancer/uniform/uniform100real\28\1475.jpg,28
./balancer/uniform/uniform100real\28\152.jpg,28
./balancer/uniform/uniform100real\28\1568.jpg,28
./balancer/uniform/uniform100real\28\1618.JPG,28
./balancer/uniform/uniform100real\28\1695.jpg,28
./balancer/uniform/uniform100real\28\1823.jpg,28
./balancer/uniform/uniform100real\28\1976.jpg,28
./balancer/uniform/uniform100real\28\1985.jpg,28
./balancer/uniform/uniform100real\28\2013.jpg,28
./balancer/uniform/uniform100real\28\216.jpg,28
./balancer/uniform/uniform100real\28\2166.jpg,28
./balancer/uniform/uniform100real\28\2356.jpg,28
./balancer/uniform/uniform100real\28\2360.jpg,28
./balancer/uniform/uniform100real\28\2400.jpg,28
./balancer/uniform/uniform100real\28\2414.jpg,28
./balancer/uniform/uniform100real\28\2439.JPG,28
./balancer/uniform/uniform100real\28\2492.jpg,28
./balancer/uniform/uniform100real\28\2629.jpg,28
./balancer/uniform/uniform100real\28\2718.jpg,28
./balancer/uniform/uniform100real\28\2732.jpg,28
./balancer/uniform/uniform100real\28\2806.jpg,28
./balancer/uniform/uniform100real\28\2836.jpg,28
./balancer/uniform/uniform100real\28\287.jpg,28
./balancer/uniform/uniform100real\28\2894.jpg,28
./balancer/uniform/uniform100real\28\2997.jpg,28
./balancer/uniform/uniform100real\28\3428.jpg,28
./balancer/uniform/uniform100real\28\3440.jpg,28
./balancer/uniform/uniform100real\28\3477.jpg,28
./balancer/uniform/uniform100real\28\3515.JPG,28
./balancer/uniform/uniform100real\28\3576.jpg,28
./balancer/uniform/uniform100real\28\358.jpg,28
./balancer/uniform/uniform100real\28\3678.jpg,28
./balancer/uniform/uniform100real\28\3892.jpg,28
./balancer/uniform/uniform100real\28\3894.jpg,28
./balancer/uniform/uniform100real\28\3974.jpg,28
./balancer/uniform/uniform100real\28\398.jpg,28
./balancer/uniform/uniform100real\28\4018.jpg,28
./balancer/uniform/uniform100real\28\4069.jpg,28
./balancer/uniform/uniform100real\28\410.jpg,28
./balancer/uniform/uniform100real\28\4109.jpg,28
./balancer/uniform/uniform100real\28\4130.jpg,28
./balancer/uniform/uniform100real\28\4316.jpg,28
./balancer/uniform/uniform100real\28\443.jpg,28
./balancer/uniform/uniform100real\28\4469.JPG,28
./balancer/uniform/uniform100real\28\4548.jpg,28
./balancer/uniform/uniform100real\28\464.jpg,28
./balancer/uniform/uniform100real\28\4657.jpg,28
./balancer/uniform/uniform100real\28\4730.jpg,28
./balancer/uniform/uniform100real\28\4738.jpg,28
./balancer/uniform/uniform100real\28\4802.jpg,28
./balancer/uniform/uniform100real\28\4858.jpg,28
./balancer/uniform/uniform100real\28\4884.jpg,28
./balancer/uniform/uniform100real\28\4896.jpg,28
./balancer/uniform/uniform100real\28\4941.jpg,28
./balancer/uniform/uniform100real\28\4953.jpg,28
./balancer/uniform/uniform100real\28\5004.JPG,28
./balancer/uniform/uniform100real\28\5034.jpg,28
./balancer/uniform/uniform100real\28\5113.jpg,28
./balancer/uniform/uniform100real\28\5155.jpg,28
./balancer/uniform/uniform100real\28\5234.jpg,28
./balancer/uniform/uniform100real\28\5240.JPG,28
./balancer/uniform/uniform100real\28\5264.jpg,28
./balancer/uniform/uniform100real\28\5329.jpg,28
./balancer/uniform/uniform100real\28\5408.jpg,28
./balancer/uniform/uniform100real\28\5410.jpg,28
./balancer/uniform/uniform100real\28\5436.jpg,28
./balancer/uniform/uniform100real\28\5486.jpg,28
./balancer/uniform/uniform100real\28\5523.JPG,28
./balancer/uniform/uniform100real\28\5615.JPG,28
./balancer/uniform/uniform100real\28\5667.jpg,28
./balancer/uniform/uniform100real\28\5698.JPG,28
./balancer/uniform/uniform100real\28\5699.jpg,28
./balancer/uniform/uniform100real\28\5810.jpg,28
./balancer/uniform/uniform100real\28\5831.jpg,28
./balancer/uniform/uniform100real\28\5879.jpg,28
./balancer/uniform/uniform100real\28\6064.jpg,28
./balancer/uniform/uniform100real\28\6106.jpg,28
./balancer/uniform/uniform100real\28\6140.jpg,28
./balancer/uniform/uniform100real\28\618.jpg,28
./balancer/uniform/uniform100real\28\6245.jpg,28
./balancer/uniform/uniform100real\28\6250.jpg,28
./balancer/uniform/uniform100real\28\6266.jpg,28
./balancer/uniform/uniform100real\28\6431.jpg,28
./balancer/uniform/uniform100real\28\6542.jpg,28
./balancer/uniform/uniform100real\28\6583.jpg,28
./balancer/uniform/uniform100real\28\6654.jpg,28
./balancer/uniform/uniform100real\28\6765.jpg,28
./balancer/uniform/uniform100real\28\6825.jpg,28
./balancer/uniform/uniform100real\28\6898.jpg,28
./balancer/uniform/uniform100real\28\7105.jpg,28
./balancer/uniform/uniform100real\28\716.jpg,28
./balancer/uniform/uniform100real\28\7251.jpg,28
./balancer/uniform/uniform100real\28\7284.jpg,28
./balancer/uniform/uniform100real\28\7340.JPG,28
./balancer/uniform/uniform100real\28\7381.jpg,28
./balancer/uniform/uniform100real\28\7518.jpg,28
./balancer/uniform/uniform100real\28\7577.jpg,28
./balancer/uniform/uniform100real\28\7602.jpg,28
./balancer/uniform/uniform100real\28\7638.JPG,28
./balancer/uniform/uniform100real\28\7668.JPG,28
./balancer/uniform/uniform100real\28\7674.jpg,28
./balancer/uniform/uniform100real\28\7786.jpg,28
./balancer/uniform/uniform100real\28\7857.jpg,28
./balancer/uniform/uniform100real\28\787.jpg,28
./balancer/uniform/uniform100real\28\797.jpg,28
./balancer/uniform/uniform100real\28\8016.jpg,28
./balancer/uniform/uniform100real\28\8024.jpg,28
./balancer/uniform/uniform100real\28\8115.jpg,28
./balancer/uniform/uniform100real\28\8132.jpg,28
./balancer/uniform/uniform100real\28\8144.jpg,28
./balancer/uniform/uniform100real\28\8182.jpg,28
./balancer/uniform/uniform100real\28\8195.jpg,28
./balancer/uniform/uniform100real\28\8217.jpg,28
./balancer/uniform/uniform100real\28\8242.jpg,28
./balancer/uniform/uniform100real\28\8308.JPG,28
./balancer/uniform/uniform100real\28\8542.jpg,28
./balancer/uniform/uniform100real\28\867.jpg,28
./balancer/uniform/uniform100real\28\877.jpg,28
./balancer/uniform/uniform100real\28\8854.jpg,28
./balancer/uniform/uniform100real\28\8855.jpg,28
./balancer/uniform/uniform100real\28\8874.jpg,28
./balancer/uniform/uniform100real\28\8969.jpg,28
./balancer/uniform/uniform100real\28\9040.JPG,28
./balancer/uniform/uniform100real\28\9159.jpg,28
./balancer/uniform/uniform100real\28\916.jpg,28
./balancer/uniform/uniform100real\28\9222.jpg,28
./balancer/uniform/uniform100real\28\9288.jpg,28
./balancer/uniform/uniform100real\28\9377.jpg,28
./balancer/uniform/uniform100real\28\9388.jpg,28
./balancer/uniform/uniform100real\28\948.jpg,28
./balancer/uniform/uniform100real\28\9488.jpg,28
./balancer/uniform/uniform100real\28\9579.jpg,28
./balancer/uniform/uniform100real\28\9619.jpg,28
./balancer/uniform/uniform100real\28\9626.jpg,28
./balancer/uniform/uniform100real\28\9657.jpg,28
./balancer/uniform/uniform100real\28\9764.jpg,28
./balancer/uniform/uniform100real\28\9769.jpg,28
./balancer/uniform/uniform100real\28\9841.jpg,28
./balancer/uniform/uniform100real\28\9879.jpg,28
./balancer/uniform/uniform100real\29\10003.jpg,29
./balancer/uniform/uniform100real\29\1004.jpg,29
./balancer/uniform/uniform100real\29\10045.jpg,29
./balancer/uniform/uniform100real\29\10208.jpg,29
./balancer/uniform/uniform100real\29\10276.jpg,29
./balancer/uniform/uniform100real\29\10316.jpg,29
./balancer/uniform/uniform100real\29\10322.jpg,29
./balancer/uniform/uniform100real\29\10337.jpg,29
./balancer/uniform/uniform100real\29\10346.jpg,29
./balancer/uniform/uniform100real\29\10394.JPG,29
./balancer/uniform/uniform100real\29\10396.jpg,29
./balancer/uniform/uniform100real\29\10432.jpg,29
./balancer/uniform/uniform100real\29\10637.jpg,29
./balancer/uniform/uniform100real\29\10713.jpg,29
./balancer/uniform/uniform100real\29\10769.jpg,29
./balancer/uniform/uniform100real\29\10784.jpg,29
./balancer/uniform/uniform100real\29\10801.jpg,29
./balancer/uniform/uniform100real\29\10812.jpg,29
./balancer/uniform/uniform100real\29\10825.jpg,29
./balancer/uniform/uniform100real\29\1086.jpg,29
./balancer/uniform/uniform100real\29\10877.jpg,29
./balancer/uniform/uniform100real\29\1094.jpg,29
./balancer/uniform/uniform100real\29\10987.jpg,29
./balancer/uniform/uniform100real\29\11024.jpg,29
./balancer/uniform/uniform100real\29\11084.jpg,29
./balancer/uniform/uniform100real\29\11234.JPG,29
./balancer/uniform/uniform100real\29\11278.jpg,29
./balancer/uniform/uniform100real\29\11389.jpg,29
./balancer/uniform/uniform100real\29\1140.jpg,29
./balancer/uniform/uniform100real\29\1147.jpg,29
./balancer/uniform/uniform100real\29\11554.JPG,29
./balancer/uniform/uniform100real\29\11648.jpg,29
./balancer/uniform/uniform100real\29\11691.jpg,29
./balancer/uniform/uniform100real\29\11744.jpg,29
./balancer/uniform/uniform100real\29\11842.jpg,29
./balancer/uniform/uniform100real\29\1197.jpg,29
./balancer/uniform/uniform100real\29\11981.jpg,29
./balancer/uniform/uniform100real\29\12072.jpg,29
./balancer/uniform/uniform100real\29\12186.jpg,29
./balancer/uniform/uniform100real\29\12269.jpg,29
./balancer/uniform/uniform100real\29\12287.jpg,29
./balancer/uniform/uniform100real\29\12371.jpg,29
./balancer/uniform/uniform100real\29\12400.jpg,29
./balancer/uniform/uniform100real\29\12411.jpg,29
./balancer/uniform/uniform100real\29\1245.jpg,29
./balancer/uniform/uniform100real\29\12603.JPG,29
./balancer/uniform/uniform100real\29\12679.jpg,29
./balancer/uniform/uniform100real\29\12822.jpg,29
./balancer/uniform/uniform100real\29\12835.jpg,29
./balancer/uniform/uniform100real\29\12933.jpg,29
./balancer/uniform/uniform100real\29\12949.jpg,29
./balancer/uniform/uniform100real\29\12962.jpg,29
./balancer/uniform/uniform100real\29\13005.JPG,29
./balancer/uniform/uniform100real\29\13032.jpg,29
./balancer/uniform/uniform100real\29\1392.jpg,29
./balancer/uniform/uniform100real\29\1404.jpg,29
./balancer/uniform/uniform100real\29\1524.jpg,29
./balancer/uniform/uniform100real\29\1574.JPG,29
./balancer/uniform/uniform100real\29\1607.jpg,29
./balancer/uniform/uniform100real\29\1642.jpg,29
./balancer/uniform/uniform100real\29\1650.jpg,29
./balancer/uniform/uniform100real\29\1699.jpg,29
./balancer/uniform/uniform100real\29\1705.jpg,29
./balancer/uniform/uniform100real\29\1759.jpg,29
./balancer/uniform/uniform100real\29\178.jpg,29
./balancer/uniform/uniform100real\29\1932.jpg,29
./balancer/uniform/uniform100real\29\2084.jpg,29
./balancer/uniform/uniform100real\29\2203.jpg,29
./balancer/uniform/uniform100real\29\2249.jpg,29
./balancer/uniform/uniform100real\29\2279.jpg,29
./balancer/uniform/uniform100real\29\2402.jpg,29
./balancer/uniform/uniform100real\29\2527.jpg,29
./balancer/uniform/uniform100real\29\2541.jpg,29
./balancer/uniform/uniform100real\29\2757.jpg,29
./balancer/uniform/uniform100real\29\277.jpg,29
./balancer/uniform/uniform100real\29\2774.jpg,29
./balancer/uniform/uniform100real\29\2846.jpg,29
./balancer/uniform/uniform100real\29\2851.jpg,29
./balancer/uniform/uniform100real\29\3012.jpg,29
./balancer/uniform/uniform100real\29\3031.jpg,29
./balancer/uniform/uniform100real\29\3070.jpg,29
./balancer/uniform/uniform100real\29\310.jpg,29
./balancer/uniform/uniform100real\29\3199.jpg,29
./balancer/uniform/uniform100real\29\3278.jpg,29
./balancer/uniform/uniform100real\29\3292.jpg,29
./balancer/uniform/uniform100real\29\3344.jpg,29
./balancer/uniform/uniform100real\29\3527.jpg,29
./balancer/uniform/uniform100real\29\356.jpg,29
./balancer/uniform/uniform100real\29\3603.jpg,29
./balancer/uniform/uniform100real\29\3633.jpg,29
./balancer/uniform/uniform100real\29\3709.jpg,29
./balancer/uniform/uniform100real\29\3814.jpg,29
./balancer/uniform/uniform100real\29\3824.jpg,29
./balancer/uniform/uniform100real\29\383.jpg,29
./balancer/uniform/uniform100real\29\3952.jpg,29
./balancer/uniform/uniform100real\29\3977.JPG,29
./balancer/uniform/uniform100real\29\4035.jpg,29
./balancer/uniform/uniform100real\29\405.jpg,29
./balancer/uniform/uniform100real\29\4186.jpg,29
./balancer/uniform/uniform100real\29\4194.jpg,29
./balancer/uniform/uniform100real\29\42.jpg,29
./balancer/uniform/uniform100real\29\4202.jpg,29
./balancer/uniform/uniform100real\29\4256.jpg,29
./balancer/uniform/uniform100real\29\426.jpg,29
./balancer/uniform/uniform100real\29\4323.jpg,29
./balancer/uniform/uniform100real\29\4340.jpg,29
./balancer/uniform/uniform100real\29\4352.jpg,29
./balancer/uniform/uniform100real\29\4414.jpg,29
./balancer/uniform/uniform100real\29\4536.jpg,29
./balancer/uniform/uniform100real\29\459.jpg,29
./balancer/uniform/uniform100real\29\4642.jpg,29
./balancer/uniform/uniform100real\29\4652.jpg,29
./balancer/uniform/uniform100real\29\4674.jpg,29
./balancer/uniform/uniform100real\29\4684.jpg,29
./balancer/uniform/uniform100real\29\4699.jpg,29
./balancer/uniform/uniform100real\29\4712.jpg,29
./balancer/uniform/uniform100real\29\4771.JPG,29
./balancer/uniform/uniform100real\29\4774.jpg,29
./balancer/uniform/uniform100real\29\4863.JPG,29
./balancer/uniform/uniform100real\29\4889.jpg,29
./balancer/uniform/uniform100real\29\4935.jpg,29
./balancer/uniform/uniform100real\29\4954.jpg,29
./balancer/uniform/uniform100real\29\4968.jpg,29
./balancer/uniform/uniform100real\29\4983.jpg,29
./balancer/uniform/uniform100real\29\5008.jpg,29
./balancer/uniform/uniform100real\29\5017.jpg,29
./balancer/uniform/uniform100real\29\5068.jpg,29
./balancer/uniform/uniform100real\29\5097.JPG,29
./balancer/uniform/uniform100real\29\5170.jpg,29
./balancer/uniform/uniform100real\29\5177.jpg,29
./balancer/uniform/uniform100real\29\5219.JPG,29
./balancer/uniform/uniform100real\29\5372.jpg,29
./balancer/uniform/uniform100real\29\5377.jpg,29
./balancer/uniform/uniform100real\29\5405.jpg,29
./balancer/uniform/uniform100real\29\5432.JPG,29
./balancer/uniform/uniform100real\29\5506.jpg,29
./balancer/uniform/uniform100real\29\5515.jpg,29
./balancer/uniform/uniform100real\29\5711.jpg,29
./balancer/uniform/uniform100real\29\5716.jpg,29
./balancer/uniform/uniform100real\29\578.jpg,29
./balancer/uniform/uniform100real\29\5821.jpg,29
./balancer/uniform/uniform100real\29\5896.jpg,29
./balancer/uniform/uniform100real\29\5949.jpg,29
./balancer/uniform/uniform100real\29\5988.jpg,29
./balancer/uniform/uniform100real\29\60.JPG,29
./balancer/uniform/uniform100real\29\6043.JPG,29
./balancer/uniform/uniform100real\29\6191.jpg,29
./balancer/uniform/uniform100real\29\6269.jpg,29
./balancer/uniform/uniform100real\29\6303.jpg,29
./balancer/uniform/uniform100real\29\6340.jpg,29
./balancer/uniform/uniform100real\29\6404.jpg,29
./balancer/uniform/uniform100real\29\6434.jpg,29
./balancer/uniform/uniform100real\29\6461.jpg,29
./balancer/uniform/uniform100real\29\6619.jpg,29
./balancer/uniform/uniform100real\29\6642.JPG,29
./balancer/uniform/uniform100real\29\6893.jpg,29
./balancer/uniform/uniform100real\29\6931.JPG,29
./balancer/uniform/uniform100real\29\6933.jpg,29
./balancer/uniform/uniform100real\29\7.jpg,29
./balancer/uniform/uniform100real\29\7009.JPG,29
./balancer/uniform/uniform100real\29\7014.jpg,29
./balancer/uniform/uniform100real\29\7052.jpg,29
./balancer/uniform/uniform100real\29\7092.jpg,29
./balancer/uniform/uniform100real\29\7154.jpg,29
./balancer/uniform/uniform100real\29\7160.JPG,29
./balancer/uniform/uniform100real\29\7381.jpg,29
./balancer/uniform/uniform100real\29\7430.jpg,29
./balancer/uniform/uniform100real\29\7541.jpg,29
./balancer/uniform/uniform100real\29\7564.jpg,29
./balancer/uniform/uniform100real\29\7622.jpg,29
./balancer/uniform/uniform100real\29\7794.jpg,29
./balancer/uniform/uniform100real\29\7859.jpg,29
./balancer/uniform/uniform100real\29\7932.jpg,29
./balancer/uniform/uniform100real\29\7947.jpg,29
./balancer/uniform/uniform100real\29\7985.jpg,29
./balancer/uniform/uniform100real\29\8043.jpg,29
./balancer/uniform/uniform100real\29\8069.jpg,29
./balancer/uniform/uniform100real\29\8110.jpg,29
./balancer/uniform/uniform100real\29\8114.jpg,29
./balancer/uniform/uniform100real\29\8130.JPG,29
./balancer/uniform/uniform100real\29\8342.jpg,29
./balancer/uniform/uniform100real\29\843.jpg,29
./balancer/uniform/uniform100real\29\8439.jpg,29
./balancer/uniform/uniform100real\29\8517.jpg,29
./balancer/uniform/uniform100real\29\8585.JPG,29
./balancer/uniform/uniform100real\29\8725.jpg,29
./balancer/uniform/uniform100real\29\8767.jpg,29
./balancer/uniform/uniform100real\29\8792.jpg,29
./balancer/uniform/uniform100real\29\9002.jpg,29
./balancer/uniform/uniform100real\29\9039.jpg,29
./balancer/uniform/uniform100real\29\9053.jpg,29
./balancer/uniform/uniform100real\29\9059.jpg,29
./balancer/uniform/uniform100real\29\9064.jpg,29
./balancer/uniform/uniform100real\29\9219.jpg,29
./balancer/uniform/uniform100real\29\9347.jpg,29
./balancer/uniform/uniform100real\29\9416.jpg,29
./balancer/uniform/uniform100real\29\9424.jpg,29
./balancer/uniform/uniform100real\29\9450.jpg,29
./balancer/uniform/uniform100real\29\9465.jpg,29
./balancer/uniform/uniform100real\29\972.jpg,29
./balancer/uniform/uniform100real\29\973.jpg,29
./balancer/uniform/uniform100real\29\9809.jpg,29
./balancer/uniform/uniform100real\29\9815.jpg,29
./balancer/uniform/uniform100real\30\10019.jpg,30
./balancer/uniform/uniform100real\30\10063.jpg,30
./balancer/uniform/uniform100real\30\10069.jpg,30
./balancer/uniform/uniform100real\30\10142.jpg,30
./balancer/uniform/uniform100real\30\10234.jpg,30
./balancer/uniform/uniform100real\30\10245.jpg,30
./balancer/uniform/uniform100real\30\10313.jpg,30
./balancer/uniform/uniform100real\30\1038.jpg,30
./balancer/uniform/uniform100real\30\1042.jpg,30
./balancer/uniform/uniform100real\30\10423.jpg,30
./balancer/uniform/uniform100real\30\10532.jpg,30
./balancer/uniform/uniform100real\30\10582.jpg,30
./balancer/uniform/uniform100real\30\10586.jpg,30
./balancer/uniform/uniform100real\30\10598.jpg,30
./balancer/uniform/uniform100real\30\10624.jpg,30
./balancer/uniform/uniform100real\30\10626.JPG,30
./balancer/uniform/uniform100real\30\10683.jpg,30
./balancer/uniform/uniform100real\30\10718.jpg,30
./balancer/uniform/uniform100real\30\10873.jpg,30
./balancer/uniform/uniform100real\30\10943.jpg,30
./balancer/uniform/uniform100real\30\10959.JPG,30
./balancer/uniform/uniform100real\30\10990.jpg,30
./balancer/uniform/uniform100real\30\10998.JPG,30
./balancer/uniform/uniform100real\30\1101.jpg,30
./balancer/uniform/uniform100real\30\11112.jpg,30
./balancer/uniform/uniform100real\30\11196.jpg,30
./balancer/uniform/uniform100real\30\11323.jpg,30
./balancer/uniform/uniform100real\30\11346.jpg,30
./balancer/uniform/uniform100real\30\11370.jpg,30
./balancer/uniform/uniform100real\30\11399.jpg,30
./balancer/uniform/uniform100real\30\11494.jpg,30
./balancer/uniform/uniform100real\30\11509.jpg,30
./balancer/uniform/uniform100real\30\11513.jpg,30
./balancer/uniform/uniform100real\30\11523.jpg,30
./balancer/uniform/uniform100real\30\11543.jpg,30
./balancer/uniform/uniform100real\30\11684.jpg,30
./balancer/uniform/uniform100real\30\11704.jpg,30
./balancer/uniform/uniform100real\30\1171.jpg,30
./balancer/uniform/uniform100real\30\1172.jpg,30
./balancer/uniform/uniform100real\30\11742.jpg,30
./balancer/uniform/uniform100real\30\11797.jpg,30
./balancer/uniform/uniform100real\30\11907.jpg,30
./balancer/uniform/uniform100real\30\11955.jpg,30
./balancer/uniform/uniform100real\30\11968.jpg,30
./balancer/uniform/uniform100real\30\12153.jpg,30
./balancer/uniform/uniform100real\30\12207.jpg,30
./balancer/uniform/uniform100real\30\12246.jpg,30
./balancer/uniform/uniform100real\30\12280.jpg,30
./balancer/uniform/uniform100real\30\12284.jpg,30
./balancer/uniform/uniform100real\30\12610.jpg,30
./balancer/uniform/uniform100real\30\12674.jpg,30
./balancer/uniform/uniform100real\30\12700.jpg,30
./balancer/uniform/uniform100real\30\12908.jpg,30
./balancer/uniform/uniform100real\30\1297.jpg,30
./balancer/uniform/uniform100real\30\1326.jpg,30
./balancer/uniform/uniform100real\30\13282.jpg,30
./balancer/uniform/uniform100real\30\13356.jpg,30
./balancer/uniform/uniform100real\30\13411.jpg,30
./balancer/uniform/uniform100real\30\13450.JPG,30
./balancer/uniform/uniform100real\30\13483.JPG,30
./balancer/uniform/uniform100real\30\13709.jpg,30
./balancer/uniform/uniform100real\30\1373.jpg,30
./balancer/uniform/uniform100real\30\13785.jpg,30
./balancer/uniform/uniform100real\30\13932.jpg,30
./balancer/uniform/uniform100real\30\13938.jpg,30
./balancer/uniform/uniform100real\30\13946.jpg,30
./balancer/uniform/uniform100real\30\13959.jpg,30
./balancer/uniform/uniform100real\30\14048.jpg,30
./balancer/uniform/uniform100real\30\14052.jpg,30
./balancer/uniform/uniform100real\30\14094.jpg,30
./balancer/uniform/uniform100real\30\1411.jpg,30
./balancer/uniform/uniform100real\30\14179.jpg,30
./balancer/uniform/uniform100real\30\14331.jpg,30
./balancer/uniform/uniform100real\30\1513.jpg,30
./balancer/uniform/uniform100real\30\1661.jpg,30
./balancer/uniform/uniform100real\30\1717.jpg,30
./balancer/uniform/uniform100real\30\1743.jpg,30
./balancer/uniform/uniform100real\30\1745.jpg,30
./balancer/uniform/uniform100real\30\177.jpg,30
./balancer/uniform/uniform100real\30\1857.jpg,30
./balancer/uniform/uniform100real\30\1863.jpg,30
./balancer/uniform/uniform100real\30\1866.jpg,30
./balancer/uniform/uniform100real\30\19.jpg,30
./balancer/uniform/uniform100real\30\1976.JPG,30
./balancer/uniform/uniform100real\30\1978.JPG,30
./balancer/uniform/uniform100real\30\2125.jpg,30
./balancer/uniform/uniform100real\30\2138.jpg,30
./balancer/uniform/uniform100real\30\2247.jpg,30
./balancer/uniform/uniform100real\30\2282.jpg,30
./balancer/uniform/uniform100real\30\237.jpg,30
./balancer/uniform/uniform100real\30\2420.jpg,30
./balancer/uniform/uniform100real\30\2457.jpg,30
./balancer/uniform/uniform100real\30\260.jpg,30
./balancer/uniform/uniform100real\30\2705.jpg,30
./balancer/uniform/uniform100real\30\2741.JPG,30
./balancer/uniform/uniform100real\30\2744.jpg,30
./balancer/uniform/uniform100real\30\2752.jpg,30
./balancer/uniform/uniform100real\30\2790.jpg,30
./balancer/uniform/uniform100real\30\2811.jpg,30
./balancer/uniform/uniform100real\30\2852.jpg,30
./balancer/uniform/uniform100real\30\3003.jpg,30
./balancer/uniform/uniform100real\30\3018.jpg,30
./balancer/uniform/uniform100real\30\3211.jpg,30
./balancer/uniform/uniform100real\30\3251.JPG,30
./balancer/uniform/uniform100real\30\3288.jpg,30
./balancer/uniform/uniform100real\30\3294.jpg,30
./balancer/uniform/uniform100real\30\3304.jpg,30
./balancer/uniform/uniform100real\30\3355.jpg,30
./balancer/uniform/uniform100real\30\337.jpg,30
./balancer/uniform/uniform100real\30\3418.jpg,30
./balancer/uniform/uniform100real\30\3458.jpg,30
./balancer/uniform/uniform100real\30\3496.jpg,30
./balancer/uniform/uniform100real\30\3734.jpg,30
./balancer/uniform/uniform100real\30\3740.jpg,30
./balancer/uniform/uniform100real\30\3894.jpg,30
./balancer/uniform/uniform100real\30\3993.jpg,30
./balancer/uniform/uniform100real\30\4005.JPG,30
./balancer/uniform/uniform100real\30\4224.jpg,30
./balancer/uniform/uniform100real\30\4232.jpg,30
./balancer/uniform/uniform100real\30\4430.jpg,30
./balancer/uniform/uniform100real\30\4621.jpg,30
./balancer/uniform/uniform100real\30\4650.jpg,30
./balancer/uniform/uniform100real\30\4711.jpg,30
./balancer/uniform/uniform100real\30\4722.JPG,30
./balancer/uniform/uniform100real\30\4809.jpg,30
./balancer/uniform/uniform100real\30\4818.jpg,30
./balancer/uniform/uniform100real\30\4975.jpg,30
./balancer/uniform/uniform100real\30\5075.jpg,30
./balancer/uniform/uniform100real\30\5136.jpg,30
./balancer/uniform/uniform100real\30\5171.jpg,30
./balancer/uniform/uniform100real\30\5211.JPG,30
./balancer/uniform/uniform100real\30\5288.jpg,30
./balancer/uniform/uniform100real\30\5429.jpg,30
./balancer/uniform/uniform100real\30\5578.jpg,30
./balancer/uniform/uniform100real\30\5644.jpg,30
./balancer/uniform/uniform100real\30\5799.jpg,30
./balancer/uniform/uniform100real\30\5820.jpg,30
./balancer/uniform/uniform100real\30\583.jpg,30
./balancer/uniform/uniform100real\30\5878.jpg,30
./balancer/uniform/uniform100real\30\5900.JPG,30
./balancer/uniform/uniform100real\30\6108.jpg,30
./balancer/uniform/uniform100real\30\6169.jpg,30
./balancer/uniform/uniform100real\30\6319.jpg,30
./balancer/uniform/uniform100real\30\6474.jpg,30
./balancer/uniform/uniform100real\30\6486.jpg,30
./balancer/uniform/uniform100real\30\650.jpg,30
./balancer/uniform/uniform100real\30\6520.jpg,30
./balancer/uniform/uniform100real\30\6566.jpg,30
./balancer/uniform/uniform100real\30\6614.jpg,30
./balancer/uniform/uniform100real\30\664.jpg,30
./balancer/uniform/uniform100real\30\6677.jpg,30
./balancer/uniform/uniform100real\30\6701.jpg,30
./balancer/uniform/uniform100real\30\6739.jpg,30
./balancer/uniform/uniform100real\30\6863.jpg,30
./balancer/uniform/uniform100real\30\689.jpg,30
./balancer/uniform/uniform100real\30\6954.jpg,30
./balancer/uniform/uniform100real\30\7072.jpg,30
./balancer/uniform/uniform100real\30\7159.jpg,30
./balancer/uniform/uniform100real\30\7173.jpg,30
./balancer/uniform/uniform100real\30\7212.jpg,30
./balancer/uniform/uniform100real\30\7271.jpg,30
./balancer/uniform/uniform100real\30\733.jpg,30
./balancer/uniform/uniform100real\30\7358.jpg,30
./balancer/uniform/uniform100real\30\7372.jpg,30
./balancer/uniform/uniform100real\30\74.jpg,30
./balancer/uniform/uniform100real\30\7430.jpg,30
./balancer/uniform/uniform100real\30\7445.jpg,30
./balancer/uniform/uniform100real\30\7454.jpg,30
./balancer/uniform/uniform100real\30\7511.jpg,30
./balancer/uniform/uniform100real\30\7586.jpg,30
./balancer/uniform/uniform100real\30\7597.jpg,30
./balancer/uniform/uniform100real\30\7986.jpg,30
./balancer/uniform/uniform100real\30\8022.jpg,30
./balancer/uniform/uniform100real\30\8042.JPG,30
./balancer/uniform/uniform100real\30\806.jpg,30
./balancer/uniform/uniform100real\30\815.jpg,30
./balancer/uniform/uniform100real\30\8228.jpg,30
./balancer/uniform/uniform100real\30\8233.jpg,30
./balancer/uniform/uniform100real\30\8258.jpg,30
./balancer/uniform/uniform100real\30\8368.JPG,30
./balancer/uniform/uniform100real\30\8393.jpg,30
./balancer/uniform/uniform100real\30\8400.jpg,30
./balancer/uniform/uniform100real\30\8403.jpg,30
./balancer/uniform/uniform100real\30\842.JPG,30
./balancer/uniform/uniform100real\30\85.jpg,30
./balancer/uniform/uniform100real\30\8559.jpg,30
./balancer/uniform/uniform100real\30\8584.jpg,30
./balancer/uniform/uniform100real\30\8743.jpg,30
./balancer/uniform/uniform100real\30\8773.JPG,30
./balancer/uniform/uniform100real\30\8788.jpg,30
./balancer/uniform/uniform100real\30\8891.jpg,30
./balancer/uniform/uniform100real\30\8929.JPG,30
./balancer/uniform/uniform100real\30\9019.jpg,30
./balancer/uniform/uniform100real\30\9074.jpg,30
./balancer/uniform/uniform100real\30\9173.jpg,30
./balancer/uniform/uniform100real\30\9189.jpg,30
./balancer/uniform/uniform100real\30\9258.jpg,30
./balancer/uniform/uniform100real\30\9387.jpg,30
./balancer/uniform/uniform100real\30\9393.JPG,30
./balancer/uniform/uniform100real\30\9530.jpg,30
./balancer/uniform/uniform100real\30\981.jpg,30
./balancer/uniform/uniform100real\30\9828.jpg,30
./balancer/uniform/uniform100real\30\9867.jpg,30
./balancer/uniform/uniform100real\31\10065.jpg,31
./balancer/uniform/uniform100real\31\10100.jpg,31
./balancer/uniform/uniform100real\31\1023.JPG,31
./balancer/uniform/uniform100real\31\10258.jpg,31
./balancer/uniform/uniform100real\31\1033.jpg,31
./balancer/uniform/uniform100real\31\10354.jpg,31
./balancer/uniform/uniform100real\31\10484.jpg,31
./balancer/uniform/uniform100real\31\10511.jpg,31
./balancer/uniform/uniform100real\31\10512.jpg,31
./balancer/uniform/uniform100real\31\10670.jpg,31
./balancer/uniform/uniform100real\31\10748.JPG,31
./balancer/uniform/uniform100real\31\10769.jpg,31
./balancer/uniform/uniform100real\31\10801.jpg,31
./balancer/uniform/uniform100real\31\1081.jpg,31
./balancer/uniform/uniform100real\31\10837.jpg,31
./balancer/uniform/uniform100real\31\10845.jpg,31
./balancer/uniform/uniform100real\31\10891.jpg,31
./balancer/uniform/uniform100real\31\10974.jpg,31
./balancer/uniform/uniform100real\31\11.jpg,31
./balancer/uniform/uniform100real\31\11063.jpg,31
./balancer/uniform/uniform100real\31\11135.jpg,31
./balancer/uniform/uniform100real\31\11145.jpg,31
./balancer/uniform/uniform100real\31\11152.jpg,31
./balancer/uniform/uniform100real\31\11285.jpg,31
./balancer/uniform/uniform100real\31\11360.jpg,31
./balancer/uniform/uniform100real\31\11403.jpg,31
./balancer/uniform/uniform100real\31\11407.jpg,31
./balancer/uniform/uniform100real\31\1142.jpg,31
./balancer/uniform/uniform100real\31\11470.jpg,31
./balancer/uniform/uniform100real\31\11574.jpg,31
./balancer/uniform/uniform100real\31\11585.jpg,31
./balancer/uniform/uniform100real\31\11622.jpg,31
./balancer/uniform/uniform100real\31\11632.jpg,31
./balancer/uniform/uniform100real\31\11738.JPG,31
./balancer/uniform/uniform100real\31\11905.jpg,31
./balancer/uniform/uniform100real\31\11918.JPG,31
./balancer/uniform/uniform100real\31\11919.jpg,31
./balancer/uniform/uniform100real\31\11966.JPG,31
./balancer/uniform/uniform100real\31\12009.jpg,31
./balancer/uniform/uniform100real\31\1207.jpg,31
./balancer/uniform/uniform100real\31\12145.jpg,31
./balancer/uniform/uniform100real\31\12195.jpg,31
./balancer/uniform/uniform100real\31\12213.jpg,31
./balancer/uniform/uniform100real\31\12221.jpg,31
./balancer/uniform/uniform100real\31\12242.JPG,31
./balancer/uniform/uniform100real\31\12373.jpg,31
./balancer/uniform/uniform100real\31\12513.jpg,31
./balancer/uniform/uniform100real\31\12650.jpg,31
./balancer/uniform/uniform100real\31\12781.jpg,31
./balancer/uniform/uniform100real\31\12865.jpg,31
./balancer/uniform/uniform100real\31\13041.JPG,31
./balancer/uniform/uniform100real\31\13050.jpg,31
./balancer/uniform/uniform100real\31\13074.jpg,31
./balancer/uniform/uniform100real\31\13101.jpg,31
./balancer/uniform/uniform100real\31\13156.jpg,31
./balancer/uniform/uniform100real\31\13172.jpg,31
./balancer/uniform/uniform100real\31\13188.jpg,31
./balancer/uniform/uniform100real\31\13265.jpg,31
./balancer/uniform/uniform100real\31\13282.jpg,31
./balancer/uniform/uniform100real\31\1336.jpg,31
./balancer/uniform/uniform100real\31\1422.jpg,31
./balancer/uniform/uniform100real\31\1451.jpg,31
./balancer/uniform/uniform100real\31\156.jpg,31
./balancer/uniform/uniform100real\31\1567.jpg,31
./balancer/uniform/uniform100real\31\158.jpg,31
./balancer/uniform/uniform100real\31\1616.jpg,31
./balancer/uniform/uniform100real\31\163.jpg,31
./balancer/uniform/uniform100real\31\1677.jpg,31
./balancer/uniform/uniform100real\31\180.jpg,31
./balancer/uniform/uniform100real\31\1833.jpg,31
./balancer/uniform/uniform100real\31\1907.jpg,31
./balancer/uniform/uniform100real\31\2029.jpg,31
./balancer/uniform/uniform100real\31\2069.jpg,31
./balancer/uniform/uniform100real\31\2091.jpg,31
./balancer/uniform/uniform100real\31\2138.jpg,31
./balancer/uniform/uniform100real\31\2143.jpg,31
./balancer/uniform/uniform100real\31\2206.jpg,31
./balancer/uniform/uniform100real\31\2247.JPG,31
./balancer/uniform/uniform100real\31\2269.jpg,31
./balancer/uniform/uniform100real\31\2293.JPG,31
./balancer/uniform/uniform100real\31\2357.jpg,31
./balancer/uniform/uniform100real\31\2377.jpg,31
./balancer/uniform/uniform100real\31\2459.jpg,31
./balancer/uniform/uniform100real\31\2482.jpg,31
./balancer/uniform/uniform100real\31\249.jpg,31
./balancer/uniform/uniform100real\31\2514.jpg,31
./balancer/uniform/uniform100real\31\258.JPG,31
./balancer/uniform/uniform100real\31\2879.jpg,31
./balancer/uniform/uniform100real\31\2921.jpg,31
./balancer/uniform/uniform100real\31\2964.jpg,31
./balancer/uniform/uniform100real\31\2974.jpg,31
./balancer/uniform/uniform100real\31\3005.JPG,31
./balancer/uniform/uniform100real\31\3066.jpg,31
./balancer/uniform/uniform100real\31\3210.jpg,31
./balancer/uniform/uniform100real\31\3248.jpg,31
./balancer/uniform/uniform100real\31\3294.jpg,31
./balancer/uniform/uniform100real\31\331.jpg,31
./balancer/uniform/uniform100real\31\3460.JPG,31
./balancer/uniform/uniform100real\31\3630.JPG,31
./balancer/uniform/uniform100real\31\3673.jpg,31
./balancer/uniform/uniform100real\31\3674.jpg,31
./balancer/uniform/uniform100real\31\3826.jpg,31
./balancer/uniform/uniform100real\31\3854.jpg,31
./balancer/uniform/uniform100real\31\3954.jpg,31
./balancer/uniform/uniform100real\31\3960.jpg,31
./balancer/uniform/uniform100real\31\399.jpg,31
./balancer/uniform/uniform100real\31\4319.jpg,31
./balancer/uniform/uniform100real\31\4333.jpg,31
./balancer/uniform/uniform100real\31\4358.JPG,31
./balancer/uniform/uniform100real\31\4412.jpg,31
./balancer/uniform/uniform100real\31\4461.jpg,31
./balancer/uniform/uniform100real\31\4628.jpg,31
./balancer/uniform/uniform100real\31\463.jpg,31
./balancer/uniform/uniform100real\31\4641.jpg,31
./balancer/uniform/uniform100real\31\465.jpg,31
./balancer/uniform/uniform100real\31\4658.jpg,31
./balancer/uniform/uniform100real\31\4820.jpg,31
./balancer/uniform/uniform100real\31\4885.jpg,31
./balancer/uniform/uniform100real\31\5192.jpg,31
./balancer/uniform/uniform100real\31\5218.JPG,31
./balancer/uniform/uniform100real\31\5224.jpg,31
./balancer/uniform/uniform100real\31\523.jpg,31
./balancer/uniform/uniform100real\31\5340.jpg,31
./balancer/uniform/uniform100real\31\5431.jpg,31
./balancer/uniform/uniform100real\31\5453.jpg,31
./balancer/uniform/uniform100real\31\5565.jpg,31
./balancer/uniform/uniform100real\31\5589.jpg,31
./balancer/uniform/uniform100real\31\5666.jpg,31
./balancer/uniform/uniform100real\31\5714.jpg,31
./balancer/uniform/uniform100real\31\5826.jpg,31
./balancer/uniform/uniform100real\31\5827.jpg,31
./balancer/uniform/uniform100real\31\584.jpg,31
./balancer/uniform/uniform100real\31\5865.jpg,31
./balancer/uniform/uniform100real\31\5999.jpg,31
./balancer/uniform/uniform100real\31\6019.jpg,31
./balancer/uniform/uniform100real\31\6075.JPG,31
./balancer/uniform/uniform100real\31\6088.jpg,31
./balancer/uniform/uniform100real\31\6182.jpg,31
./balancer/uniform/uniform100real\31\6381.jpg,31
./balancer/uniform/uniform100real\31\640.JPG,31
./balancer/uniform/uniform100real\31\643.JPG,31
./balancer/uniform/uniform100real\31\6436.JPG,31
./balancer/uniform/uniform100real\31\6468.jpg,31
./balancer/uniform/uniform100real\31\6526.jpg,31
./balancer/uniform/uniform100real\31\6597.jpg,31
./balancer/uniform/uniform100real\31\6646.jpg,31
./balancer/uniform/uniform100real\31\6698.jpg,31
./balancer/uniform/uniform100real\31\67.jpg,31
./balancer/uniform/uniform100real\31\6706.jpg,31
./balancer/uniform/uniform100real\31\6786.jpg,31
./balancer/uniform/uniform100real\31\6808.JPG,31
./balancer/uniform/uniform100real\31\6849.jpg,31
./balancer/uniform/uniform100real\31\6942.jpg,31
./balancer/uniform/uniform100real\31\6967.jpg,31
./balancer/uniform/uniform100real\31\706.jpg,31
./balancer/uniform/uniform100real\31\7151.jpg,31
./balancer/uniform/uniform100real\31\7279.jpg,31
./balancer/uniform/uniform100real\31\734.jpg,31
./balancer/uniform/uniform100real\31\7403.jpg,31
./balancer/uniform/uniform100real\31\744.jpg,31
./balancer/uniform/uniform100real\31\7446.jpg,31
./balancer/uniform/uniform100real\31\7562.jpg,31
./balancer/uniform/uniform100real\31\7618.jpg,31
./balancer/uniform/uniform100real\31\7758.jpg,31
./balancer/uniform/uniform100real\31\7762.jpg,31
./balancer/uniform/uniform100real\31\7819.jpg,31
./balancer/uniform/uniform100real\31\7841.jpg,31
./balancer/uniform/uniform100real\31\7938.jpg,31
./balancer/uniform/uniform100real\31\7977.jpg,31
./balancer/uniform/uniform100real\31\8144.jpg,31
./balancer/uniform/uniform100real\31\8151.jpg,31
./balancer/uniform/uniform100real\31\8212.jpg,31
./balancer/uniform/uniform100real\31\8313.jpg,31
./balancer/uniform/uniform100real\31\8376.jpg,31
./balancer/uniform/uniform100real\31\8445.jpg,31
./balancer/uniform/uniform100real\31\8487.jpg,31
./balancer/uniform/uniform100real\31\8572.jpg,31
./balancer/uniform/uniform100real\31\8610.jpg,31
./balancer/uniform/uniform100real\31\8650.jpg,31
./balancer/uniform/uniform100real\31\8662.jpg,31
./balancer/uniform/uniform100real\31\8770.jpg,31
./balancer/uniform/uniform100real\31\8790.jpg,31
./balancer/uniform/uniform100real\31\8801.jpg,31
./balancer/uniform/uniform100real\31\8803.jpg,31
./balancer/uniform/uniform100real\31\8927.jpg,31
./balancer/uniform/uniform100real\31\8990.jpg,31
./balancer/uniform/uniform100real\31\9031.jpg,31
./balancer/uniform/uniform100real\31\9141.jpg,31
./balancer/uniform/uniform100real\31\9181.jpg,31
./balancer/uniform/uniform100real\31\9191.jpg,31
./balancer/uniform/uniform100real\31\9239.jpg,31
./balancer/uniform/uniform100real\31\9320.jpg,31
./balancer/uniform/uniform100real\31\9338.jpg,31
./balancer/uniform/uniform100real\31\9372.jpg,31
./balancer/uniform/uniform100real\31\9401.jpg,31
./balancer/uniform/uniform100real\31\9404.jpg,31
./balancer/uniform/uniform100real\31\9504.jpg,31
./balancer/uniform/uniform100real\31\951.jpg,31
./balancer/uniform/uniform100real\31\9563.jpg,31
./balancer/uniform/uniform100real\31\9568.jpg,31
./balancer/uniform/uniform100real\31\9595.JPG,31
./balancer/uniform/uniform100real\31\9798.jpg,31
./balancer/uniform/uniform100real\31\9880.JPG,31
./balancer/uniform/uniform100real\32\10079.jpg,32
./balancer/uniform/uniform100real\32\10146.jpg,32
./balancer/uniform/uniform100real\32\10334.jpg,32
./balancer/uniform/uniform100real\32\10415.jpg,32
./balancer/uniform/uniform100real\32\10432.JPG,32
./balancer/uniform/uniform100real\32\1047.jpg,32
./balancer/uniform/uniform100real\32\10578.jpg,32
./balancer/uniform/uniform100real\32\10642.jpg,32
./balancer/uniform/uniform100real\32\10652.jpg,32
./balancer/uniform/uniform100real\32\1086.jpg,32
./balancer/uniform/uniform100real\32\10887.JPG,32
./balancer/uniform/uniform100real\32\10929.jpg,32
./balancer/uniform/uniform100real\32\10950.jpg,32
./balancer/uniform/uniform100real\32\11003.jpg,32
./balancer/uniform/uniform100real\32\11107.jpg,32
./balancer/uniform/uniform100real\32\11160.jpg,32
./balancer/uniform/uniform100real\32\11302.jpg,32
./balancer/uniform/uniform100real\32\11365.jpg,32
./balancer/uniform/uniform100real\32\11386.jpg,32
./balancer/uniform/uniform100real\32\1140.jpg,32
./balancer/uniform/uniform100real\32\1148.jpg,32
./balancer/uniform/uniform100real\32\11529.jpg,32
./balancer/uniform/uniform100real\32\11566.jpg,32
./balancer/uniform/uniform100real\32\11651.JPG,32
./balancer/uniform/uniform100real\32\11654.jpg,32
./balancer/uniform/uniform100real\32\11690.jpg,32
./balancer/uniform/uniform100real\32\1171.jpg,32
./balancer/uniform/uniform100real\32\11718.jpg,32
./balancer/uniform/uniform100real\32\11827.jpg,32
./balancer/uniform/uniform100real\32\11838.jpg,32
./balancer/uniform/uniform100real\32\12057.JPG,32
./balancer/uniform/uniform100real\32\12062.jpg,32
./balancer/uniform/uniform100real\32\12092.jpg,32
./balancer/uniform/uniform100real\32\12102.jpg,32
./balancer/uniform/uniform100real\32\1214.jpg,32
./balancer/uniform/uniform100real\32\1241.jpg,32
./balancer/uniform/uniform100real\32\12454.jpg,32
./balancer/uniform/uniform100real\32\12492.jpg,32
./balancer/uniform/uniform100real\32\12495.jpg,32
./balancer/uniform/uniform100real\32\12572.jpg,32
./balancer/uniform/uniform100real\32\12630.jpg,32
./balancer/uniform/uniform100real\32\12692.jpg,32
./balancer/uniform/uniform100real\32\12706.jpg,32
./balancer/uniform/uniform100real\32\12714.jpg,32
./balancer/uniform/uniform100real\32\12856.jpg,32
./balancer/uniform/uniform100real\32\12871.jpg,32
./balancer/uniform/uniform100real\32\12897.jpg,32
./balancer/uniform/uniform100real\32\12929.jpg,32
./balancer/uniform/uniform100real\32\12988.jpg,32
./balancer/uniform/uniform100real\32\13016.jpg,32
./balancer/uniform/uniform100real\32\13041.jpg,32
./balancer/uniform/uniform100real\32\13051.jpg,32
./balancer/uniform/uniform100real\32\134.jpg,32
./balancer/uniform/uniform100real\32\1371.JPG,32
./balancer/uniform/uniform100real\32\1426.jpg,32
./balancer/uniform/uniform100real\32\1443.jpg,32
./balancer/uniform/uniform100real\32\1444.jpg,32
./balancer/uniform/uniform100real\32\1450.jpg,32
./balancer/uniform/uniform100real\32\1528.jpg,32
./balancer/uniform/uniform100real\32\1582.jpg,32
./balancer/uniform/uniform100real\32\1605.jpg,32
./balancer/uniform/uniform100real\32\1704.JPG,32
./balancer/uniform/uniform100real\32\1821.jpg,32
./balancer/uniform/uniform100real\32\1842.jpg,32
./balancer/uniform/uniform100real\32\1916.jpg,32
./balancer/uniform/uniform100real\32\1921.JPG,32
./balancer/uniform/uniform100real\32\1922.jpg,32
./balancer/uniform/uniform100real\32\1924.jpg,32
./balancer/uniform/uniform100real\32\1992.jpg,32
./balancer/uniform/uniform100real\32\2064.jpg,32
./balancer/uniform/uniform100real\32\2088.jpg,32
./balancer/uniform/uniform100real\32\2097.jpg,32
./balancer/uniform/uniform100real\32\2129.jpg,32
./balancer/uniform/uniform100real\32\2336.jpg,32
./balancer/uniform/uniform100real\32\2348.jpg,32
./balancer/uniform/uniform100real\32\24.jpg,32
./balancer/uniform/uniform100real\32\2422.jpg,32
./balancer/uniform/uniform100real\32\25.jpg,32
./balancer/uniform/uniform100real\32\2516.jpg,32
./balancer/uniform/uniform100real\32\2558.jpg,32
./balancer/uniform/uniform100real\32\260.JPG,32
./balancer/uniform/uniform100real\32\2636.jpg,32
./balancer/uniform/uniform100real\32\2637.jpg,32
./balancer/uniform/uniform100real\32\2656.jpg,32
./balancer/uniform/uniform100real\32\2664.jpg,32
./balancer/uniform/uniform100real\32\2690.jpg,32
./balancer/uniform/uniform100real\32\2756.jpg,32
./balancer/uniform/uniform100real\32\2796.jpg,32
./balancer/uniform/uniform100real\32\2862.jpg,32
./balancer/uniform/uniform100real\32\2950.jpg,32
./balancer/uniform/uniform100real\32\3022.jpg,32
./balancer/uniform/uniform100real\32\3203.jpg,32
./balancer/uniform/uniform100real\32\3234.jpg,32
./balancer/uniform/uniform100real\32\3304.jpg,32
./balancer/uniform/uniform100real\32\3368.jpg,32
./balancer/uniform/uniform100real\32\3373.jpg,32
./balancer/uniform/uniform100real\32\3387.jpg,32
./balancer/uniform/uniform100real\32\341.jpg,32
./balancer/uniform/uniform100real\32\3455.jpg,32
./balancer/uniform/uniform100real\32\3457.jpg,32
./balancer/uniform/uniform100real\32\3527.jpg,32
./balancer/uniform/uniform100real\32\3823.jpg,32
./balancer/uniform/uniform100real\32\3833.jpg,32
./balancer/uniform/uniform100real\32\3895.jpg,32
./balancer/uniform/uniform100real\32\3982.jpg,32
./balancer/uniform/uniform100real\32\3991.jpg,32
./balancer/uniform/uniform100real\32\4027.jpg,32
./balancer/uniform/uniform100real\32\423.JPG,32
./balancer/uniform/uniform100real\32\4305.jpg,32
./balancer/uniform/uniform100real\32\4336.jpg,32
./balancer/uniform/uniform100real\32\4462.jpg,32
./balancer/uniform/uniform100real\32\4465.jpg,32
./balancer/uniform/uniform100real\32\4495.jpg,32
./balancer/uniform/uniform100real\32\460.jpg,32
./balancer/uniform/uniform100real\32\4619.jpg,32
./balancer/uniform/uniform100real\32\4628.jpg,32
./balancer/uniform/uniform100real\32\4631.jpg,32
./balancer/uniform/uniform100real\32\4816.jpg,32
./balancer/uniform/uniform100real\32\4835.jpg,32
./balancer/uniform/uniform100real\32\4858.jpg,32
./balancer/uniform/uniform100real\32\4938.jpg,32
./balancer/uniform/uniform100real\32\4954.jpg,32
./balancer/uniform/uniform100real\32\4992.jpg,32
./balancer/uniform/uniform100real\32\5260.jpg,32
./balancer/uniform/uniform100real\32\527.jpg,32
./balancer/uniform/uniform100real\32\5276.jpg,32
./balancer/uniform/uniform100real\32\5293.jpg,32
./balancer/uniform/uniform100real\32\5365.jpg,32
./balancer/uniform/uniform100real\32\5434.jpg,32
./balancer/uniform/uniform100real\32\5465.jpg,32
./balancer/uniform/uniform100real\32\5533.jpg,32
./balancer/uniform/uniform100real\32\5548.jpg,32
./balancer/uniform/uniform100real\32\561.jpg,32
./balancer/uniform/uniform100real\32\5632.jpg,32
./balancer/uniform/uniform100real\32\5661.jpg,32
./balancer/uniform/uniform100real\32\5699.jpg,32
./balancer/uniform/uniform100real\32\5852.jpg,32
./balancer/uniform/uniform100real\32\59.jpg,32
./balancer/uniform/uniform100real\32\6178.jpg,32
./balancer/uniform/uniform100real\32\6205.jpg,32
./balancer/uniform/uniform100real\32\6346.JPG,32
./balancer/uniform/uniform100real\32\6363.jpg,32
./balancer/uniform/uniform100real\32\6382.jpg,32
./balancer/uniform/uniform100real\32\6490.jpg,32
./balancer/uniform/uniform100real\32\6652.jpg,32
./balancer/uniform/uniform100real\32\6720.jpg,32
./balancer/uniform/uniform100real\32\6802.jpg,32
./balancer/uniform/uniform100real\32\6841.jpg,32
./balancer/uniform/uniform100real\32\6938.jpg,32
./balancer/uniform/uniform100real\32\7083.jpg,32
./balancer/uniform/uniform100real\32\7200.jpg,32
./balancer/uniform/uniform100real\32\7236.jpg,32
./balancer/uniform/uniform100real\32\7243.jpg,32
./balancer/uniform/uniform100real\32\7311.jpg,32
./balancer/uniform/uniform100real\32\7332.jpg,32
./balancer/uniform/uniform100real\32\7338.jpg,32
./balancer/uniform/uniform100real\32\7425.jpg,32
./balancer/uniform/uniform100real\32\7514.jpg,32
./balancer/uniform/uniform100real\32\7528.jpg,32
./balancer/uniform/uniform100real\32\7534.jpg,32
./balancer/uniform/uniform100real\32\7565.jpg,32
./balancer/uniform/uniform100real\32\7573.jpg,32
./balancer/uniform/uniform100real\32\7603.jpg,32
./balancer/uniform/uniform100real\32\7620.jpg,32
./balancer/uniform/uniform100real\32\781.jpg,32
./balancer/uniform/uniform100real\32\7819.jpg,32
./balancer/uniform/uniform100real\32\7918.jpg,32
./balancer/uniform/uniform100real\32\8029.jpg,32
./balancer/uniform/uniform100real\32\8066.jpg,32
./balancer/uniform/uniform100real\32\8108.jpg,32
./balancer/uniform/uniform100real\32\8133.jpg,32
./balancer/uniform/uniform100real\32\8235.jpg,32
./balancer/uniform/uniform100real\32\8269.jpg,32
./balancer/uniform/uniform100real\32\8301.jpg,32
./balancer/uniform/uniform100real\32\8302.jpg,32
./balancer/uniform/uniform100real\32\8322.jpg,32
./balancer/uniform/uniform100real\32\835.jpg,32
./balancer/uniform/uniform100real\32\86.jpg,32
./balancer/uniform/uniform100real\32\8638.jpg,32
./balancer/uniform/uniform100real\32\8712.jpg,32
./balancer/uniform/uniform100real\32\8790.jpg,32
./balancer/uniform/uniform100real\32\8881.jpg,32
./balancer/uniform/uniform100real\32\9014.JPG,32
./balancer/uniform/uniform100real\32\903.jpg,32
./balancer/uniform/uniform100real\32\9103.jpg,32
./balancer/uniform/uniform100real\32\9131.JPG,32
./balancer/uniform/uniform100real\32\9134.jpg,32
./balancer/uniform/uniform100real\32\9148.jpg,32
./balancer/uniform/uniform100real\32\9157.jpg,32
./balancer/uniform/uniform100real\32\9225.jpg,32
./balancer/uniform/uniform100real\32\9307.jpg,32
./balancer/uniform/uniform100real\32\9380.jpg,32
./balancer/uniform/uniform100real\32\949.jpg,32
./balancer/uniform/uniform100real\32\9568.jpg,32
./balancer/uniform/uniform100real\32\9585.JPG,32
./balancer/uniform/uniform100real\32\9609.jpg,32
./balancer/uniform/uniform100real\32\9737.jpg,32
./balancer/uniform/uniform100real\32\9740.jpg,32
./balancer/uniform/uniform100real\32\979.jpg,32
./balancer/uniform/uniform100real\32\9844.jpg,32
./balancer/uniform/uniform100real\32\9906.jpg,32
./balancer/uniform/uniform100real\32\9928.jpg,32
./balancer/uniform/uniform100real\32\9987.JPG,32
./balancer/uniform/uniform100real\33\10071.jpg,33
./balancer/uniform/uniform100real\33\10327.jpg,33
./balancer/uniform/uniform100real\33\10378.jpg,33
./balancer/uniform/uniform100real\33\10398.jpg,33
./balancer/uniform/uniform100real\33\1042.jpg,33
./balancer/uniform/uniform100real\33\10422.jpg,33
./balancer/uniform/uniform100real\33\105.jpg,33
./balancer/uniform/uniform100real\33\10507.jpg,33
./balancer/uniform/uniform100real\33\10622.jpg,33
./balancer/uniform/uniform100real\33\10654.JPG,33
./balancer/uniform/uniform100real\33\10685.jpg,33
./balancer/uniform/uniform100real\33\107.jpg,33
./balancer/uniform/uniform100real\33\10711.jpg,33
./balancer/uniform/uniform100real\33\10726.jpg,33
./balancer/uniform/uniform100real\33\1073.jpg,33
./balancer/uniform/uniform100real\33\10906.jpg,33
./balancer/uniform/uniform100real\33\11066.jpg,33
./balancer/uniform/uniform100real\33\11195.jpg,33
./balancer/uniform/uniform100real\33\11477.jpg,33
./balancer/uniform/uniform100real\33\11560.jpg,33
./balancer/uniform/uniform100real\33\1161.jpg,33
./balancer/uniform/uniform100real\33\11644.JPG,33
./balancer/uniform/uniform100real\33\11719.jpg,33
./balancer/uniform/uniform100real\33\11980.jpg,33
./balancer/uniform/uniform100real\33\12026.jpg,33
./balancer/uniform/uniform100real\33\12106.jpg,33
./balancer/uniform/uniform100real\33\1216.jpg,33
./balancer/uniform/uniform100real\33\12183.jpg,33
./balancer/uniform/uniform100real\33\12204.jpg,33
./balancer/uniform/uniform100real\33\12227.jpg,33
./balancer/uniform/uniform100real\33\12290.jpg,33
./balancer/uniform/uniform100real\33\12341.jpg,33
./balancer/uniform/uniform100real\33\12400.jpg,33
./balancer/uniform/uniform100real\33\12454.jpg,33
./balancer/uniform/uniform100real\33\12549.jpg,33
./balancer/uniform/uniform100real\33\126.jpg,33
./balancer/uniform/uniform100real\33\12620.jpg,33
./balancer/uniform/uniform100real\33\12643.JPG,33
./balancer/uniform/uniform100real\33\1295.jpg,33
./balancer/uniform/uniform100real\33\1410.jpg,33
./balancer/uniform/uniform100real\33\158.jpg,33
./balancer/uniform/uniform100real\33\1634.jpg,33
./balancer/uniform/uniform100real\33\1651.JPG,33
./balancer/uniform/uniform100real\33\1780.jpg,33
./balancer/uniform/uniform100real\33\1798.jpg,33
./balancer/uniform/uniform100real\33\1823.jpg,33
./balancer/uniform/uniform100real\33\1880.jpg,33
./balancer/uniform/uniform100real\33\1936.jpg,33
./balancer/uniform/uniform100real\33\1949.jpg,33
./balancer/uniform/uniform100real\33\1959.jpg,33
./balancer/uniform/uniform100real\33\2196.jpg,33
./balancer/uniform/uniform100real\33\2266.JPG,33
./balancer/uniform/uniform100real\33\2278.jpg,33
./balancer/uniform/uniform100real\33\2318.jpg,33
./balancer/uniform/uniform100real\33\2323.jpg,33
./balancer/uniform/uniform100real\33\2380.jpg,33
./balancer/uniform/uniform100real\33\2403.jpg,33
./balancer/uniform/uniform100real\33\243.jpg,33
./balancer/uniform/uniform100real\33\2523.jpg,33
./balancer/uniform/uniform100real\33\2559.jpg,33
./balancer/uniform/uniform100real\33\2585.jpg,33
./balancer/uniform/uniform100real\33\2588.jpg,33
./balancer/uniform/uniform100real\33\2599.jpg,33
./balancer/uniform/uniform100real\33\2788.jpg,33
./balancer/uniform/uniform100real\33\2837.jpg,33
./balancer/uniform/uniform100real\33\286.jpg,33
./balancer/uniform/uniform100real\33\2911.jpg,33
./balancer/uniform/uniform100real\33\2954.jpg,33
./balancer/uniform/uniform100real\33\3012.JPG,33
./balancer/uniform/uniform100real\33\3018.jpg,33
./balancer/uniform/uniform100real\33\306.jpg,33
./balancer/uniform/uniform100real\33\3122.jpg,33
./balancer/uniform/uniform100real\33\3374.jpg,33
./balancer/uniform/uniform100real\33\3433.jpg,33
./balancer/uniform/uniform100real\33\344.jpg,33
./balancer/uniform/uniform100real\33\3495.jpg,33
./balancer/uniform/uniform100real\33\3529.jpg,33
./balancer/uniform/uniform100real\33\3574.jpg,33
./balancer/uniform/uniform100real\33\3581.jpg,33
./balancer/uniform/uniform100real\33\3688.jpg,33
./balancer/uniform/uniform100real\33\3752.jpg,33
./balancer/uniform/uniform100real\33\3766.jpg,33
./balancer/uniform/uniform100real\33\3794.jpg,33
./balancer/uniform/uniform100real\33\3820.jpg,33
./balancer/uniform/uniform100real\33\3879.jpg,33
./balancer/uniform/uniform100real\33\3937.jpg,33
./balancer/uniform/uniform100real\33\3960.jpg,33
./balancer/uniform/uniform100real\33\4086.jpg,33
./balancer/uniform/uniform100real\33\4114.jpg,33
./balancer/uniform/uniform100real\33\4130.jpg,33
./balancer/uniform/uniform100real\33\4169.JPG,33
./balancer/uniform/uniform100real\33\4204.jpg,33
./balancer/uniform/uniform100real\33\4276.jpg,33
./balancer/uniform/uniform100real\33\441.jpg,33
./balancer/uniform/uniform100real\33\4528.jpg,33
./balancer/uniform/uniform100real\33\4615.jpg,33
./balancer/uniform/uniform100real\33\4635.jpg,33
./balancer/uniform/uniform100real\33\4654.jpg,33
./balancer/uniform/uniform100real\33\4711.jpg,33
./balancer/uniform/uniform100real\33\4722.JPG,33
./balancer/uniform/uniform100real\33\4727.jpg,33
./balancer/uniform/uniform100real\33\4802.jpg,33
./balancer/uniform/uniform100real\33\4829.jpg,33
./balancer/uniform/uniform100real\33\4866.jpg,33
./balancer/uniform/uniform100real\33\4890.jpg,33
./balancer/uniform/uniform100real\33\4925.jpg,33
./balancer/uniform/uniform100real\33\495.jpg,33
./balancer/uniform/uniform100real\33\5054.jpg,33
./balancer/uniform/uniform100real\33\5115.JPG,33
./balancer/uniform/uniform100real\33\5210.jpg,33
./balancer/uniform/uniform100real\33\5264.jpg,33
./balancer/uniform/uniform100real\33\5273.jpg,33
./balancer/uniform/uniform100real\33\537.jpg,33
./balancer/uniform/uniform100real\33\5469.jpg,33
./balancer/uniform/uniform100real\33\5524.jpg,33
./balancer/uniform/uniform100real\33\5608.jpg,33
./balancer/uniform/uniform100real\33\566.jpg,33
./balancer/uniform/uniform100real\33\5711.JPG,33
./balancer/uniform/uniform100real\33\5773.jpg,33
./balancer/uniform/uniform100real\33\5804.JPG,33
./balancer/uniform/uniform100real\33\5814.jpg,33
./balancer/uniform/uniform100real\33\5867.jpg,33
./balancer/uniform/uniform100real\33\5873.jpg,33
./balancer/uniform/uniform100real\33\5974.jpg,33
./balancer/uniform/uniform100real\33\6003.jpg,33
./balancer/uniform/uniform100real\33\6038.jpg,33
./balancer/uniform/uniform100real\33\6068.JPG,33
./balancer/uniform/uniform100real\33\6162.jpg,33
./balancer/uniform/uniform100real\33\628.jpg,33
./balancer/uniform/uniform100real\33\6355.jpg,33
./balancer/uniform/uniform100real\33\6547.jpg,33
./balancer/uniform/uniform100real\33\6617.jpg,33
./balancer/uniform/uniform100real\33\6627.JPG,33
./balancer/uniform/uniform100real\33\6631.jpg,33
./balancer/uniform/uniform100real\33\6661.JPG,33
./balancer/uniform/uniform100real\33\6673.jpg,33
./balancer/uniform/uniform100real\33\6823.jpg,33
./balancer/uniform/uniform100real\33\683.jpg,33
./balancer/uniform/uniform100real\33\6907.jpg,33
./balancer/uniform/uniform100real\33\6912.jpg,33
./balancer/uniform/uniform100real\33\6937.jpg,33
./balancer/uniform/uniform100real\33\7027.jpg,33
./balancer/uniform/uniform100real\33\703.jpg,33
./balancer/uniform/uniform100real\33\7151.jpg,33
./balancer/uniform/uniform100real\33\7201.jpg,33
./balancer/uniform/uniform100real\33\7238.jpg,33
./balancer/uniform/uniform100real\33\724.JPG,33
./balancer/uniform/uniform100real\33\7271.jpg,33
./balancer/uniform/uniform100real\33\731.jpg,33
./balancer/uniform/uniform100real\33\7476.jpg,33
./balancer/uniform/uniform100real\33\7511.jpg,33
./balancer/uniform/uniform100real\33\7619.jpg,33
./balancer/uniform/uniform100real\33\7644.jpg,33
./balancer/uniform/uniform100real\33\769.jpg,33
./balancer/uniform/uniform100real\33\7736.jpg,33
./balancer/uniform/uniform100real\33\7763.jpg,33
./balancer/uniform/uniform100real\33\780.jpg,33
./balancer/uniform/uniform100real\33\7943.jpg,33
./balancer/uniform/uniform100real\33\7965.jpg,33
./balancer/uniform/uniform100real\33\8051.jpg,33
./balancer/uniform/uniform100real\33\8120.jpg,33
./balancer/uniform/uniform100real\33\8210.jpg,33
./balancer/uniform/uniform100real\33\8379.jpg,33
./balancer/uniform/uniform100real\33\8412.jpg,33
./balancer/uniform/uniform100real\33\8431.jpg,33
./balancer/uniform/uniform100real\33\8457.jpg,33
./balancer/uniform/uniform100real\33\8480.jpg,33
./balancer/uniform/uniform100real\33\8566.jpg,33
./balancer/uniform/uniform100real\33\858.jpg,33
./balancer/uniform/uniform100real\33\8613.jpg,33
./balancer/uniform/uniform100real\33\8664.jpg,33
./balancer/uniform/uniform100real\33\8702.jpg,33
./balancer/uniform/uniform100real\33\8705.jpg,33
./balancer/uniform/uniform100real\33\8735.jpg,33
./balancer/uniform/uniform100real\33\8749.jpg,33
./balancer/uniform/uniform100real\33\8758.jpg,33
./balancer/uniform/uniform100real\33\8787.jpg,33
./balancer/uniform/uniform100real\33\8802.jpg,33
./balancer/uniform/uniform100real\33\8895.jpg,33
./balancer/uniform/uniform100real\33\8915.jpg,33
./balancer/uniform/uniform100real\33\8916.jpg,33
./balancer/uniform/uniform100real\33\8944.jpg,33
./balancer/uniform/uniform100real\33\9007.jpg,33
./balancer/uniform/uniform100real\33\9120.jpg,33
./balancer/uniform/uniform100real\33\9133.JPG,33
./balancer/uniform/uniform100real\33\9159.jpg,33
./balancer/uniform/uniform100real\33\9164.jpg,33
./balancer/uniform/uniform100real\33\9239.jpg,33
./balancer/uniform/uniform100real\33\9284.jpg,33
./balancer/uniform/uniform100real\33\9343.JPG,33
./balancer/uniform/uniform100real\33\9345.jpg,33
./balancer/uniform/uniform100real\33\9354.jpg,33
./balancer/uniform/uniform100real\33\9407.jpg,33
./balancer/uniform/uniform100real\33\9484.jpg,33
./balancer/uniform/uniform100real\33\9500.jpg,33
./balancer/uniform/uniform100real\33\9690.jpg,33
./balancer/uniform/uniform100real\33\9691.jpg,33
./balancer/uniform/uniform100real\33\974.jpg,33
./balancer/uniform/uniform100real\33\9817.jpg,33
./balancer/uniform/uniform100real\33\9826.jpg,33
./balancer/uniform/uniform100real\33\9834.jpg,33
./balancer/uniform/uniform100real\33\9841.jpg,33
./balancer/uniform/uniform100real\33\9966.jpg,33
./balancer/uniform/uniform100real\34\100.jpg,34
./balancer/uniform/uniform100real\34\10058.jpg,34
./balancer/uniform/uniform100real\34\10120.jpg,34
./balancer/uniform/uniform100real\34\1014.jpg,34
./balancer/uniform/uniform100real\34\10196.JPG,34
./balancer/uniform/uniform100real\34\102.jpg,34
./balancer/uniform/uniform100real\34\10258.JPG,34
./balancer/uniform/uniform100real\34\10323.jpg,34
./balancer/uniform/uniform100real\34\10335.jpg,34
./balancer/uniform/uniform100real\34\10349.jpg,34
./balancer/uniform/uniform100real\34\10394.JPG,34
./balancer/uniform/uniform100real\34\10579.jpg,34
./balancer/uniform/uniform100real\34\10600.jpg,34
./balancer/uniform/uniform100real\34\10733.jpg,34
./balancer/uniform/uniform100real\34\10772.jpg,34
./balancer/uniform/uniform100real\34\10880.jpg,34
./balancer/uniform/uniform100real\34\10941.jpg,34
./balancer/uniform/uniform100real\34\1096.jpg,34
./balancer/uniform/uniform100real\34\10990.jpg,34
./balancer/uniform/uniform100real\34\11012.jpg,34
./balancer/uniform/uniform100real\34\11081.jpg,34
./balancer/uniform/uniform100real\34\11128.jpg,34
./balancer/uniform/uniform100real\34\11139.jpg,34
./balancer/uniform/uniform100real\34\11183.jpg,34
./balancer/uniform/uniform100real\34\11193.jpg,34
./balancer/uniform/uniform100real\34\11202.JPG,34
./balancer/uniform/uniform100real\34\11214.jpg,34
./balancer/uniform/uniform100real\34\11298.jpg,34
./balancer/uniform/uniform100real\34\11393.JPG,34
./balancer/uniform/uniform100real\34\11423.jpg,34
./balancer/uniform/uniform100real\34\11428.jpg,34
./balancer/uniform/uniform100real\34\11452.jpg,34
./balancer/uniform/uniform100real\34\11503.jpg,34
./balancer/uniform/uniform100real\34\11613.jpg,34
./balancer/uniform/uniform100real\34\11636.jpg,34
./balancer/uniform/uniform100real\34\11658.jpg,34
./balancer/uniform/uniform100real\34\11679.jpg,34
./balancer/uniform/uniform100real\34\11746.jpg,34
./balancer/uniform/uniform100real\34\11793.jpg,34
./balancer/uniform/uniform100real\34\11831.jpg,34
./balancer/uniform/uniform100real\34\11877.jpg,34
./balancer/uniform/uniform100real\34\11879.jpg,34
./balancer/uniform/uniform100real\34\12059.jpg,34
./balancer/uniform/uniform100real\34\12091.jpg,34
./balancer/uniform/uniform100real\34\1211.JPG,34
./balancer/uniform/uniform100real\34\12126.JPG,34
./balancer/uniform/uniform100real\34\12258.jpg,34
./balancer/uniform/uniform100real\34\12380.jpg,34
./balancer/uniform/uniform100real\34\12493.jpg,34
./balancer/uniform/uniform100real\34\12529.JPG,34
./balancer/uniform/uniform100real\34\12648.jpg,34
./balancer/uniform/uniform100real\34\12682.jpg,34
./balancer/uniform/uniform100real\34\12714.jpg,34
./balancer/uniform/uniform100real\34\12721.JPG,34
./balancer/uniform/uniform100real\34\12744.jpg,34
./balancer/uniform/uniform100real\34\12861.jpg,34
./balancer/uniform/uniform100real\34\12906.JPG,34
./balancer/uniform/uniform100real\34\1574.jpg,34
./balancer/uniform/uniform100real\34\1702.jpg,34
./balancer/uniform/uniform100real\34\1727.jpg,34
./balancer/uniform/uniform100real\34\1735.jpg,34
./balancer/uniform/uniform100real\34\1736.jpg,34
./balancer/uniform/uniform100real\34\1769.jpg,34
./balancer/uniform/uniform100real\34\1803.jpg,34
./balancer/uniform/uniform100real\34\1864.jpg,34
./balancer/uniform/uniform100real\34\1989.jpg,34
./balancer/uniform/uniform100real\34\2195.jpg,34
./balancer/uniform/uniform100real\34\2199.jpg,34
./balancer/uniform/uniform100real\34\2252.jpg,34
./balancer/uniform/uniform100real\34\2291.jpg,34
./balancer/uniform/uniform100real\34\2322.jpg,34
./balancer/uniform/uniform100real\34\2370.jpg,34
./balancer/uniform/uniform100real\34\2392.jpg,34
./balancer/uniform/uniform100real\34\2416.jpg,34
./balancer/uniform/uniform100real\34\2570.jpg,34
./balancer/uniform/uniform100real\34\2572.jpg,34
./balancer/uniform/uniform100real\34\2609.jpg,34
./balancer/uniform/uniform100real\34\2762.JPG,34
./balancer/uniform/uniform100real\34\2893.jpg,34
./balancer/uniform/uniform100real\34\2924.jpg,34
./balancer/uniform/uniform100real\34\2940.jpg,34
./balancer/uniform/uniform100real\34\2958.jpg,34
./balancer/uniform/uniform100real\34\2993.jpg,34
./balancer/uniform/uniform100real\34\3320.jpg,34
./balancer/uniform/uniform100real\34\3384.jpg,34
./balancer/uniform/uniform100real\34\3428.jpg,34
./balancer/uniform/uniform100real\34\3499.jpg,34
./balancer/uniform/uniform100real\34\3654.jpg,34
./balancer/uniform/uniform100real\34\3663.jpg,34
./balancer/uniform/uniform100real\34\3949.jpg,34
./balancer/uniform/uniform100real\34\3975.jpg,34
./balancer/uniform/uniform100real\34\4109.jpg,34
./balancer/uniform/uniform100real\34\42.jpg,34
./balancer/uniform/uniform100real\34\4218.jpg,34
./balancer/uniform/uniform100real\34\4226.jpg,34
./balancer/uniform/uniform100real\34\4306.jpg,34
./balancer/uniform/uniform100real\34\4475.jpg,34
./balancer/uniform/uniform100real\34\4517.jpg,34
./balancer/uniform/uniform100real\34\4518.jpg,34
./balancer/uniform/uniform100real\34\4523.jpg,34
./balancer/uniform/uniform100real\34\4525.JPG,34
./balancer/uniform/uniform100real\34\4577.jpg,34
./balancer/uniform/uniform100real\34\4578.jpg,34
./balancer/uniform/uniform100real\34\4677.jpg,34
./balancer/uniform/uniform100real\34\4692.jpg,34
./balancer/uniform/uniform100real\34\4892.JPG,34
./balancer/uniform/uniform100real\34\4912.jpg,34
./balancer/uniform/uniform100real\34\4918.jpg,34
./balancer/uniform/uniform100real\34\5024.JPG,34
./balancer/uniform/uniform100real\34\505.jpg,34
./balancer/uniform/uniform100real\34\5115.jpg,34
./balancer/uniform/uniform100real\34\5149.jpg,34
./balancer/uniform/uniform100real\34\5219.jpg,34
./balancer/uniform/uniform100real\34\522.jpg,34
./balancer/uniform/uniform100real\34\5243.jpg,34
./balancer/uniform/uniform100real\34\5358.jpg,34
./balancer/uniform/uniform100real\34\5361.jpg,34
./balancer/uniform/uniform100real\34\542.jpg,34
./balancer/uniform/uniform100real\34\5429.jpg,34
./balancer/uniform/uniform100real\34\5460.jpg,34
./balancer/uniform/uniform100real\34\5490.jpg,34
./balancer/uniform/uniform100real\34\5631.jpg,34
./balancer/uniform/uniform100real\34\5672.jpg,34
./balancer/uniform/uniform100real\34\5699.jpg,34
./balancer/uniform/uniform100real\34\5709.jpg,34
./balancer/uniform/uniform100real\34\5824.jpg,34
./balancer/uniform/uniform100real\34\5827.JPG,34
./balancer/uniform/uniform100real\34\5925.jpg,34
./balancer/uniform/uniform100real\34\6115.jpg,34
./balancer/uniform/uniform100real\34\6153.jpg,34
./balancer/uniform/uniform100real\34\6170.jpg,34
./balancer/uniform/uniform100real\34\6241.jpg,34
./balancer/uniform/uniform100real\34\6272.jpg,34
./balancer/uniform/uniform100real\34\6314.jpg,34
./balancer/uniform/uniform100real\34\6325.jpg,34
./balancer/uniform/uniform100real\34\6368.jpg,34
./balancer/uniform/uniform100real\34\6410.jpg,34
./balancer/uniform/uniform100real\34\6470.jpg,34
./balancer/uniform/uniform100real\34\6492.jpg,34
./balancer/uniform/uniform100real\34\6522.jpg,34
./balancer/uniform/uniform100real\34\6573.jpg,34
./balancer/uniform/uniform100real\34\6613.JPG,34
./balancer/uniform/uniform100real\34\6637.jpg,34
./balancer/uniform/uniform100real\34\6656.jpg,34
./balancer/uniform/uniform100real\34\6671.jpg,34
./balancer/uniform/uniform100real\34\6762.jpg,34
./balancer/uniform/uniform100real\34\6781.jpg,34
./balancer/uniform/uniform100real\34\6782.jpg,34
./balancer/uniform/uniform100real\34\6828.JPG,34
./balancer/uniform/uniform100real\34\6865.jpg,34
./balancer/uniform/uniform100real\34\6870.jpg,34
./balancer/uniform/uniform100real\34\6882.jpg,34
./balancer/uniform/uniform100real\34\6916.JPG,34
./balancer/uniform/uniform100real\34\7069.JPG,34
./balancer/uniform/uniform100real\34\7189.jpg,34
./balancer/uniform/uniform100real\34\7474.jpg,34
./balancer/uniform/uniform100real\34\7543.JPG,34
./balancer/uniform/uniform100real\34\7554.jpg,34
./balancer/uniform/uniform100real\34\7578.jpg,34
./balancer/uniform/uniform100real\34\7631.jpg,34
./balancer/uniform/uniform100real\34\7727.JPG,34
./balancer/uniform/uniform100real\34\7749.jpg,34
./balancer/uniform/uniform100real\34\7813.jpg,34
./balancer/uniform/uniform100real\34\7894.jpg,34
./balancer/uniform/uniform100real\34\7945.jpg,34
./balancer/uniform/uniform100real\34\8011.jpg,34
./balancer/uniform/uniform100real\34\8136.jpg,34
./balancer/uniform/uniform100real\34\8193.jpg,34
./balancer/uniform/uniform100real\34\8199.jpg,34
./balancer/uniform/uniform100real\34\8215.jpg,34
./balancer/uniform/uniform100real\34\8220.jpg,34
./balancer/uniform/uniform100real\34\8225.jpg,34
./balancer/uniform/uniform100real\34\8370.jpg,34
./balancer/uniform/uniform100real\34\8411.jpg,34
./balancer/uniform/uniform100real\34\8417.jpg,34
./balancer/uniform/uniform100real\34\8442.jpg,34
./balancer/uniform/uniform100real\34\8449.JPG,34
./balancer/uniform/uniform100real\34\8487.jpg,34
./balancer/uniform/uniform100real\34\8499.jpg,34
./balancer/uniform/uniform100real\34\857.jpg,34
./balancer/uniform/uniform100real\34\8576.jpg,34
./balancer/uniform/uniform100real\34\8717.jpg,34
./balancer/uniform/uniform100real\34\8735.jpg,34
./balancer/uniform/uniform100real\34\880.jpg,34
./balancer/uniform/uniform100real\34\8806.jpg,34
./balancer/uniform/uniform100real\34\8984.jpg,34
./balancer/uniform/uniform100real\34\9094.jpg,34
./balancer/uniform/uniform100real\34\9116.jpg,34
./balancer/uniform/uniform100real\34\9127.jpg,34
./balancer/uniform/uniform100real\34\9160.jpg,34
./balancer/uniform/uniform100real\34\9269.jpg,34
./balancer/uniform/uniform100real\34\9291.jpg,34
./balancer/uniform/uniform100real\34\9310.jpg,34
./balancer/uniform/uniform100real\34\933.JPG,34
./balancer/uniform/uniform100real\34\9361.jpg,34
./balancer/uniform/uniform100real\34\9425.jpg,34
./balancer/uniform/uniform100real\34\9538.jpg,34
./balancer/uniform/uniform100real\34\954.JPG,34
./balancer/uniform/uniform100real\34\9563.jpg,34
./balancer/uniform/uniform100real\34\959.jpg,34
./balancer/uniform/uniform100real\34\9649.jpg,34
./balancer/uniform/uniform100real\34\9681.jpg,34
./balancer/uniform/uniform100real\34\998.jpg,34
./balancer/uniform/uniform100real\35\10057.jpg,35
./balancer/uniform/uniform100real\35\10060.jpg,35
./balancer/uniform/uniform100real\35\10130.jpg,35
./balancer/uniform/uniform100real\35\10205.JPG,35
./balancer/uniform/uniform100real\35\10328.jpg,35
./balancer/uniform/uniform100real\35\10363.jpg,35
./balancer/uniform/uniform100real\35\10400.jpg,35
./balancer/uniform/uniform100real\35\1047.jpg,35
./balancer/uniform/uniform100real\35\10521.jpg,35
./balancer/uniform/uniform100real\35\10581.jpg,35
./balancer/uniform/uniform100real\35\10635.jpg,35
./balancer/uniform/uniform100real\35\10664.jpg,35
./balancer/uniform/uniform100real\35\10851.jpg,35
./balancer/uniform/uniform100real\35\10863.jpg,35
./balancer/uniform/uniform100real\35\10924.jpg,35
./balancer/uniform/uniform100real\35\10952.jpg,35
./balancer/uniform/uniform100real\35\10955.jpg,35
./balancer/uniform/uniform100real\35\11031.jpg,35
./balancer/uniform/uniform100real\35\11036.jpg,35
./balancer/uniform/uniform100real\35\1106.JPG,35
./balancer/uniform/uniform100real\35\11158.jpg,35
./balancer/uniform/uniform100real\35\11168.jpg,35
./balancer/uniform/uniform100real\35\1119.jpg,35
./balancer/uniform/uniform100real\35\11208.JPG,35
./balancer/uniform/uniform100real\35\11229.JPG,35
./balancer/uniform/uniform100real\35\11343.jpg,35
./balancer/uniform/uniform100real\35\11352.jpg,35
./balancer/uniform/uniform100real\35\11381.jpg,35
./balancer/uniform/uniform100real\35\11431.jpg,35
./balancer/uniform/uniform100real\35\11627.jpg,35
./balancer/uniform/uniform100real\35\11648.jpg,35
./balancer/uniform/uniform100real\35\11701.jpg,35
./balancer/uniform/uniform100real\35\11775.jpg,35
./balancer/uniform/uniform100real\35\11827.jpg,35
./balancer/uniform/uniform100real\35\11912.JPG,35
./balancer/uniform/uniform100real\35\12012.JPG,35
./balancer/uniform/uniform100real\35\12015.jpg,35
./balancer/uniform/uniform100real\35\12026.jpg,35
./balancer/uniform/uniform100real\35\12047.jpg,35
./balancer/uniform/uniform100real\35\12115.jpg,35
./balancer/uniform/uniform100real\35\12220.jpg,35
./balancer/uniform/uniform100real\35\12228.jpg,35
./balancer/uniform/uniform100real\35\12625.jpg,35
./balancer/uniform/uniform100real\35\12694.jpg,35
./balancer/uniform/uniform100real\35\12719.JPG,35
./balancer/uniform/uniform100real\35\12772.jpg,35
./balancer/uniform/uniform100real\35\12898.jpg,35
./balancer/uniform/uniform100real\35\12952.jpg,35
./balancer/uniform/uniform100real\35\12995.jpg,35
./balancer/uniform/uniform100real\35\13132.jpg,35
./balancer/uniform/uniform100real\35\13140.JPG,35
./balancer/uniform/uniform100real\35\13141.jpg,35
./balancer/uniform/uniform100real\35\13198.jpg,35
./balancer/uniform/uniform100real\35\1329.jpg,35
./balancer/uniform/uniform100real\35\13431.JPG,35
./balancer/uniform/uniform100real\35\13452.jpg,35
./balancer/uniform/uniform100real\35\13529.jpg,35
./balancer/uniform/uniform100real\35\13588.jpg,35
./balancer/uniform/uniform100real\35\13595.jpg,35
./balancer/uniform/uniform100real\35\13807.JPG,35
./balancer/uniform/uniform100real\35\13839.jpg,35
./balancer/uniform/uniform100real\35\1390.jpg,35
./balancer/uniform/uniform100real\35\13918.jpg,35
./balancer/uniform/uniform100real\35\13981.jpg,35
./balancer/uniform/uniform100real\35\14017.jpg,35
./balancer/uniform/uniform100real\35\14069.jpg,35
./balancer/uniform/uniform100real\35\1532.JPG,35
./balancer/uniform/uniform100real\35\1650.jpg,35
./balancer/uniform/uniform100real\35\1699.jpg,35
./balancer/uniform/uniform100real\35\1747.jpg,35
./balancer/uniform/uniform100real\35\177.jpg,35
./balancer/uniform/uniform100real\35\1839.jpg,35
./balancer/uniform/uniform100real\35\1862.JPG,35
./balancer/uniform/uniform100real\35\1988.jpg,35
./balancer/uniform/uniform100real\35\2057.jpg,35
./balancer/uniform/uniform100real\35\2078.jpg,35
./balancer/uniform/uniform100real\35\2094.jpg,35
./balancer/uniform/uniform100real\35\222.JPG,35
./balancer/uniform/uniform100real\35\2454.jpg,35
./balancer/uniform/uniform100real\35\2485.jpg,35
./balancer/uniform/uniform100real\35\251.jpg,35
./balancer/uniform/uniform100real\35\2527.jpg,35
./balancer/uniform/uniform100real\35\2590.jpg,35
./balancer/uniform/uniform100real\35\2721.jpg,35
./balancer/uniform/uniform100real\35\28.jpg,35
./balancer/uniform/uniform100real\35\280.jpg,35
./balancer/uniform/uniform100real\35\2815.jpg,35
./balancer/uniform/uniform100real\35\2823.jpg,35
./balancer/uniform/uniform100real\35\2830.jpg,35
./balancer/uniform/uniform100real\35\2885.jpg,35
./balancer/uniform/uniform100real\35\2974.jpg,35
./balancer/uniform/uniform100real\35\3106.jpg,35
./balancer/uniform/uniform100real\35\3249.jpg,35
./balancer/uniform/uniform100real\35\3467.jpg,35
./balancer/uniform/uniform100real\35\3539.jpg,35
./balancer/uniform/uniform100real\35\367.jpg,35
./balancer/uniform/uniform100real\35\3670.jpg,35
./balancer/uniform/uniform100real\35\3685.jpg,35
./balancer/uniform/uniform100real\35\3703.jpg,35
./balancer/uniform/uniform100real\35\3772.jpg,35
./balancer/uniform/uniform100real\35\386.jpg,35
./balancer/uniform/uniform100real\35\4028.jpg,35
./balancer/uniform/uniform100real\35\4132.jpg,35
./balancer/uniform/uniform100real\35\42.jpg,35
./balancer/uniform/uniform100real\35\420.jpg,35
./balancer/uniform/uniform100real\35\4261.jpg,35
./balancer/uniform/uniform100real\35\4356.JPG,35
./balancer/uniform/uniform100real\35\4384.jpg,35
./balancer/uniform/uniform100real\35\4526.jpg,35
./balancer/uniform/uniform100real\35\4618.jpg,35
./balancer/uniform/uniform100real\35\4683.jpg,35
./balancer/uniform/uniform100real\35\4782.jpg,35
./balancer/uniform/uniform100real\35\4872.jpg,35
./balancer/uniform/uniform100real\35\4937.jpg,35
./balancer/uniform/uniform100real\35\5118.jpg,35
./balancer/uniform/uniform100real\35\5148.jpg,35
./balancer/uniform/uniform100real\35\5187.jpg,35
./balancer/uniform/uniform100real\35\5194.jpg,35
./balancer/uniform/uniform100real\35\52.jpg,35
./balancer/uniform/uniform100real\35\521.jpg,35
./balancer/uniform/uniform100real\35\5233.jpg,35
./balancer/uniform/uniform100real\35\525.jpg,35
./balancer/uniform/uniform100real\35\5318.jpg,35
./balancer/uniform/uniform100real\35\5325.jpg,35
./balancer/uniform/uniform100real\35\5347.jpg,35
./balancer/uniform/uniform100real\35\5425.jpg,35
./balancer/uniform/uniform100real\35\5502.jpg,35
./balancer/uniform/uniform100real\35\5548.jpg,35
./balancer/uniform/uniform100real\35\5737.jpg,35
./balancer/uniform/uniform100real\35\6023.jpg,35
./balancer/uniform/uniform100real\35\611.JPG,35
./balancer/uniform/uniform100real\35\6231.JPG,35
./balancer/uniform/uniform100real\35\6264.jpg,35
./balancer/uniform/uniform100real\35\6300.jpg,35
./balancer/uniform/uniform100real\35\6361.JPG,35
./balancer/uniform/uniform100real\35\6395.jpg,35
./balancer/uniform/uniform100real\35\650.jpg,35
./balancer/uniform/uniform100real\35\6542.jpg,35
./balancer/uniform/uniform100real\35\6635.jpg,35
./balancer/uniform/uniform100real\35\6698.jpg,35
./balancer/uniform/uniform100real\35\6722.jpg,35
./balancer/uniform/uniform100real\35\6827.jpg,35
./balancer/uniform/uniform100real\35\6837.jpg,35
./balancer/uniform/uniform100real\35\6955.jpg,35
./balancer/uniform/uniform100real\35\7139.jpg,35
./balancer/uniform/uniform100real\35\715.jpg,35
./balancer/uniform/uniform100real\35\7320.JPG,35
./balancer/uniform/uniform100real\35\7343.jpg,35
./balancer/uniform/uniform100real\35\7358.jpg,35
./balancer/uniform/uniform100real\35\7424.jpg,35
./balancer/uniform/uniform100real\35\7493.jpg,35
./balancer/uniform/uniform100real\35\7495.jpg,35
./balancer/uniform/uniform100real\35\7505.jpg,35
./balancer/uniform/uniform100real\35\7527.jpg,35
./balancer/uniform/uniform100real\35\7612.jpg,35
./balancer/uniform/uniform100real\35\7638.jpg,35
./balancer/uniform/uniform100real\35\7679.jpg,35
./balancer/uniform/uniform100real\35\7721.jpg,35
./balancer/uniform/uniform100real\35\7738.jpg,35
./balancer/uniform/uniform100real\35\7753.jpg,35
./balancer/uniform/uniform100real\35\7777.jpg,35
./balancer/uniform/uniform100real\35\7778.jpg,35
./balancer/uniform/uniform100real\35\7789.JPG,35
./balancer/uniform/uniform100real\35\7845.jpg,35
./balancer/uniform/uniform100real\35\7903.JPG,35
./balancer/uniform/uniform100real\35\7928.jpg,35
./balancer/uniform/uniform100real\35\794.jpg,35
./balancer/uniform/uniform100real\35\7967.jpg,35
./balancer/uniform/uniform100real\35\8007.jpg,35
./balancer/uniform/uniform100real\35\8066.jpg,35
./balancer/uniform/uniform100real\35\817.jpg,35
./balancer/uniform/uniform100real\35\8215.jpg,35
./balancer/uniform/uniform100real\35\8240.jpg,35
./balancer/uniform/uniform100real\35\8490.jpg,35
./balancer/uniform/uniform100real\35\852.jpg,35
./balancer/uniform/uniform100real\35\855.jpg,35
./balancer/uniform/uniform100real\35\8552.jpg,35
./balancer/uniform/uniform100real\35\8599.jpg,35
./balancer/uniform/uniform100real\35\8614.jpg,35
./balancer/uniform/uniform100real\35\8695.jpg,35
./balancer/uniform/uniform100real\35\8726.JPG,35
./balancer/uniform/uniform100real\35\880.JPG,35
./balancer/uniform/uniform100real\35\8876.jpg,35
./balancer/uniform/uniform100real\35\8910.jpg,35
./balancer/uniform/uniform100real\35\8912.jpg,35
./balancer/uniform/uniform100real\35\9039.jpg,35
./balancer/uniform/uniform100real\35\9131.jpg,35
./balancer/uniform/uniform100real\35\9134.jpg,35
./balancer/uniform/uniform100real\35\9167.jpg,35
./balancer/uniform/uniform100real\35\9327.jpg,35
./balancer/uniform/uniform100real\35\9337.JPG,35
./balancer/uniform/uniform100real\35\9453.JPG,35
./balancer/uniform/uniform100real\35\9483.jpg,35
./balancer/uniform/uniform100real\35\95.jpg,35
./balancer/uniform/uniform100real\35\9567.jpg,35
./balancer/uniform/uniform100real\35\9585.JPG,35
./balancer/uniform/uniform100real\35\9593.jpg,35
./balancer/uniform/uniform100real\35\9743.jpg,35
./balancer/uniform/uniform100real\35\9780.jpg,35
./balancer/uniform/uniform100real\35\9811.jpg,35
./balancer/uniform/uniform100real\35\982.jpg,35
./balancer/uniform/uniform100real\35\9860.jpg,35
./balancer/uniform/uniform100real\35\9888.jpg,35
./balancer/uniform/uniform100real\36\10087.jpg,36
./balancer/uniform/uniform100real\36\10136.jpg,36
./balancer/uniform/uniform100real\36\10174.jpg,36
./balancer/uniform/uniform100real\36\10218.jpg,36
./balancer/uniform/uniform100real\36\10247.JPG,36
./balancer/uniform/uniform100real\36\10274.JPG,36
./balancer/uniform/uniform100real\36\10320.jpg,36
./balancer/uniform/uniform100real\36\10379.jpg,36
./balancer/uniform/uniform100real\36\10411.JPG,36
./balancer/uniform/uniform100real\36\10419.jpg,36
./balancer/uniform/uniform100real\36\10421.JPG,36
./balancer/uniform/uniform100real\36\10429.jpg,36
./balancer/uniform/uniform100real\36\10443.jpg,36
./balancer/uniform/uniform100real\36\10468.jpg,36
./balancer/uniform/uniform100real\36\10478.JPG,36
./balancer/uniform/uniform100real\36\10493.jpg,36
./balancer/uniform/uniform100real\36\10519.jpg,36
./balancer/uniform/uniform100real\36\10620.jpg,36
./balancer/uniform/uniform100real\36\10713.JPG,36
./balancer/uniform/uniform100real\36\10742.JPG,36
./balancer/uniform/uniform100real\36\10824.jpg,36
./balancer/uniform/uniform100real\36\10837.jpg,36
./balancer/uniform/uniform100real\36\10997.jpg,36
./balancer/uniform/uniform100real\36\11026.jpg,36
./balancer/uniform/uniform100real\36\11068.jpg,36
./balancer/uniform/uniform100real\36\1111.jpg,36
./balancer/uniform/uniform100real\36\11188.JPG,36
./balancer/uniform/uniform100real\36\11240.JPG,36
./balancer/uniform/uniform100real\36\11241.jpg,36
./balancer/uniform/uniform100real\36\11249.jpg,36
./balancer/uniform/uniform100real\36\11500.JPG,36
./balancer/uniform/uniform100real\36\11505.jpg,36
./balancer/uniform/uniform100real\36\11603.jpg,36
./balancer/uniform/uniform100real\36\11694.jpg,36
./balancer/uniform/uniform100real\36\11714.jpg,36
./balancer/uniform/uniform100real\36\11717.JPG,36
./balancer/uniform/uniform100real\36\11756.jpg,36
./balancer/uniform/uniform100real\36\11758.jpg,36
./balancer/uniform/uniform100real\36\11816.jpg,36
./balancer/uniform/uniform100real\36\11820.jpg,36
./balancer/uniform/uniform100real\36\11830.jpg,36
./balancer/uniform/uniform100real\36\11878.jpg,36
./balancer/uniform/uniform100real\36\1191.jpg,36
./balancer/uniform/uniform100real\36\11938.jpg,36
./balancer/uniform/uniform100real\36\11942.jpg,36
./balancer/uniform/uniform100real\36\12046.JPG,36
./balancer/uniform/uniform100real\36\12077.jpg,36
./balancer/uniform/uniform100real\36\12112.jpg,36
./balancer/uniform/uniform100real\36\12116.jpg,36
./balancer/uniform/uniform100real\36\1226.JPG,36
./balancer/uniform/uniform100real\36\12345.JPG,36
./balancer/uniform/uniform100real\36\1404.jpg,36
./balancer/uniform/uniform100real\36\1474.jpg,36
./balancer/uniform/uniform100real\36\1582.jpg,36
./balancer/uniform/uniform100real\36\1660.jpg,36
./balancer/uniform/uniform100real\36\1691.JPG,36
./balancer/uniform/uniform100real\36\1703.JPG,36
./balancer/uniform/uniform100real\36\1732.jpg,36
./balancer/uniform/uniform100real\36\1742.jpg,36
./balancer/uniform/uniform100real\36\1790.jpg,36
./balancer/uniform/uniform100real\36\1856.jpg,36
./balancer/uniform/uniform100real\36\1858.jpg,36
./balancer/uniform/uniform100real\36\1866.jpg,36
./balancer/uniform/uniform100real\36\1954.jpg,36
./balancer/uniform/uniform100real\36\2045.jpg,36
./balancer/uniform/uniform100real\36\2092.jpg,36
./balancer/uniform/uniform100real\36\2112.jpg,36
./balancer/uniform/uniform100real\36\2133.jpg,36
./balancer/uniform/uniform100real\36\2179.JPG,36
./balancer/uniform/uniform100real\36\2297.jpg,36
./balancer/uniform/uniform100real\36\2332.jpg,36
./balancer/uniform/uniform100real\36\2340.jpg,36
./balancer/uniform/uniform100real\36\2341.JPG,36
./balancer/uniform/uniform100real\36\2482.jpg,36
./balancer/uniform/uniform100real\36\250.jpg,36
./balancer/uniform/uniform100real\36\2582.JPG,36
./balancer/uniform/uniform100real\36\2598.jpg,36
./balancer/uniform/uniform100real\36\2632.jpg,36
./balancer/uniform/uniform100real\36\2671.jpg,36
./balancer/uniform/uniform100real\36\2677.JPG,36
./balancer/uniform/uniform100real\36\2699.JPG,36
./balancer/uniform/uniform100real\36\2832.jpg,36
./balancer/uniform/uniform100real\36\2836.jpg,36
./balancer/uniform/uniform100real\36\2900.jpg,36
./balancer/uniform/uniform100real\36\3009.jpg,36
./balancer/uniform/uniform100real\36\3045.JPG,36
./balancer/uniform/uniform100real\36\3073.jpg,36
./balancer/uniform/uniform100real\36\3083.jpg,36
./balancer/uniform/uniform100real\36\309.jpg,36
./balancer/uniform/uniform100real\36\3138.jpg,36
./balancer/uniform/uniform100real\36\3200.jpg,36
./balancer/uniform/uniform100real\36\3226.jpg,36
./balancer/uniform/uniform100real\36\3232.JPG,36
./balancer/uniform/uniform100real\36\3369.JPG,36
./balancer/uniform/uniform100real\36\3447.JPG,36
./balancer/uniform/uniform100real\36\3762.jpg,36
./balancer/uniform/uniform100real\36\3986.jpg,36
./balancer/uniform/uniform100real\36\4081.JPG,36
./balancer/uniform/uniform100real\36\4118.jpg,36
./balancer/uniform/uniform100real\36\4314.jpg,36
./balancer/uniform/uniform100real\36\4392.JPG,36
./balancer/uniform/uniform100real\36\4399.JPG,36
./balancer/uniform/uniform100real\36\445.jpg,36
./balancer/uniform/uniform100real\36\4481.jpg,36
./balancer/uniform/uniform100real\36\4502.jpg,36
./balancer/uniform/uniform100real\36\4559.jpg,36
./balancer/uniform/uniform100real\36\4602.jpg,36
./balancer/uniform/uniform100real\36\4616.jpg,36
./balancer/uniform/uniform100real\36\4643.jpg,36
./balancer/uniform/uniform100real\36\4689.jpg,36
./balancer/uniform/uniform100real\36\4867.jpg,36
./balancer/uniform/uniform100real\36\5019.jpg,36
./balancer/uniform/uniform100real\36\5047.jpg,36
./balancer/uniform/uniform100real\36\5059.jpg,36
./balancer/uniform/uniform100real\36\5111.jpg,36
./balancer/uniform/uniform100real\36\5115.jpg,36
./balancer/uniform/uniform100real\36\5218.jpg,36
./balancer/uniform/uniform100real\36\522.jpg,36
./balancer/uniform/uniform100real\36\5266.jpg,36
./balancer/uniform/uniform100real\36\5328.jpg,36
./balancer/uniform/uniform100real\36\5344.jpg,36
./balancer/uniform/uniform100real\36\5390.jpg,36
./balancer/uniform/uniform100real\36\5402.jpg,36
./balancer/uniform/uniform100real\36\5477.jpg,36
./balancer/uniform/uniform100real\36\5484.jpg,36
./balancer/uniform/uniform100real\36\5510.jpg,36
./balancer/uniform/uniform100real\36\5545.jpg,36
./balancer/uniform/uniform100real\36\5596.jpg,36
./balancer/uniform/uniform100real\36\5682.jpg,36
./balancer/uniform/uniform100real\36\5704.jpg,36
./balancer/uniform/uniform100real\36\571.jpg,36
./balancer/uniform/uniform100real\36\5714.jpg,36
./balancer/uniform/uniform100real\36\5745.jpg,36
./balancer/uniform/uniform100real\36\5840.jpg,36
./balancer/uniform/uniform100real\36\5901.JPG,36
./balancer/uniform/uniform100real\36\5929.jpg,36
./balancer/uniform/uniform100real\36\5955.jpg,36
./balancer/uniform/uniform100real\36\6050.JPG,36
./balancer/uniform/uniform100real\36\6064.jpg,36
./balancer/uniform/uniform100real\36\6088.jpg,36
./balancer/uniform/uniform100real\36\6104.JPG,36
./balancer/uniform/uniform100real\36\6128.jpg,36
./balancer/uniform/uniform100real\36\6145.jpg,36
./balancer/uniform/uniform100real\36\6154.jpg,36
./balancer/uniform/uniform100real\36\621.jpg,36
./balancer/uniform/uniform100real\36\6398.jpg,36
./balancer/uniform/uniform100real\36\6543.JPG,36
./balancer/uniform/uniform100real\36\6721.jpg,36
./balancer/uniform/uniform100real\36\6738.jpg,36
./balancer/uniform/uniform100real\36\6802.jpg,36
./balancer/uniform/uniform100real\36\6850.jpg,36
./balancer/uniform/uniform100real\36\696.JPG,36
./balancer/uniform/uniform100real\36\7084.jpg,36
./balancer/uniform/uniform100real\36\7126.jpg,36
./balancer/uniform/uniform100real\36\713.jpg,36
./balancer/uniform/uniform100real\36\7176.jpg,36
./balancer/uniform/uniform100real\36\7194.jpg,36
./balancer/uniform/uniform100real\36\7227.jpg,36
./balancer/uniform/uniform100real\36\726.JPG,36
./balancer/uniform/uniform100real\36\7294.jpg,36
./balancer/uniform/uniform100real\36\7317.jpg,36
./balancer/uniform/uniform100real\36\7324.jpg,36
./balancer/uniform/uniform100real\36\7328.jpg,36
./balancer/uniform/uniform100real\36\7517.jpg,36
./balancer/uniform/uniform100real\36\7578.jpg,36
./balancer/uniform/uniform100real\36\7748.jpg,36
./balancer/uniform/uniform100real\36\777.JPG,36
./balancer/uniform/uniform100real\36\7816.jpg,36
./balancer/uniform/uniform100real\36\7953.jpg,36
./balancer/uniform/uniform100real\36\7955.jpg,36
./balancer/uniform/uniform100real\36\803.jpg,36
./balancer/uniform/uniform100real\36\8036.jpg,36
./balancer/uniform/uniform100real\36\8049.jpg,36
./balancer/uniform/uniform100real\36\8147.jpg,36
./balancer/uniform/uniform100real\36\8162.JPG,36
./balancer/uniform/uniform100real\36\823.JPG,36
./balancer/uniform/uniform100real\36\8362.jpg,36
./balancer/uniform/uniform100real\36\8407.jpg,36
./balancer/uniform/uniform100real\36\8460.jpg,36
./balancer/uniform/uniform100real\36\8519.jpg,36
./balancer/uniform/uniform100real\36\8586.jpg,36
./balancer/uniform/uniform100real\36\8673.jpg,36
./balancer/uniform/uniform100real\36\8783.jpg,36
./balancer/uniform/uniform100real\36\8876.JPG,36
./balancer/uniform/uniform100real\36\903.jpg,36
./balancer/uniform/uniform100real\36\9035.jpg,36
./balancer/uniform/uniform100real\36\9052.jpg,36
./balancer/uniform/uniform100real\36\9109.jpg,36
./balancer/uniform/uniform100real\36\9176.JPG,36
./balancer/uniform/uniform100real\36\9182.jpg,36
./balancer/uniform/uniform100real\36\9200.jpg,36
./balancer/uniform/uniform100real\36\9201.JPG,36
./balancer/uniform/uniform100real\36\9307.JPG,36
./balancer/uniform/uniform100real\36\9474.jpg,36
./balancer/uniform/uniform100real\36\9480.jpg,36
./balancer/uniform/uniform100real\36\9671.jpg,36
./balancer/uniform/uniform100real\36\9742.JPG,36
./balancer/uniform/uniform100real\36\9833.jpg,36
./balancer/uniform/uniform100real\36\9849.jpg,36
./balancer/uniform/uniform100real\36\9861.jpg,36
./balancer/uniform/uniform100real\36\9881.jpg,36
./balancer/uniform/uniform100real\36\9908.jpg,36
./balancer/uniform/uniform100real\36\9932.jpg,36
./balancer/uniform/uniform100real\37\10002.JPG,37
./balancer/uniform/uniform100real\37\10007.jpg,37
./balancer/uniform/uniform100real\37\10025.jpg,37
./balancer/uniform/uniform100real\37\10034.jpg,37
./balancer/uniform/uniform100real\37\10048.jpg,37
./balancer/uniform/uniform100real\37\10053.jpg,37
./balancer/uniform/uniform100real\37\10055.jpg,37
./balancer/uniform/uniform100real\37\10143.jpg,37
./balancer/uniform/uniform100real\37\10183.jpg,37
./balancer/uniform/uniform100real\37\10189.JPG,37
./balancer/uniform/uniform100real\37\10300.jpg,37
./balancer/uniform/uniform100real\37\10356.jpg,37
./balancer/uniform/uniform100real\37\1039.jpg,37
./balancer/uniform/uniform100real\37\10405.jpg,37
./balancer/uniform/uniform100real\37\10479.jpg,37
./balancer/uniform/uniform100real\37\10541.jpg,37
./balancer/uniform/uniform100real\37\10601.jpg,37
./balancer/uniform/uniform100real\37\1062.jpg,37
./balancer/uniform/uniform100real\37\10627.JPG,37
./balancer/uniform/uniform100real\37\10660.jpg,37
./balancer/uniform/uniform100real\37\10736.jpg,37
./balancer/uniform/uniform100real\37\10745.jpg,37
./balancer/uniform/uniform100real\37\10802.jpg,37
./balancer/uniform/uniform100real\37\10837.jpg,37
./balancer/uniform/uniform100real\37\10882.jpg,37
./balancer/uniform/uniform100real\37\10890.jpg,37
./balancer/uniform/uniform100real\37\10927.jpg,37
./balancer/uniform/uniform100real\37\10981.jpg,37
./balancer/uniform/uniform100real\37\11142.jpg,37
./balancer/uniform/uniform100real\37\11246.jpg,37
./balancer/uniform/uniform100real\37\1142.JPG,37
./balancer/uniform/uniform100real\37\11429.jpg,37
./balancer/uniform/uniform100real\37\11520.jpg,37
./balancer/uniform/uniform100real\37\11525.jpg,37
./balancer/uniform/uniform100real\37\11599.jpg,37
./balancer/uniform/uniform100real\37\11635.jpg,37
./balancer/uniform/uniform100real\37\11686.jpg,37
./balancer/uniform/uniform100real\37\11694.jpg,37
./balancer/uniform/uniform100real\37\11745.jpg,37
./balancer/uniform/uniform100real\37\11880.jpg,37
./balancer/uniform/uniform100real\37\11891.jpg,37
./balancer/uniform/uniform100real\37\11912.jpg,37
./balancer/uniform/uniform100real\37\11917.JPG,37
./balancer/uniform/uniform100real\37\11936.JPG,37
./balancer/uniform/uniform100real\37\1198.jpg,37
./balancer/uniform/uniform100real\37\11991.jpg,37
./balancer/uniform/uniform100real\37\12021.jpg,37
./balancer/uniform/uniform100real\37\12037.jpg,37
./balancer/uniform/uniform100real\37\12113.jpg,37
./balancer/uniform/uniform100real\37\12141.jpg,37
./balancer/uniform/uniform100real\37\12153.jpg,37
./balancer/uniform/uniform100real\37\12174.jpg,37
./balancer/uniform/uniform100real\37\12219.JPG,37
./balancer/uniform/uniform100real\37\12360.jpg,37
./balancer/uniform/uniform100real\37\12389.jpg,37
./balancer/uniform/uniform100real\37\12552.jpg,37
./balancer/uniform/uniform100real\37\12625.jpg,37
./balancer/uniform/uniform100real\37\1386.jpg,37
./balancer/uniform/uniform100real\37\144.jpg,37
./balancer/uniform/uniform100real\37\145.jpg,37
./balancer/uniform/uniform100real\37\1485.jpg,37
./balancer/uniform/uniform100real\37\1510.jpg,37
./balancer/uniform/uniform100real\37\1562.jpg,37
./balancer/uniform/uniform100real\37\1577.jpg,37
./balancer/uniform/uniform100real\37\1653.jpg,37
./balancer/uniform/uniform100real\37\1712.jpg,37
./balancer/uniform/uniform100real\37\1739.jpg,37
./balancer/uniform/uniform100real\37\1764.jpg,37
./balancer/uniform/uniform100real\37\1790.jpg,37
./balancer/uniform/uniform100real\37\1803.jpg,37
./balancer/uniform/uniform100real\37\1838.jpg,37
./balancer/uniform/uniform100real\37\1868.jpg,37
./balancer/uniform/uniform100real\37\1928.JPG,37
./balancer/uniform/uniform100real\37\2016.jpg,37
./balancer/uniform/uniform100real\37\2044.jpg,37
./balancer/uniform/uniform100real\37\2151.jpg,37
./balancer/uniform/uniform100real\37\2190.jpg,37
./balancer/uniform/uniform100real\37\236.jpg,37
./balancer/uniform/uniform100real\37\2432.jpg,37
./balancer/uniform/uniform100real\37\244.jpg,37
./balancer/uniform/uniform100real\37\2445.jpg,37
./balancer/uniform/uniform100real\37\247.jpg,37
./balancer/uniform/uniform100real\37\248.jpg,37
./balancer/uniform/uniform100real\37\2540.jpg,37
./balancer/uniform/uniform100real\37\258.jpg,37
./balancer/uniform/uniform100real\37\2608.jpg,37
./balancer/uniform/uniform100real\37\2629.jpg,37
./balancer/uniform/uniform100real\37\266.jpg,37
./balancer/uniform/uniform100real\37\2674.jpg,37
./balancer/uniform/uniform100real\37\2686.jpg,37
./balancer/uniform/uniform100real\37\2707.jpg,37
./balancer/uniform/uniform100real\37\2736.jpg,37
./balancer/uniform/uniform100real\37\2775.jpg,37
./balancer/uniform/uniform100real\37\2796.JPG,37
./balancer/uniform/uniform100real\37\2832.JPG,37
./balancer/uniform/uniform100real\37\2892.jpg,37
./balancer/uniform/uniform100real\37\293.JPG,37
./balancer/uniform/uniform100real\37\3061.JPG,37
./balancer/uniform/uniform100real\37\3102.jpg,37
./balancer/uniform/uniform100real\37\3130.jpg,37
./balancer/uniform/uniform100real\37\3195.jpg,37
./balancer/uniform/uniform100real\37\3224.JPG,37
./balancer/uniform/uniform100real\37\3230.jpg,37
./balancer/uniform/uniform100real\37\3426.jpg,37
./balancer/uniform/uniform100real\37\3440.jpg,37
./balancer/uniform/uniform100real\37\3520.jpg,37
./balancer/uniform/uniform100real\37\357.jpg,37
./balancer/uniform/uniform100real\37\3640.jpg,37
./balancer/uniform/uniform100real\37\3709.JPG,37
./balancer/uniform/uniform100real\37\3879.jpg,37
./balancer/uniform/uniform100real\37\3915.jpg,37
./balancer/uniform/uniform100real\37\4020.jpg,37
./balancer/uniform/uniform100real\37\4043.jpg,37
./balancer/uniform/uniform100real\37\4081.jpg,37
./balancer/uniform/uniform100real\37\4182.jpg,37
./balancer/uniform/uniform100real\37\4330.jpg,37
./balancer/uniform/uniform100real\37\434.jpg,37
./balancer/uniform/uniform100real\37\4385.jpg,37
./balancer/uniform/uniform100real\37\4552.jpg,37
./balancer/uniform/uniform100real\37\4707.jpg,37
./balancer/uniform/uniform100real\37\4709.jpg,37
./balancer/uniform/uniform100real\37\4730.jpg,37
./balancer/uniform/uniform100real\37\4839.JPG,37
./balancer/uniform/uniform100real\37\5014.jpg,37
./balancer/uniform/uniform100real\37\5097.jpg,37
./balancer/uniform/uniform100real\37\5178.jpg,37
./balancer/uniform/uniform100real\37\5240.jpg,37
./balancer/uniform/uniform100real\37\5304.jpg,37
./balancer/uniform/uniform100real\37\5316.jpg,37
./balancer/uniform/uniform100real\37\5398.jpg,37
./balancer/uniform/uniform100real\37\5454.jpg,37
./balancer/uniform/uniform100real\37\5491.jpg,37
./balancer/uniform/uniform100real\37\5526.jpg,37
./balancer/uniform/uniform100real\37\5596.jpg,37
./balancer/uniform/uniform100real\37\5726.jpg,37
./balancer/uniform/uniform100real\37\5815.jpg,37
./balancer/uniform/uniform100real\37\5883.jpg,37
./balancer/uniform/uniform100real\37\5900.jpg,37
./balancer/uniform/uniform100real\37\6094.jpg,37
./balancer/uniform/uniform100real\37\6104.jpg,37
./balancer/uniform/uniform100real\37\6260.jpg,37
./balancer/uniform/uniform100real\37\6262.jpg,37
./balancer/uniform/uniform100real\37\6285.jpg,37
./balancer/uniform/uniform100real\37\6293.jpg,37
./balancer/uniform/uniform100real\37\6305.jpg,37
./balancer/uniform/uniform100real\37\6325.jpg,37
./balancer/uniform/uniform100real\37\655.JPG,37
./balancer/uniform/uniform100real\37\6633.jpg,37
./balancer/uniform/uniform100real\37\6650.jpg,37
./balancer/uniform/uniform100real\37\6777.jpg,37
./balancer/uniform/uniform100real\37\6782.jpg,37
./balancer/uniform/uniform100real\37\6788.jpg,37
./balancer/uniform/uniform100real\37\6833.JPG,37
./balancer/uniform/uniform100real\37\6837.jpg,37
./balancer/uniform/uniform100real\37\6919.JPG,37
./balancer/uniform/uniform100real\37\7085.jpg,37
./balancer/uniform/uniform100real\37\7146.jpg,37
./balancer/uniform/uniform100real\37\7156.jpg,37
./balancer/uniform/uniform100real\37\7234.jpg,37
./balancer/uniform/uniform100real\37\7241.jpg,37
./balancer/uniform/uniform100real\37\7365.JPG,37
./balancer/uniform/uniform100real\37\7545.jpg,37
./balancer/uniform/uniform100real\37\7723.jpg,37
./balancer/uniform/uniform100real\37\7812.jpg,37
./balancer/uniform/uniform100real\37\783.jpg,37
./balancer/uniform/uniform100real\37\7838.jpg,37
./balancer/uniform/uniform100real\37\7880.jpg,37
./balancer/uniform/uniform100real\37\7886.JPG,37
./balancer/uniform/uniform100real\37\7902.jpg,37
./balancer/uniform/uniform100real\37\7976.jpg,37
./balancer/uniform/uniform100real\37\800.jpg,37
./balancer/uniform/uniform100real\37\805.jpg,37
./balancer/uniform/uniform100real\37\8103.jpg,37
./balancer/uniform/uniform100real\37\8123.jpg,37
./balancer/uniform/uniform100real\37\8126.jpg,37
./balancer/uniform/uniform100real\37\8129.jpg,37
./balancer/uniform/uniform100real\37\8221.jpg,37
./balancer/uniform/uniform100real\37\8224.jpg,37
./balancer/uniform/uniform100real\37\8256.jpg,37
./balancer/uniform/uniform100real\37\8313.jpg,37
./balancer/uniform/uniform100real\37\86.jpg,37
./balancer/uniform/uniform100real\37\876.jpg,37
./balancer/uniform/uniform100real\37\8836.jpg,37
./balancer/uniform/uniform100real\37\908.jpg,37
./balancer/uniform/uniform100real\37\9107.jpg,37
./balancer/uniform/uniform100real\37\9116.jpg,37
./balancer/uniform/uniform100real\37\9137.JPG,37
./balancer/uniform/uniform100real\37\9355.jpg,37
./balancer/uniform/uniform100real\37\936.JPG,37
./balancer/uniform/uniform100real\37\9400.jpg,37
./balancer/uniform/uniform100real\37\9437.jpg,37
./balancer/uniform/uniform100real\37\9479.jpg,37
./balancer/uniform/uniform100real\37\9513.jpg,37
./balancer/uniform/uniform100real\37\9516.jpg,37
./balancer/uniform/uniform100real\37\952.jpg,37
./balancer/uniform/uniform100real\37\9527.jpg,37
./balancer/uniform/uniform100real\37\9617.jpg,37
./balancer/uniform/uniform100real\37\972.jpg,37
./balancer/uniform/uniform100real\37\9742.JPG,37
./balancer/uniform/uniform100real\37\9782.jpg,37
./balancer/uniform/uniform100real\37\9813.jpg,37
./balancer/uniform/uniform100real\37\9830.jpg,37
./balancer/uniform/uniform100real\37\9921.jpg,37
./balancer/uniform/uniform100real\38\10012.jpg,38
./balancer/uniform/uniform100real\38\10020.JPG,38
./balancer/uniform/uniform100real\38\10038.jpg,38
./balancer/uniform/uniform100real\38\10214.jpg,38
./balancer/uniform/uniform100real\38\10370.jpg,38
./balancer/uniform/uniform100real\38\10413.jpg,38
./balancer/uniform/uniform100real\38\10738.jpg,38
./balancer/uniform/uniform100real\38\10861.JPG,38
./balancer/uniform/uniform100real\38\10883.jpg,38
./balancer/uniform/uniform100real\38\10893.jpg,38
./balancer/uniform/uniform100real\38\10914.jpg,38
./balancer/uniform/uniform100real\38\10916.jpg,38
./balancer/uniform/uniform100real\38\11001.jpg,38
./balancer/uniform/uniform100real\38\11032.jpg,38
./balancer/uniform/uniform100real\38\11084.jpg,38
./balancer/uniform/uniform100real\38\11089.jpg,38
./balancer/uniform/uniform100real\38\1110.jpg,38
./balancer/uniform/uniform100real\38\11125.jpg,38
./balancer/uniform/uniform100real\38\11148.jpg,38
./balancer/uniform/uniform100real\38\11174.jpg,38
./balancer/uniform/uniform100real\38\11223.jpg,38
./balancer/uniform/uniform100real\38\11267.jpg,38
./balancer/uniform/uniform100real\38\1130.jpg,38
./balancer/uniform/uniform100real\38\11435.jpg,38
./balancer/uniform/uniform100real\38\11516.jpg,38
./balancer/uniform/uniform100real\38\11667.jpg,38
./balancer/uniform/uniform100real\38\11701.jpg,38
./balancer/uniform/uniform100real\38\11755.jpg,38
./balancer/uniform/uniform100real\38\11850.jpg,38
./balancer/uniform/uniform100real\38\11909.jpg,38
./balancer/uniform/uniform100real\38\11956.jpg,38
./balancer/uniform/uniform100real\38\11983.jpg,38
./balancer/uniform/uniform100real\38\1206.jpg,38
./balancer/uniform/uniform100real\38\12096.jpg,38
./balancer/uniform/uniform100real\38\12184.jpg,38
./balancer/uniform/uniform100real\38\12227.jpg,38
./balancer/uniform/uniform100real\38\12310.jpg,38
./balancer/uniform/uniform100real\38\12320.jpg,38
./balancer/uniform/uniform100real\38\12322.jpg,38
./balancer/uniform/uniform100real\38\12344.jpg,38
./balancer/uniform/uniform100real\38\12390.jpg,38
./balancer/uniform/uniform100real\38\12399.jpg,38
./balancer/uniform/uniform100real\38\12415.jpg,38
./balancer/uniform/uniform100real\38\12470.jpg,38
./balancer/uniform/uniform100real\38\12494.jpg,38
./balancer/uniform/uniform100real\38\12560.jpg,38
./balancer/uniform/uniform100real\38\12568.jpg,38
./balancer/uniform/uniform100real\38\12569.jpg,38
./balancer/uniform/uniform100real\38\12579.JPG,38
./balancer/uniform/uniform100real\38\12636.jpg,38
./balancer/uniform/uniform100real\38\1423.jpg,38
./balancer/uniform/uniform100real\38\1473.jpg,38
./balancer/uniform/uniform100real\38\1575.jpg,38
./balancer/uniform/uniform100real\38\1615.jpg,38
./balancer/uniform/uniform100real\38\163.jpg,38
./balancer/uniform/uniform100real\38\1748.jpg,38
./balancer/uniform/uniform100real\38\1806.jpg,38
./balancer/uniform/uniform100real\38\1890.jpg,38
./balancer/uniform/uniform100real\38\2047.jpg,38
./balancer/uniform/uniform100real\38\2050.jpg,38
./balancer/uniform/uniform100real\38\2110.jpg,38
./balancer/uniform/uniform100real\38\2113.jpg,38
./balancer/uniform/uniform100real\38\2126.JPG,38
./balancer/uniform/uniform100real\38\2135.jpg,38
./balancer/uniform/uniform100real\38\2216.jpg,38
./balancer/uniform/uniform100real\38\2226.jpg,38
./balancer/uniform/uniform100real\38\2296.jpg,38
./balancer/uniform/uniform100real\38\2327.JPG,38
./balancer/uniform/uniform100real\38\2453.jpg,38
./balancer/uniform/uniform100real\38\2518.jpg,38
./balancer/uniform/uniform100real\38\2526.jpg,38
./balancer/uniform/uniform100real\38\2538.jpg,38
./balancer/uniform/uniform100real\38\2570.jpg,38
./balancer/uniform/uniform100real\38\2619.jpg,38
./balancer/uniform/uniform100real\38\2621.jpg,38
./balancer/uniform/uniform100real\38\2692.JPG,38
./balancer/uniform/uniform100real\38\2788.jpg,38
./balancer/uniform/uniform100real\38\2849.jpg,38
./balancer/uniform/uniform100real\38\3178.jpg,38
./balancer/uniform/uniform100real\38\3273.jpg,38
./balancer/uniform/uniform100real\38\3289.jpg,38
./balancer/uniform/uniform100real\38\335.jpg,38
./balancer/uniform/uniform100real\38\3391.jpg,38
./balancer/uniform/uniform100real\38\342.jpg,38
./balancer/uniform/uniform100real\38\3442.jpg,38
./balancer/uniform/uniform100real\38\3501.JPG,38
./balancer/uniform/uniform100real\38\354.jpg,38
./balancer/uniform/uniform100real\38\3546.jpg,38
./balancer/uniform/uniform100real\38\3558.JPG,38
./balancer/uniform/uniform100real\38\3602.jpg,38
./balancer/uniform/uniform100real\38\3782.jpg,38
./balancer/uniform/uniform100real\38\3795.jpg,38
./balancer/uniform/uniform100real\38\3893.jpg,38
./balancer/uniform/uniform100real\38\3920.jpg,38
./balancer/uniform/uniform100real\38\4000.jpg,38
./balancer/uniform/uniform100real\38\4189.jpg,38
./balancer/uniform/uniform100real\38\4191.jpg,38
./balancer/uniform/uniform100real\38\4192.jpg,38
./balancer/uniform/uniform100real\38\4288.JPG,38
./balancer/uniform/uniform100real\38\4406.jpg,38
./balancer/uniform/uniform100real\38\4417.jpg,38
./balancer/uniform/uniform100real\38\4420.jpg,38
./balancer/uniform/uniform100real\38\4426.jpg,38
./balancer/uniform/uniform100real\38\4586.JPG,38
./balancer/uniform/uniform100real\38\4600.jpg,38
./balancer/uniform/uniform100real\38\4729.jpg,38
./balancer/uniform/uniform100real\38\4774.jpg,38
./balancer/uniform/uniform100real\38\4818.jpg,38
./balancer/uniform/uniform100real\38\4826.jpg,38
./balancer/uniform/uniform100real\38\4897.jpg,38
./balancer/uniform/uniform100real\38\4906.jpg,38
./balancer/uniform/uniform100real\38\4972.jpg,38
./balancer/uniform/uniform100real\38\5050.jpg,38
./balancer/uniform/uniform100real\38\5113.jpg,38
./balancer/uniform/uniform100real\38\5240.JPG,38
./balancer/uniform/uniform100real\38\5242.jpg,38
./balancer/uniform/uniform100real\38\5248.jpg,38
./balancer/uniform/uniform100real\38\5265.jpg,38
./balancer/uniform/uniform100real\38\5274.jpg,38
./balancer/uniform/uniform100real\38\5481.jpg,38
./balancer/uniform/uniform100real\38\5611.jpg,38
./balancer/uniform/uniform100real\38\5690.jpg,38
./balancer/uniform/uniform100real\38\5731.jpg,38
./balancer/uniform/uniform100real\38\5773.jpg,38
./balancer/uniform/uniform100real\38\5799.jpg,38
./balancer/uniform/uniform100real\38\5846.jpg,38
./balancer/uniform/uniform100real\38\5989.jpg,38
./balancer/uniform/uniform100real\38\6005.jpg,38
./balancer/uniform/uniform100real\38\605.jpg,38
./balancer/uniform/uniform100real\38\6059.jpg,38
./balancer/uniform/uniform100real\38\6099.jpg,38
./balancer/uniform/uniform100real\38\6158.jpg,38
./balancer/uniform/uniform100real\38\631.jpg,38
./balancer/uniform/uniform100real\38\6321.jpg,38
./balancer/uniform/uniform100real\38\636.jpg,38
./balancer/uniform/uniform100real\38\640.JPG,38
./balancer/uniform/uniform100real\38\641.jpg,38
./balancer/uniform/uniform100real\38\6425.jpg,38
./balancer/uniform/uniform100real\38\6615.jpg,38
./balancer/uniform/uniform100real\38\6633.jpg,38
./balancer/uniform/uniform100real\38\6663.jpg,38
./balancer/uniform/uniform100real\38\6680.jpg,38
./balancer/uniform/uniform100real\38\6706.jpg,38
./balancer/uniform/uniform100real\38\6749.jpg,38
./balancer/uniform/uniform100real\38\6845.jpg,38
./balancer/uniform/uniform100real\38\6999.jpg,38
./balancer/uniform/uniform100real\38\7141.jpg,38
./balancer/uniform/uniform100real\38\7202.JPG,38
./balancer/uniform/uniform100real\38\7224.jpg,38
./balancer/uniform/uniform100real\38\7268.jpg,38
./balancer/uniform/uniform100real\38\7336.JPG,38
./balancer/uniform/uniform100real\38\7360.jpg,38
./balancer/uniform/uniform100real\38\7668.jpg,38
./balancer/uniform/uniform100real\38\7686.jpg,38
./balancer/uniform/uniform100real\38\7752.jpg,38
./balancer/uniform/uniform100real\38\7764.jpg,38
./balancer/uniform/uniform100real\38\7937.jpg,38
./balancer/uniform/uniform100real\38\7950.jpg,38
./balancer/uniform/uniform100real\38\7965.jpg,38
./balancer/uniform/uniform100real\38\800.jpg,38
./balancer/uniform/uniform100real\38\8031.JPG,38
./balancer/uniform/uniform100real\38\8052.jpg,38
./balancer/uniform/uniform100real\38\8206.jpg,38
./balancer/uniform/uniform100real\38\8239.jpg,38
./balancer/uniform/uniform100real\38\8296.jpg,38
./balancer/uniform/uniform100real\38\832.JPG,38
./balancer/uniform/uniform100real\38\8352.jpg,38
./balancer/uniform/uniform100real\38\8393.JPG,38
./balancer/uniform/uniform100real\38\8405.jpg,38
./balancer/uniform/uniform100real\38\8410.jpg,38
./balancer/uniform/uniform100real\38\8458.jpg,38
./balancer/uniform/uniform100real\38\8481.jpg,38
./balancer/uniform/uniform100real\38\849.jpg,38
./balancer/uniform/uniform100real\38\8491.jpg,38
./balancer/uniform/uniform100real\38\8541.jpg,38
./balancer/uniform/uniform100real\38\8628.jpg,38
./balancer/uniform/uniform100real\38\8633.jpg,38
./balancer/uniform/uniform100real\38\8676.jpg,38
./balancer/uniform/uniform100real\38\8763.jpg,38
./balancer/uniform/uniform100real\38\8810.jpg,38
./balancer/uniform/uniform100real\38\886.jpg,38
./balancer/uniform/uniform100real\38\8896.jpg,38
./balancer/uniform/uniform100real\38\903.jpg,38
./balancer/uniform/uniform100real\38\911.jpg,38
./balancer/uniform/uniform100real\38\9179.JPG,38
./balancer/uniform/uniform100real\38\9253.jpg,38
./balancer/uniform/uniform100real\38\9345.jpg,38
./balancer/uniform/uniform100real\38\9357.jpg,38
./balancer/uniform/uniform100real\38\9365.jpg,38
./balancer/uniform/uniform100real\38\9399.jpg,38
./balancer/uniform/uniform100real\38\9434.jpg,38
./balancer/uniform/uniform100real\38\945.jpg,38
./balancer/uniform/uniform100real\38\9552.JPG,38
./balancer/uniform/uniform100real\38\965.jpg,38
./balancer/uniform/uniform100real\38\9716.jpg,38
./balancer/uniform/uniform100real\38\9732.jpg,38
./balancer/uniform/uniform100real\38\9733.jpg,38
./balancer/uniform/uniform100real\38\9764.jpg,38
./balancer/uniform/uniform100real\38\9792.jpg,38
./balancer/uniform/uniform100real\38\9899.jpg,38
./balancer/uniform/uniform100real\38\9938.jpg,38
./balancer/uniform/uniform100real\38\9946.jpg,38
./balancer/uniform/uniform100real\38\9992.jpg,38
./balancer/uniform/uniform100real\39\10291.JPG,39
./balancer/uniform/uniform100real\39\10313.JPG,39
./balancer/uniform/uniform100real\39\10555.jpg,39
./balancer/uniform/uniform100real\39\10646.jpg,39
./balancer/uniform/uniform100real\39\10652.jpg,39
./balancer/uniform/uniform100real\39\10684.jpg,39
./balancer/uniform/uniform100real\39\1106.jpg,39
./balancer/uniform/uniform100real\39\1139.jpg,39
./balancer/uniform/uniform100real\39\1152.jpg,39
./balancer/uniform/uniform100real\39\1180.jpg,39
./balancer/uniform/uniform100real\39\1203.jpg,39
./balancer/uniform/uniform100real\39\1242.jpg,39
./balancer/uniform/uniform100real\39\1243.jpg,39
./balancer/uniform/uniform100real\39\1383.jpg,39
./balancer/uniform/uniform100real\39\139.jpg,39
./balancer/uniform/uniform100real\39\148.jpg,39
./balancer/uniform/uniform100real\39\1507.jpg,39
./balancer/uniform/uniform100real\39\1509.JPG,39
./balancer/uniform/uniform100real\39\1531.jpg,39
./balancer/uniform/uniform100real\39\1543.jpg,39
./balancer/uniform/uniform100real\39\1561.JPG,39
./balancer/uniform/uniform100real\39\1658.jpg,39
./balancer/uniform/uniform100real\39\1660.jpg,39
./balancer/uniform/uniform100real\39\1743.jpg,39
./balancer/uniform/uniform100real\39\1855.jpg,39
./balancer/uniform/uniform100real\39\1868.jpg,39
./balancer/uniform/uniform100real\39\189.JPG,39
./balancer/uniform/uniform100real\39\1999.jpg,39
./balancer/uniform/uniform100real\39\2001.JPG,39
./balancer/uniform/uniform100real\39\2004.jpg,39
./balancer/uniform/uniform100real\39\2076.jpg,39
./balancer/uniform/uniform100real\39\2148.jpg,39
./balancer/uniform/uniform100real\39\217.jpg,39
./balancer/uniform/uniform100real\39\218.JPG,39
./balancer/uniform/uniform100real\39\2264.jpg,39
./balancer/uniform/uniform100real\39\2340.JPG,39
./balancer/uniform/uniform100real\39\247.JPG,39
./balancer/uniform/uniform100real\39\2471.jpg,39
./balancer/uniform/uniform100real\39\2540.jpg,39
./balancer/uniform/uniform100real\39\2628.jpg,39
./balancer/uniform/uniform100real\39\2665.jpg,39
./balancer/uniform/uniform100real\39\2788.jpg,39
./balancer/uniform/uniform100real\39\279.jpg,39
./balancer/uniform/uniform100real\39\2791.JPG,39
./balancer/uniform/uniform100real\39\2811.jpg,39
./balancer/uniform/uniform100real\39\2903.jpg,39
./balancer/uniform/uniform100real\39\2928.jpg,39
./balancer/uniform/uniform100real\39\2931.jpg,39
./balancer/uniform/uniform100real\39\2956.jpg,39
./balancer/uniform/uniform100real\39\300.jpg,39
./balancer/uniform/uniform100real\39\3001.jpg,39
./balancer/uniform/uniform100real\39\3011.JPG,39
./balancer/uniform/uniform100real\39\3167.JPG,39
./balancer/uniform/uniform100real\39\3347.jpg,39
./balancer/uniform/uniform100real\39\3408.jpg,39
./balancer/uniform/uniform100real\39\3415.jpg,39
./balancer/uniform/uniform100real\39\3444.jpg,39
./balancer/uniform/uniform100real\39\3463.jpg,39
./balancer/uniform/uniform100real\39\352.jpg,39
./balancer/uniform/uniform100real\39\3553.JPG,39
./balancer/uniform/uniform100real\39\3619.jpg,39
./balancer/uniform/uniform100real\39\3633.jpg,39
./balancer/uniform/uniform100real\39\3673.jpg,39
./balancer/uniform/uniform100real\39\3748.jpg,39
./balancer/uniform/uniform100real\39\385.jpg,39
./balancer/uniform/uniform100real\39\3853.jpg,39
./balancer/uniform/uniform100real\39\3859.jpg,39
./balancer/uniform/uniform100real\39\3929.jpg,39
./balancer/uniform/uniform100real\39\4072.JPG,39
./balancer/uniform/uniform100real\39\4109.jpg,39
./balancer/uniform/uniform100real\39\4125.jpg,39
./balancer/uniform/uniform100real\39\4140.jpg,39
./balancer/uniform/uniform100real\39\4144.JPG,39
./balancer/uniform/uniform100real\39\4165.jpg,39
./balancer/uniform/uniform100real\39\4189.jpg,39
./balancer/uniform/uniform100real\39\4190.jpg,39
./balancer/uniform/uniform100real\39\4315.jpg,39
./balancer/uniform/uniform100real\39\4422.jpg,39
./balancer/uniform/uniform100real\39\446.jpg,39
./balancer/uniform/uniform100real\39\4467.jpg,39
./balancer/uniform/uniform100real\39\45.jpg,39
./balancer/uniform/uniform100real\39\4561.jpg,39
./balancer/uniform/uniform100real\39\4562.jpg,39
./balancer/uniform/uniform100real\39\4615.jpg,39
./balancer/uniform/uniform100real\39\4668.jpg,39
./balancer/uniform/uniform100real\39\4720.jpg,39
./balancer/uniform/uniform100real\39\4809.jpg,39
./balancer/uniform/uniform100real\39\4823.jpg,39
./balancer/uniform/uniform100real\39\4846.jpg,39
./balancer/uniform/uniform100real\39\4875.JPG,39
./balancer/uniform/uniform100real\39\491.jpg,39
./balancer/uniform/uniform100real\39\4965.jpg,39
./balancer/uniform/uniform100real\39\5012.JPG,39
./balancer/uniform/uniform100real\39\5028.jpg,39
./balancer/uniform/uniform100real\39\5042.jpg,39
./balancer/uniform/uniform100real\39\5045.jpg,39
./balancer/uniform/uniform100real\39\507.JPG,39
./balancer/uniform/uniform100real\39\5071.jpg,39
./balancer/uniform/uniform100real\39\5121.jpg,39
./balancer/uniform/uniform100real\39\5137.jpg,39
./balancer/uniform/uniform100real\39\5245.jpg,39
./balancer/uniform/uniform100real\39\5246.JPG,39
./balancer/uniform/uniform100real\39\5279.jpg,39
./balancer/uniform/uniform100real\39\5439.jpg,39
./balancer/uniform/uniform100real\39\5460.jpg,39
./balancer/uniform/uniform100real\39\5484.JPG,39
./balancer/uniform/uniform100real\39\5515.jpg,39
./balancer/uniform/uniform100real\39\5523.jpg,39
./balancer/uniform/uniform100real\39\5553.jpg,39
./balancer/uniform/uniform100real\39\5638.jpg,39
./balancer/uniform/uniform100real\39\5736.jpg,39
./balancer/uniform/uniform100real\39\5741.jpg,39
./balancer/uniform/uniform100real\39\5788.JPG,39
./balancer/uniform/uniform100real\39\5825.jpg,39
./balancer/uniform/uniform100real\39\583.jpg,39
./balancer/uniform/uniform100real\39\5860.jpg,39
./balancer/uniform/uniform100real\39\5907.jpg,39
./balancer/uniform/uniform100real\39\5933.jpg,39
./balancer/uniform/uniform100real\39\5939.jpg,39
./balancer/uniform/uniform100real\39\6065.jpg,39
./balancer/uniform/uniform100real\39\623.jpg,39
./balancer/uniform/uniform100real\39\6235.jpg,39
./balancer/uniform/uniform100real\39\6338.jpg,39
./balancer/uniform/uniform100real\39\6501.jpg,39
./balancer/uniform/uniform100real\39\6506.jpg,39
./balancer/uniform/uniform100real\39\6558.JPG,39
./balancer/uniform/uniform100real\39\6584.jpg,39
./balancer/uniform/uniform100real\39\668.jpg,39
./balancer/uniform/uniform100real\39\6927.jpg,39
./balancer/uniform/uniform100real\39\6969.jpg,39
./balancer/uniform/uniform100real\39\7064.jpg,39
./balancer/uniform/uniform100real\39\7143.jpg,39
./balancer/uniform/uniform100real\39\7172.jpg,39
./balancer/uniform/uniform100real\39\722.jpg,39
./balancer/uniform/uniform100real\39\7259.jpg,39
./balancer/uniform/uniform100real\39\7274.jpg,39
./balancer/uniform/uniform100real\39\7375.jpg,39
./balancer/uniform/uniform100real\39\739.jpg,39
./balancer/uniform/uniform100real\39\7396.JPG,39
./balancer/uniform/uniform100real\39\7475.jpg,39
./balancer/uniform/uniform100real\39\7496.jpg,39
./balancer/uniform/uniform100real\39\7509.jpg,39
./balancer/uniform/uniform100real\39\7542.jpg,39
./balancer/uniform/uniform100real\39\7577.jpg,39
./balancer/uniform/uniform100real\39\7610.jpg,39
./balancer/uniform/uniform100real\39\7666.jpg,39
./balancer/uniform/uniform100real\39\7737.jpg,39
./balancer/uniform/uniform100real\39\7756.jpg,39
./balancer/uniform/uniform100real\39\7758.jpg,39
./balancer/uniform/uniform100real\39\7772.jpg,39
./balancer/uniform/uniform100real\39\7864.jpg,39
./balancer/uniform/uniform100real\39\7871.jpg,39
./balancer/uniform/uniform100real\39\790.jpg,39
./balancer/uniform/uniform100real\39\7918.jpg,39
./balancer/uniform/uniform100real\39\800.jpg,39
./balancer/uniform/uniform100real\39\8017.jpg,39
./balancer/uniform/uniform100real\39\802.jpg,39
./balancer/uniform/uniform100real\39\815.jpg,39
./balancer/uniform/uniform100real\39\8195.JPG,39
./balancer/uniform/uniform100real\39\8279.jpg,39
./balancer/uniform/uniform100real\39\837.jpg,39
./balancer/uniform/uniform100real\39\8488.JPG,39
./balancer/uniform/uniform100real\39\8576.jpg,39
./balancer/uniform/uniform100real\39\8630.jpg,39
./balancer/uniform/uniform100real\39\8654.jpg,39
./balancer/uniform/uniform100real\39\8701.jpg,39
./balancer/uniform/uniform100real\39\8735.jpg,39
./balancer/uniform/uniform100real\39\8855.jpg,39
./balancer/uniform/uniform100real\39\8859.jpg,39
./balancer/uniform/uniform100real\39\8927.jpg,39
./balancer/uniform/uniform100real\39\8930.jpg,39
./balancer/uniform/uniform100real\39\8965.jpg,39
./balancer/uniform/uniform100real\39\8991.jpg,39
./balancer/uniform/uniform100real\39\9063.JPG,39
./balancer/uniform/uniform100real\39\9078.jpg,39
./balancer/uniform/uniform100real\39\9112.jpg,39
./balancer/uniform/uniform100real\39\9204.jpg,39
./balancer/uniform/uniform100real\39\9232.jpg,39
./balancer/uniform/uniform100real\39\929.JPG,39
./balancer/uniform/uniform100real\39\9321.jpg,39
./balancer/uniform/uniform100real\39\9381.jpg,39
./balancer/uniform/uniform100real\39\94.jpg,39
./balancer/uniform/uniform100real\39\9406.jpg,39
./balancer/uniform/uniform100real\39\9440.jpg,39
./balancer/uniform/uniform100real\39\9454.jpg,39
./balancer/uniform/uniform100real\39\9483.jpg,39
./balancer/uniform/uniform100real\39\9489.jpg,39
./balancer/uniform/uniform100real\39\9514.jpg,39
./balancer/uniform/uniform100real\39\9518.JPG,39
./balancer/uniform/uniform100real\39\9525.jpg,39
./balancer/uniform/uniform100real\39\9556.jpg,39
./balancer/uniform/uniform100real\39\962.jpg,39
./balancer/uniform/uniform100real\39\9717.jpg,39
./balancer/uniform/uniform100real\39\9718.JPG,39
./balancer/uniform/uniform100real\39\9724.jpg,39
./balancer/uniform/uniform100real\39\9730.jpg,39
./balancer/uniform/uniform100real\39\9748.jpg,39
./balancer/uniform/uniform100real\39\9808.jpg,39
./balancer/uniform/uniform100real\39\9812.jpg,39
./balancer/uniform/uniform100real\39\9821.jpg,39
./balancer/uniform/uniform100real\39\9869.jpg,39
./balancer/uniform/uniform100real\39\9938.jpg,39
./balancer/uniform/uniform100real\39\9952.jpg,39
./balancer/uniform/uniform100real\40\10004.jpg,40
./balancer/uniform/uniform100real\40\10017.jpg,40
./balancer/uniform/uniform100real\40\1007.jpg,40
./balancer/uniform/uniform100real\40\10086.jpg,40
./balancer/uniform/uniform100real\40\10188.jpg,40
./balancer/uniform/uniform100real\40\10333.jpg,40
./balancer/uniform/uniform100real\40\10352.JPG,40
./balancer/uniform/uniform100real\40\10377.jpg,40
./balancer/uniform/uniform100real\40\10378.jpg,40
./balancer/uniform/uniform100real\40\10389.JPG,40
./balancer/uniform/uniform100real\40\10432.JPG,40
./balancer/uniform/uniform100real\40\10451.JPG,40
./balancer/uniform/uniform100real\40\10491.jpg,40
./balancer/uniform/uniform100real\40\105.jpg,40
./balancer/uniform/uniform100real\40\10579.jpg,40
./balancer/uniform/uniform100real\40\10591.jpg,40
./balancer/uniform/uniform100real\40\10650.jpg,40
./balancer/uniform/uniform100real\40\10682.jpg,40
./balancer/uniform/uniform100real\40\1085.jpg,40
./balancer/uniform/uniform100real\40\1120.jpg,40
./balancer/uniform/uniform100real\40\115.jpg,40
./balancer/uniform/uniform100real\40\12.JPG,40
./balancer/uniform/uniform100real\40\1230.jpg,40
./balancer/uniform/uniform100real\40\1249.jpg,40
./balancer/uniform/uniform100real\40\1254.jpg,40
./balancer/uniform/uniform100real\40\1276.JPG,40
./balancer/uniform/uniform100real\40\1288.jpg,40
./balancer/uniform/uniform100real\40\1294.jpg,40
./balancer/uniform/uniform100real\40\1308.jpg,40
./balancer/uniform/uniform100real\40\1318.jpg,40
./balancer/uniform/uniform100real\40\1461.jpg,40
./balancer/uniform/uniform100real\40\1492.jpg,40
./balancer/uniform/uniform100real\40\1517.jpg,40
./balancer/uniform/uniform100real\40\1518.jpg,40
./balancer/uniform/uniform100real\40\1644.jpg,40
./balancer/uniform/uniform100real\40\1711.jpg,40
./balancer/uniform/uniform100real\40\1762.jpg,40
./balancer/uniform/uniform100real\40\1842.JPG,40
./balancer/uniform/uniform100real\40\1866.jpg,40
./balancer/uniform/uniform100real\40\1956.jpg,40
./balancer/uniform/uniform100real\40\2025.jpg,40
./balancer/uniform/uniform100real\40\2046.jpg,40
./balancer/uniform/uniform100real\40\206.jpg,40
./balancer/uniform/uniform100real\40\208.jpg,40
./balancer/uniform/uniform100real\40\2157.JPG,40
./balancer/uniform/uniform100real\40\2171.jpg,40
./balancer/uniform/uniform100real\40\2294.jpg,40
./balancer/uniform/uniform100real\40\2320.jpg,40
./balancer/uniform/uniform100real\40\2352.jpg,40
./balancer/uniform/uniform100real\40\2473.jpg,40
./balancer/uniform/uniform100real\40\2581.JPG,40
./balancer/uniform/uniform100real\40\2630.jpg,40
./balancer/uniform/uniform100real\40\2743.jpg,40
./balancer/uniform/uniform100real\40\276.jpg,40
./balancer/uniform/uniform100real\40\2783.jpg,40
./balancer/uniform/uniform100real\40\2921.jpg,40
./balancer/uniform/uniform100real\40\3121.jpg,40
./balancer/uniform/uniform100real\40\3191.jpg,40
./balancer/uniform/uniform100real\40\3193.JPG,40
./balancer/uniform/uniform100real\40\321.jpg,40
./balancer/uniform/uniform100real\40\3282.jpg,40
./balancer/uniform/uniform100real\40\3366.jpg,40
./balancer/uniform/uniform100real\40\3434.jpg,40
./balancer/uniform/uniform100real\40\3523.jpg,40
./balancer/uniform/uniform100real\40\3626.jpg,40
./balancer/uniform/uniform100real\40\3629.jpg,40
./balancer/uniform/uniform100real\40\3681.jpg,40
./balancer/uniform/uniform100real\40\3735.jpg,40
./balancer/uniform/uniform100real\40\3748.JPG,40
./balancer/uniform/uniform100real\40\3808.JPG,40
./balancer/uniform/uniform100real\40\4005.jpg,40
./balancer/uniform/uniform100real\40\4091.jpg,40
./balancer/uniform/uniform100real\40\4103.JPG,40
./balancer/uniform/uniform100real\40\4130.jpg,40
./balancer/uniform/uniform100real\40\4133.jpg,40
./balancer/uniform/uniform100real\40\4160.jpg,40
./balancer/uniform/uniform100real\40\4243.JPG,40
./balancer/uniform/uniform100real\40\426.jpg,40
./balancer/uniform/uniform100real\40\438.jpg,40
./balancer/uniform/uniform100real\40\4387.jpg,40
./balancer/uniform/uniform100real\40\4436.jpg,40
./balancer/uniform/uniform100real\40\4480.JPG,40
./balancer/uniform/uniform100real\40\462.JPG,40
./balancer/uniform/uniform100real\40\4677.jpg,40
./balancer/uniform/uniform100real\40\4724.jpg,40
./balancer/uniform/uniform100real\40\4775.JPG,40
./balancer/uniform/uniform100real\40\4817.jpg,40
./balancer/uniform/uniform100real\40\4848.JPG,40
./balancer/uniform/uniform100real\40\4926.jpg,40
./balancer/uniform/uniform100real\40\4954.jpg,40
./balancer/uniform/uniform100real\40\501.jpg,40
./balancer/uniform/uniform100real\40\5016.jpg,40
./balancer/uniform/uniform100real\40\5021.jpg,40
./balancer/uniform/uniform100real\40\5027.jpg,40
./balancer/uniform/uniform100real\40\518.JPG,40
./balancer/uniform/uniform100real\40\5186.jpg,40
./balancer/uniform/uniform100real\40\5201.jpg,40
./balancer/uniform/uniform100real\40\5273.jpg,40
./balancer/uniform/uniform100real\40\5326.JPG,40
./balancer/uniform/uniform100real\40\5350.jpg,40
./balancer/uniform/uniform100real\40\5384.jpg,40
./balancer/uniform/uniform100real\40\539.jpg,40
./balancer/uniform/uniform100real\40\5468.JPG,40
./balancer/uniform/uniform100real\40\5664.jpg,40
./balancer/uniform/uniform100real\40\5668.jpg,40
./balancer/uniform/uniform100real\40\5675.jpg,40
./balancer/uniform/uniform100real\40\5691.JPG,40
./balancer/uniform/uniform100real\40\5711.jpg,40
./balancer/uniform/uniform100real\40\5712.jpg,40
./balancer/uniform/uniform100real\40\5747.jpg,40
./balancer/uniform/uniform100real\40\5759.jpg,40
./balancer/uniform/uniform100real\40\5810.JPG,40
./balancer/uniform/uniform100real\40\5848.jpg,40
./balancer/uniform/uniform100real\40\5997.jpg,40
./balancer/uniform/uniform100real\40\6061.jpg,40
./balancer/uniform/uniform100real\40\6090.jpg,40
./balancer/uniform/uniform100real\40\6096.jpg,40
./balancer/uniform/uniform100real\40\6098.JPG,40
./balancer/uniform/uniform100real\40\613.jpg,40
./balancer/uniform/uniform100real\40\6139.JPG,40
./balancer/uniform/uniform100real\40\6184.jpg,40
./balancer/uniform/uniform100real\40\6241.jpg,40
./balancer/uniform/uniform100real\40\631.jpg,40
./balancer/uniform/uniform100real\40\6323.jpg,40
./balancer/uniform/uniform100real\40\6340.jpg,40
./balancer/uniform/uniform100real\40\6345.jpg,40
./balancer/uniform/uniform100real\40\6417.jpg,40
./balancer/uniform/uniform100real\40\6440.jpg,40
./balancer/uniform/uniform100real\40\6450.JPG,40
./balancer/uniform/uniform100real\40\6470.jpg,40
./balancer/uniform/uniform100real\40\6725.jpg,40
./balancer/uniform/uniform100real\40\6728.jpg,40
./balancer/uniform/uniform100real\40\6734.jpg,40
./balancer/uniform/uniform100real\40\6767.jpg,40
./balancer/uniform/uniform100real\40\6776.JPG,40
./balancer/uniform/uniform100real\40\6969.jpg,40
./balancer/uniform/uniform100real\40\699.jpg,40
./balancer/uniform/uniform100real\40\7199.jpg,40
./balancer/uniform/uniform100real\40\7244.jpg,40
./balancer/uniform/uniform100real\40\7255.jpg,40
./balancer/uniform/uniform100real\40\7265.JPG,40
./balancer/uniform/uniform100real\40\729.jpg,40
./balancer/uniform/uniform100real\40\7392.jpg,40
./balancer/uniform/uniform100real\40\7421.jpg,40
./balancer/uniform/uniform100real\40\7588.jpg,40
./balancer/uniform/uniform100real\40\7615.jpg,40
./balancer/uniform/uniform100real\40\7631.jpg,40
./balancer/uniform/uniform100real\40\7669.jpg,40
./balancer/uniform/uniform100real\40\7769.jpg,40
./balancer/uniform/uniform100real\40\7884.JPG,40
./balancer/uniform/uniform100real\40\7941.jpg,40
./balancer/uniform/uniform100real\40\7948.jpg,40
./balancer/uniform/uniform100real\40\8022.jpg,40
./balancer/uniform/uniform100real\40\8107.jpg,40
./balancer/uniform/uniform100real\40\8128.jpg,40
./balancer/uniform/uniform100real\40\8181.jpg,40
./balancer/uniform/uniform100real\40\8204.jpg,40
./balancer/uniform/uniform100real\40\8254.jpg,40
./balancer/uniform/uniform100real\40\8262.jpg,40
./balancer/uniform/uniform100real\40\8277.jpg,40
./balancer/uniform/uniform100real\40\8334.jpg,40
./balancer/uniform/uniform100real\40\8365.jpg,40
./balancer/uniform/uniform100real\40\8390.jpg,40
./balancer/uniform/uniform100real\40\8392.jpg,40
./balancer/uniform/uniform100real\40\8418.jpg,40
./balancer/uniform/uniform100real\40\8461.jpg,40
./balancer/uniform/uniform100real\40\8501.jpg,40
./balancer/uniform/uniform100real\40\8524.jpg,40
./balancer/uniform/uniform100real\40\8569.jpg,40
./balancer/uniform/uniform100real\40\8606.jpg,40
./balancer/uniform/uniform100real\40\864.jpg,40
./balancer/uniform/uniform100real\40\8655.jpg,40
./balancer/uniform/uniform100real\40\8667.jpg,40
./balancer/uniform/uniform100real\40\8672.jpg,40
./balancer/uniform/uniform100real\40\8741.jpg,40
./balancer/uniform/uniform100real\40\8768.jpg,40
./balancer/uniform/uniform100real\40\8883.jpg,40
./balancer/uniform/uniform100real\40\9032.jpg,40
./balancer/uniform/uniform100real\40\9066.jpg,40
./balancer/uniform/uniform100real\40\9136.jpg,40
./balancer/uniform/uniform100real\40\9188.jpg,40
./balancer/uniform/uniform100real\40\9194.jpg,40
./balancer/uniform/uniform100real\40\9256.jpg,40
./balancer/uniform/uniform100real\40\9268.JPG,40
./balancer/uniform/uniform100real\40\9289.jpg,40
./balancer/uniform/uniform100real\40\9294.jpg,40
./balancer/uniform/uniform100real\40\9313.jpg,40
./balancer/uniform/uniform100real\40\9462.jpg,40
./balancer/uniform/uniform100real\40\9476.jpg,40
./balancer/uniform/uniform100real\40\9550.jpg,40
./balancer/uniform/uniform100real\40\9573.jpg,40
./balancer/uniform/uniform100real\40\9581.JPG,40
./balancer/uniform/uniform100real\40\9582.jpg,40
./balancer/uniform/uniform100real\40\9628.jpg,40
./balancer/uniform/uniform100real\40\9688.JPG,40
./balancer/uniform/uniform100real\40\9693.jpg,40
./balancer/uniform/uniform100real\40\9742.jpg,40
./balancer/uniform/uniform100real\40\9751.jpg,40
./balancer/uniform/uniform100real\40\9826.JPG,40
./balancer/uniform/uniform100real\40\9848.jpg,40
./balancer/uniform/uniform100real\40\9854.jpg,40
./balancer/uniform/uniform100real\40\9898.jpg,40
./balancer/uniform/uniform100real\40\9978.jpg,40
./balancer/uniform/uniform100real\41\10050.jpg,41
./balancer/uniform/uniform100real\41\10078.jpg,41
./balancer/uniform/uniform100real\41\10119.jpg,41
./balancer/uniform/uniform100real\41\10162.jpg,41
./balancer/uniform/uniform100real\41\10228.JPG,41
./balancer/uniform/uniform100real\41\10237.jpg,41
./balancer/uniform/uniform100real\41\10244.JPG,41
./balancer/uniform/uniform100real\41\10286.jpg,41
./balancer/uniform/uniform100real\41\1047.jpg,41
./balancer/uniform/uniform100real\41\1071.JPG,41
./balancer/uniform/uniform100real\41\111.jpg,41
./balancer/uniform/uniform100real\41\1124.jpg,41
./balancer/uniform/uniform100real\41\1150.jpg,41
./balancer/uniform/uniform100real\41\1170.jpg,41
./balancer/uniform/uniform100real\41\1329.jpg,41
./balancer/uniform/uniform100real\41\133.jpg,41
./balancer/uniform/uniform100real\41\1487.JPG,41
./balancer/uniform/uniform100real\41\1509.jpg,41
./balancer/uniform/uniform100real\41\1623.jpg,41
./balancer/uniform/uniform100real\41\1632.jpg,41
./balancer/uniform/uniform100real\41\1673.jpg,41
./balancer/uniform/uniform100real\41\1675.jpg,41
./balancer/uniform/uniform100real\41\1682.jpg,41
./balancer/uniform/uniform100real\41\1730.jpg,41
./balancer/uniform/uniform100real\41\1732.jpg,41
./balancer/uniform/uniform100real\41\1771.jpg,41
./balancer/uniform/uniform100real\41\1796.jpg,41
./balancer/uniform/uniform100real\41\1843.JPG,41
./balancer/uniform/uniform100real\41\1901.jpg,41
./balancer/uniform/uniform100real\41\1906.jpg,41
./balancer/uniform/uniform100real\41\1912.jpg,41
./balancer/uniform/uniform100real\41\1963.jpg,41
./balancer/uniform/uniform100real\41\1990.jpg,41
./balancer/uniform/uniform100real\41\2002.jpg,41
./balancer/uniform/uniform100real\41\214.jpg,41
./balancer/uniform/uniform100real\41\2315.jpg,41
./balancer/uniform/uniform100real\41\2336.jpg,41
./balancer/uniform/uniform100real\41\2339.jpg,41
./balancer/uniform/uniform100real\41\2402.jpg,41
./balancer/uniform/uniform100real\41\2438.jpg,41
./balancer/uniform/uniform100real\41\2603.jpg,41
./balancer/uniform/uniform100real\41\2637.jpg,41
./balancer/uniform/uniform100real\41\2646.jpg,41
./balancer/uniform/uniform100real\41\2843.jpg,41
./balancer/uniform/uniform100real\41\285.jpg,41
./balancer/uniform/uniform100real\41\2869.jpg,41
./balancer/uniform/uniform100real\41\2885.JPG,41
./balancer/uniform/uniform100real\41\2894.jpg,41
./balancer/uniform/uniform100real\41\2895.jpg,41
./balancer/uniform/uniform100real\41\2923.jpg,41
./balancer/uniform/uniform100real\41\2939.JPG,41
./balancer/uniform/uniform100real\41\2984.jpg,41
./balancer/uniform/uniform100real\41\3044.jpg,41
./balancer/uniform/uniform100real\41\3055.JPG,41
./balancer/uniform/uniform100real\41\3067.jpg,41
./balancer/uniform/uniform100real\41\3069.jpg,41
./balancer/uniform/uniform100real\41\3103.jpg,41
./balancer/uniform/uniform100real\41\3170.jpg,41
./balancer/uniform/uniform100real\41\3174.JPG,41
./balancer/uniform/uniform100real\41\3229.jpg,41
./balancer/uniform/uniform100real\41\3258.jpg,41
./balancer/uniform/uniform100real\41\3276.JPG,41
./balancer/uniform/uniform100real\41\33.jpg,41
./balancer/uniform/uniform100real\41\3300.jpg,41
./balancer/uniform/uniform100real\41\3491.jpg,41
./balancer/uniform/uniform100real\41\3514.jpg,41
./balancer/uniform/uniform100real\41\3579.jpg,41
./balancer/uniform/uniform100real\41\3602.jpg,41
./balancer/uniform/uniform100real\41\3733.jpg,41
./balancer/uniform/uniform100real\41\3853.jpg,41
./balancer/uniform/uniform100real\41\387.jpg,41
./balancer/uniform/uniform100real\41\4082.jpg,41
./balancer/uniform/uniform100real\41\409.jpg,41
./balancer/uniform/uniform100real\41\4172.jpg,41
./balancer/uniform/uniform100real\41\4184.JPG,41
./balancer/uniform/uniform100real\41\4212.JPG,41
./balancer/uniform/uniform100real\41\4241.jpg,41
./balancer/uniform/uniform100real\41\427.jpg,41
./balancer/uniform/uniform100real\41\4403.jpg,41
./balancer/uniform/uniform100real\41\4409.jpg,41
./balancer/uniform/uniform100real\41\4440.jpg,41
./balancer/uniform/uniform100real\41\4443.jpg,41
./balancer/uniform/uniform100real\41\4473.jpg,41
./balancer/uniform/uniform100real\41\4540.JPG,41
./balancer/uniform/uniform100real\41\4545.jpg,41
./balancer/uniform/uniform100real\41\4573.jpg,41
./balancer/uniform/uniform100real\41\4612.jpg,41
./balancer/uniform/uniform100real\41\4661.jpg,41
./balancer/uniform/uniform100real\41\4665.jpg,41
./balancer/uniform/uniform100real\41\4718.jpg,41
./balancer/uniform/uniform100real\41\4728.jpg,41
./balancer/uniform/uniform100real\41\4798.jpg,41
./balancer/uniform/uniform100real\41\4805.JPG,41
./balancer/uniform/uniform100real\41\495.jpg,41
./balancer/uniform/uniform100real\41\4964.jpg,41
./balancer/uniform/uniform100real\41\4975.jpg,41
./balancer/uniform/uniform100real\41\504.jpg,41
./balancer/uniform/uniform100real\41\5106.jpg,41
./balancer/uniform/uniform100real\41\5135.jpg,41
./balancer/uniform/uniform100real\41\5173.JPG,41
./balancer/uniform/uniform100real\41\5218.jpg,41
./balancer/uniform/uniform100real\41\5229.jpg,41
./balancer/uniform/uniform100real\41\523.jpg,41
./balancer/uniform/uniform100real\41\5418.jpg,41
./balancer/uniform/uniform100real\41\5453.jpg,41
./balancer/uniform/uniform100real\41\5460.jpg,41
./balancer/uniform/uniform100real\41\5549.jpg,41
./balancer/uniform/uniform100real\41\5554.JPG,41
./balancer/uniform/uniform100real\41\5751.jpg,41
./balancer/uniform/uniform100real\41\5764.jpg,41
./balancer/uniform/uniform100real\41\5773.jpg,41
./balancer/uniform/uniform100real\41\5863.jpg,41
./balancer/uniform/uniform100real\41\5892.jpg,41
./balancer/uniform/uniform100real\41\6208.jpg,41
./balancer/uniform/uniform100real\41\6249.jpg,41
./balancer/uniform/uniform100real\41\6425.jpg,41
./balancer/uniform/uniform100real\41\650.jpg,41
./balancer/uniform/uniform100real\41\6553.jpg,41
./balancer/uniform/uniform100real\41\6571.jpg,41
./balancer/uniform/uniform100real\41\6599.JPG,41
./balancer/uniform/uniform100real\41\6650.jpg,41
./balancer/uniform/uniform100real\41\6696.JPG,41
./balancer/uniform/uniform100real\41\673.jpg,41
./balancer/uniform/uniform100real\41\6741.jpg,41
./balancer/uniform/uniform100real\41\6755.jpg,41
./balancer/uniform/uniform100real\41\6823.jpg,41
./balancer/uniform/uniform100real\41\6873.jpg,41
./balancer/uniform/uniform100real\41\6889.jpg,41
./balancer/uniform/uniform100real\41\6915.jpg,41
./balancer/uniform/uniform100real\41\6925.jpg,41
./balancer/uniform/uniform100real\41\6985.jpg,41
./balancer/uniform/uniform100real\41\7037.jpg,41
./balancer/uniform/uniform100real\41\7062.jpg,41
./balancer/uniform/uniform100real\41\71.jpg,41
./balancer/uniform/uniform100real\41\7127.jpg,41
./balancer/uniform/uniform100real\41\7129.jpg,41
./balancer/uniform/uniform100real\41\7180.jpg,41
./balancer/uniform/uniform100real\41\719.jpg,41
./balancer/uniform/uniform100real\41\7217.JPG,41
./balancer/uniform/uniform100real\41\7249.jpg,41
./balancer/uniform/uniform100real\41\7269.jpg,41
./balancer/uniform/uniform100real\41\7311.jpg,41
./balancer/uniform/uniform100real\41\7338.jpg,41
./balancer/uniform/uniform100real\41\7367.jpg,41
./balancer/uniform/uniform100real\41\7420.jpg,41
./balancer/uniform/uniform100real\41\749.JPG,41
./balancer/uniform/uniform100real\41\7499.jpg,41
./balancer/uniform/uniform100real\41\7503.jpg,41
./balancer/uniform/uniform100real\41\7578.jpg,41
./balancer/uniform/uniform100real\41\7583.jpg,41
./balancer/uniform/uniform100real\41\7625.jpg,41
./balancer/uniform/uniform100real\41\7677.jpg,41
./balancer/uniform/uniform100real\41\7741.jpg,41
./balancer/uniform/uniform100real\41\7756.jpg,41
./balancer/uniform/uniform100real\41\7793.jpg,41
./balancer/uniform/uniform100real\41\7841.jpg,41
./balancer/uniform/uniform100real\41\7996.jpg,41
./balancer/uniform/uniform100real\41\8005.jpg,41
./balancer/uniform/uniform100real\41\8074.jpg,41
./balancer/uniform/uniform100real\41\8131.jpg,41
./balancer/uniform/uniform100real\41\8175.jpg,41
./balancer/uniform/uniform100real\41\8290.JPG,41
./balancer/uniform/uniform100real\41\836.jpg,41
./balancer/uniform/uniform100real\41\8442.jpg,41
./balancer/uniform/uniform100real\41\8462.jpg,41
./balancer/uniform/uniform100real\41\8471.jpg,41
./balancer/uniform/uniform100real\41\8544.jpg,41
./balancer/uniform/uniform100real\41\8722.jpg,41
./balancer/uniform/uniform100real\41\8728.jpg,41
./balancer/uniform/uniform100real\41\8740.jpg,41
./balancer/uniform/uniform100real\41\8760.jpg,41
./balancer/uniform/uniform100real\41\8778.jpg,41
./balancer/uniform/uniform100real\41\8867.jpg,41
./balancer/uniform/uniform100real\41\8895.jpg,41
./balancer/uniform/uniform100real\41\8991.JPG,41
./balancer/uniform/uniform100real\41\902.jpg,41
./balancer/uniform/uniform100real\41\9028.jpg,41
./balancer/uniform/uniform100real\41\9049.JPG,41
./balancer/uniform/uniform100real\41\9188.jpg,41
./balancer/uniform/uniform100real\41\9199.JPG,41
./balancer/uniform/uniform100real\41\9235.jpg,41
./balancer/uniform/uniform100real\41\9252.jpg,41
./balancer/uniform/uniform100real\41\9336.jpg,41
./balancer/uniform/uniform100real\41\9387.jpg,41
./balancer/uniform/uniform100real\41\9391.jpg,41
./balancer/uniform/uniform100real\41\9468.jpg,41
./balancer/uniform/uniform100real\41\9489.JPG,41
./balancer/uniform/uniform100real\41\9518.JPG,41
./balancer/uniform/uniform100real\41\9577.JPG,41
./balancer/uniform/uniform100real\41\9590.jpg,41
./balancer/uniform/uniform100real\41\9602.jpg,41
./balancer/uniform/uniform100real\41\9614.jpg,41
./balancer/uniform/uniform100real\41\9617.jpg,41
./balancer/uniform/uniform100real\41\9638.jpg,41
./balancer/uniform/uniform100real\41\9715.jpg,41
./balancer/uniform/uniform100real\41\9771.jpg,41
./balancer/uniform/uniform100real\41\979.jpg,41
./balancer/uniform/uniform100real\41\9847.jpg,41
./balancer/uniform/uniform100real\41\9864.jpg,41
./balancer/uniform/uniform100real\41\9874.jpg,41
./balancer/uniform/uniform100real\41\9886.jpg,41
./balancer/uniform/uniform100real\41\9959.jpg,41
./balancer/uniform/uniform100real\41\9966.jpg,41
./balancer/uniform/uniform100real\42\1039.jpg,42
./balancer/uniform/uniform100real\42\1045.jpg,42
./balancer/uniform/uniform100real\42\1121.jpg,42
./balancer/uniform/uniform100real\42\1160.jpg,42
./balancer/uniform/uniform100real\42\1168.JPG,42
./balancer/uniform/uniform100real\42\124.jpg,42
./balancer/uniform/uniform100real\42\1304.jpg,42
./balancer/uniform/uniform100real\42\1324.jpg,42
./balancer/uniform/uniform100real\42\1381.jpg,42
./balancer/uniform/uniform100real\42\143.jpg,42
./balancer/uniform/uniform100real\42\1442.JPG,42
./balancer/uniform/uniform100real\42\1484.jpg,42
./balancer/uniform/uniform100real\42\1611.jpg,42
./balancer/uniform/uniform100real\42\1658.jpg,42
./balancer/uniform/uniform100real\42\1716.jpg,42
./balancer/uniform/uniform100real\42\1763.jpg,42
./balancer/uniform/uniform100real\42\1818.JPG,42
./balancer/uniform/uniform100real\42\1822.jpg,42
./balancer/uniform/uniform100real\42\1936.jpg,42
./balancer/uniform/uniform100real\42\1958.jpg,42
./balancer/uniform/uniform100real\42\1983.jpg,42
./balancer/uniform/uniform100real\42\2017.JPG,42
./balancer/uniform/uniform100real\42\2082.jpg,42
./balancer/uniform/uniform100real\42\212.jpg,42
./balancer/uniform/uniform100real\42\2166.jpg,42
./balancer/uniform/uniform100real\42\22.jpg,42
./balancer/uniform/uniform100real\42\2237.jpg,42
./balancer/uniform/uniform100real\42\2269.jpg,42
./balancer/uniform/uniform100real\42\227.jpg,42
./balancer/uniform/uniform100real\42\2276.jpg,42
./balancer/uniform/uniform100real\42\2350.JPG,42
./balancer/uniform/uniform100real\42\2352.jpg,42
./balancer/uniform/uniform100real\42\2411.jpg,42
./balancer/uniform/uniform100real\42\2453.jpg,42
./balancer/uniform/uniform100real\42\2468.jpg,42
./balancer/uniform/uniform100real\42\2490.jpg,42
./balancer/uniform/uniform100real\42\2540.jpg,42
./balancer/uniform/uniform100real\42\2564.jpg,42
./balancer/uniform/uniform100real\42\2579.jpg,42
./balancer/uniform/uniform100real\42\269.jpg,42
./balancer/uniform/uniform100real\42\2715.jpg,42
./balancer/uniform/uniform100real\42\2717.jpg,42
./balancer/uniform/uniform100real\42\2733.jpg,42
./balancer/uniform/uniform100real\42\2807.jpg,42
./balancer/uniform/uniform100real\42\2822.jpg,42
./balancer/uniform/uniform100real\42\2940.jpg,42
./balancer/uniform/uniform100real\42\2964.jpg,42
./balancer/uniform/uniform100real\42\3.jpg,42
./balancer/uniform/uniform100real\42\3011.jpg,42
./balancer/uniform/uniform100real\42\3028.jpg,42
./balancer/uniform/uniform100real\42\3030.JPG,42
./balancer/uniform/uniform100real\42\304.jpg,42
./balancer/uniform/uniform100real\42\3085.jpg,42
./balancer/uniform/uniform100real\42\3198.jpg,42
./balancer/uniform/uniform100real\42\3222.jpg,42
./balancer/uniform/uniform100real\42\3241.jpg,42
./balancer/uniform/uniform100real\42\325.jpg,42
./balancer/uniform/uniform100real\42\3252.jpg,42
./balancer/uniform/uniform100real\42\3324.JPG,42
./balancer/uniform/uniform100real\42\3352.jpg,42
./balancer/uniform/uniform100real\42\3391.jpg,42
./balancer/uniform/uniform100real\42\3417.JPG,42
./balancer/uniform/uniform100real\42\3425.jpg,42
./balancer/uniform/uniform100real\42\3459.jpg,42
./balancer/uniform/uniform100real\42\3469.jpg,42
./balancer/uniform/uniform100real\42\365.jpg,42
./balancer/uniform/uniform100real\42\3726.jpg,42
./balancer/uniform/uniform100real\42\380.jpg,42
./balancer/uniform/uniform100real\42\3842.JPG,42
./balancer/uniform/uniform100real\42\3847.jpg,42
./balancer/uniform/uniform100real\42\3899.JPG,42
./balancer/uniform/uniform100real\42\4085.jpg,42
./balancer/uniform/uniform100real\42\4172.jpg,42
./balancer/uniform/uniform100real\42\427.jpg,42
./balancer/uniform/uniform100real\42\428.jpg,42
./balancer/uniform/uniform100real\42\4295.jpg,42
./balancer/uniform/uniform100real\42\434.jpg,42
./balancer/uniform/uniform100real\42\4348.JPG,42
./balancer/uniform/uniform100real\42\4423.jpg,42
./balancer/uniform/uniform100real\42\4427.jpg,42
./balancer/uniform/uniform100real\42\4441.jpg,42
./balancer/uniform/uniform100real\42\454.jpg,42
./balancer/uniform/uniform100real\42\4546.jpg,42
./balancer/uniform/uniform100real\42\463.jpg,42
./balancer/uniform/uniform100real\42\4659.jpg,42
./balancer/uniform/uniform100real\42\4698.jpg,42
./balancer/uniform/uniform100real\42\4877.jpg,42
./balancer/uniform/uniform100real\42\4938.jpg,42
./balancer/uniform/uniform100real\42\4952.JPG,42
./balancer/uniform/uniform100real\42\4961.jpg,42
./balancer/uniform/uniform100real\42\4992.jpg,42
./balancer/uniform/uniform100real\42\5005.jpg,42
./balancer/uniform/uniform100real\42\5037.jpg,42
./balancer/uniform/uniform100real\42\5112.jpg,42
./balancer/uniform/uniform100real\42\5146.jpg,42
./balancer/uniform/uniform100real\42\5163.jpg,42
./balancer/uniform/uniform100real\42\520.JPG,42
./balancer/uniform/uniform100real\42\5217.jpg,42
./balancer/uniform/uniform100real\42\5235.jpg,42
./balancer/uniform/uniform100real\42\5253.jpg,42
./balancer/uniform/uniform100real\42\5297.jpg,42
./balancer/uniform/uniform100real\42\5404.jpg,42
./balancer/uniform/uniform100real\42\5423.JPG,42
./balancer/uniform/uniform100real\42\553.jpg,42
./balancer/uniform/uniform100real\42\5722.JPG,42
./balancer/uniform/uniform100real\42\5785.jpg,42
./balancer/uniform/uniform100real\42\5795.jpg,42
./balancer/uniform/uniform100real\42\5821.jpg,42
./balancer/uniform/uniform100real\42\5904.jpg,42
./balancer/uniform/uniform100real\42\5906.jpg,42
./balancer/uniform/uniform100real\42\5914.JPG,42
./balancer/uniform/uniform100real\42\6051.jpg,42
./balancer/uniform/uniform100real\42\6172.jpg,42
./balancer/uniform/uniform100real\42\6192.jpg,42
./balancer/uniform/uniform100real\42\6212.JPG,42
./balancer/uniform/uniform100real\42\6232.jpg,42
./balancer/uniform/uniform100real\42\6258.jpg,42
./balancer/uniform/uniform100real\42\6297.jpg,42
./balancer/uniform/uniform100real\42\6299.JPG,42
./balancer/uniform/uniform100real\42\6341.jpg,42
./balancer/uniform/uniform100real\42\6380.jpg,42
./balancer/uniform/uniform100real\42\6450.JPG,42
./balancer/uniform/uniform100real\42\6473.jpg,42
./balancer/uniform/uniform100real\42\6489.jpg,42
./balancer/uniform/uniform100real\42\650.JPG,42
./balancer/uniform/uniform100real\42\6591.jpg,42
./balancer/uniform/uniform100real\42\6744.JPG,42
./balancer/uniform/uniform100real\42\6857.jpg,42
./balancer/uniform/uniform100real\42\6863.jpg,42
./balancer/uniform/uniform100real\42\6871.JPG,42
./balancer/uniform/uniform100real\42\6985.jpg,42
./balancer/uniform/uniform100real\42\721.jpg,42
./balancer/uniform/uniform100real\42\7242.JPG,42
./balancer/uniform/uniform100real\42\7251.jpg,42
./balancer/uniform/uniform100real\42\7281.jpg,42
./balancer/uniform/uniform100real\42\7287.jpg,42
./balancer/uniform/uniform100real\42\7302.jpg,42
./balancer/uniform/uniform100real\42\7374.jpg,42
./balancer/uniform/uniform100real\42\7405.jpg,42
./balancer/uniform/uniform100real\42\7500.jpg,42
./balancer/uniform/uniform100real\42\7514.jpg,42
./balancer/uniform/uniform100real\42\7529.JPG,42
./balancer/uniform/uniform100real\42\7530.jpg,42
./balancer/uniform/uniform100real\42\7541.jpg,42
./balancer/uniform/uniform100real\42\7566.jpg,42
./balancer/uniform/uniform100real\42\7585.jpg,42
./balancer/uniform/uniform100real\42\7594.jpg,42
./balancer/uniform/uniform100real\42\7710.jpg,42
./balancer/uniform/uniform100real\42\7786.jpg,42
./balancer/uniform/uniform100real\42\7828.jpg,42
./balancer/uniform/uniform100real\42\7865.jpg,42
./balancer/uniform/uniform100real\42\788.jpg,42
./balancer/uniform/uniform100real\42\7895.jpg,42
./balancer/uniform/uniform100real\42\7898.jpg,42
./balancer/uniform/uniform100real\42\8100.JPG,42
./balancer/uniform/uniform100real\42\8133.jpg,42
./balancer/uniform/uniform100real\42\8149.JPG,42
./balancer/uniform/uniform100real\42\817.jpg,42
./balancer/uniform/uniform100real\42\8183.jpg,42
./balancer/uniform/uniform100real\42\8225.jpg,42
./balancer/uniform/uniform100real\42\8239.jpg,42
./balancer/uniform/uniform100real\42\830.JPG,42
./balancer/uniform/uniform100real\42\8404.jpg,42
./balancer/uniform/uniform100real\42\8434.jpg,42
./balancer/uniform/uniform100real\42\8463.jpg,42
./balancer/uniform/uniform100real\42\8472.jpg,42
./balancer/uniform/uniform100real\42\85.jpg,42
./balancer/uniform/uniform100real\42\8505.jpg,42
./balancer/uniform/uniform100real\42\8552.jpg,42
./balancer/uniform/uniform100real\42\8582.jpg,42
./balancer/uniform/uniform100real\42\8587.jpg,42
./balancer/uniform/uniform100real\42\8609.jpg,42
./balancer/uniform/uniform100real\42\8635.jpg,42
./balancer/uniform/uniform100real\42\8644.jpg,42
./balancer/uniform/uniform100real\42\8647.jpg,42
./balancer/uniform/uniform100real\42\8661.jpg,42
./balancer/uniform/uniform100real\42\8672.jpg,42
./balancer/uniform/uniform100real\42\8771.jpg,42
./balancer/uniform/uniform100real\42\8822.jpg,42
./balancer/uniform/uniform100real\42\8833.jpg,42
./balancer/uniform/uniform100real\42\8883.jpg,42
./balancer/uniform/uniform100real\42\8935.jpg,42
./balancer/uniform/uniform100real\42\9040.jpg,42
./balancer/uniform/uniform100real\42\9068.JPG,42
./balancer/uniform/uniform100real\42\9077.jpg,42
./balancer/uniform/uniform100real\42\9157.jpg,42
./balancer/uniform/uniform100real\42\9188.jpg,42
./balancer/uniform/uniform100real\42\9199.jpg,42
./balancer/uniform/uniform100real\42\9250.JPG,42
./balancer/uniform/uniform100real\42\9337.jpg,42
./balancer/uniform/uniform100real\42\9346.jpg,42
./balancer/uniform/uniform100real\42\9351.jpg,42
./balancer/uniform/uniform100real\42\9376.jpg,42
./balancer/uniform/uniform100real\42\9383.jpg,42
./balancer/uniform/uniform100real\42\9422.jpg,42
./balancer/uniform/uniform100real\42\9436.jpg,42
./balancer/uniform/uniform100real\42\9463.jpg,42
./balancer/uniform/uniform100real\42\9466.jpg,42
./balancer/uniform/uniform100real\42\9474.jpg,42
./balancer/uniform/uniform100real\42\9632.jpg,42
./balancer/uniform/uniform100real\42\970.jpg,42
./balancer/uniform/uniform100real\42\972.jpg,42
./balancer/uniform/uniform100real\42\9888.jpg,42
./balancer/uniform/uniform100real\43\1042.jpg,43
./balancer/uniform/uniform100real\43\110.jpg,43
./balancer/uniform/uniform100real\43\1104.jpg,43
./balancer/uniform/uniform100real\43\117.jpg,43
./balancer/uniform/uniform100real\43\1199.jpg,43
./balancer/uniform/uniform100real\43\121.jpg,43
./balancer/uniform/uniform100real\43\1259.jpg,43
./balancer/uniform/uniform100real\43\1269.jpg,43
./balancer/uniform/uniform100real\43\1338.jpg,43
./balancer/uniform/uniform100real\43\140.jpg,43
./balancer/uniform/uniform100real\43\1409.jpg,43
./balancer/uniform/uniform100real\43\143.jpg,43
./balancer/uniform/uniform100real\43\1444.jpg,43
./balancer/uniform/uniform100real\43\1464.jpg,43
./balancer/uniform/uniform100real\43\1492.jpg,43
./balancer/uniform/uniform100real\43\153.JPG,43
./balancer/uniform/uniform100real\43\1541.jpg,43
./balancer/uniform/uniform100real\43\1597.jpg,43
./balancer/uniform/uniform100real\43\162.jpg,43
./balancer/uniform/uniform100real\43\1632.jpg,43
./balancer/uniform/uniform100real\43\1658.jpg,43
./balancer/uniform/uniform100real\43\1692.jpg,43
./balancer/uniform/uniform100real\43\1707.jpg,43
./balancer/uniform/uniform100real\43\1723.jpg,43
./balancer/uniform/uniform100real\43\1730.jpg,43
./balancer/uniform/uniform100real\43\1757.jpg,43
./balancer/uniform/uniform100real\43\181.jpg,43
./balancer/uniform/uniform100real\43\1827.jpg,43
./balancer/uniform/uniform100real\43\1852.jpg,43
./balancer/uniform/uniform100real\43\1892.jpg,43
./balancer/uniform/uniform100real\43\1967.jpg,43
./balancer/uniform/uniform100real\43\1973.jpg,43
./balancer/uniform/uniform100real\43\199.jpg,43
./balancer/uniform/uniform100real\43\2038.jpg,43
./balancer/uniform/uniform100real\43\2300.jpg,43
./balancer/uniform/uniform100real\43\2326.jpg,43
./balancer/uniform/uniform100real\43\2420.jpg,43
./balancer/uniform/uniform100real\43\2431.jpg,43
./balancer/uniform/uniform100real\43\2439.jpg,43
./balancer/uniform/uniform100real\43\2472.jpg,43
./balancer/uniform/uniform100real\43\2479.jpg,43
./balancer/uniform/uniform100real\43\248.jpg,43
./balancer/uniform/uniform100real\43\2503.jpg,43
./balancer/uniform/uniform100real\43\2512.JPG,43
./balancer/uniform/uniform100real\43\2544.jpg,43
./balancer/uniform/uniform100real\43\257.JPG,43
./balancer/uniform/uniform100real\43\2591.jpg,43
./balancer/uniform/uniform100real\43\2612.jpg,43
./balancer/uniform/uniform100real\43\2798.jpg,43
./balancer/uniform/uniform100real\43\284.jpg,43
./balancer/uniform/uniform100real\43\2847.JPG,43
./balancer/uniform/uniform100real\43\2866.jpg,43
./balancer/uniform/uniform100real\43\2874.JPG,43
./balancer/uniform/uniform100real\43\2899.jpg,43
./balancer/uniform/uniform100real\43\2901.JPG,43
./balancer/uniform/uniform100real\43\2944.JPG,43
./balancer/uniform/uniform100real\43\2984.jpg,43
./balancer/uniform/uniform100real\43\2994.jpg,43
./balancer/uniform/uniform100real\43\3002.jpg,43
./balancer/uniform/uniform100real\43\3064.jpg,43
./balancer/uniform/uniform100real\43\3079.jpg,43
./balancer/uniform/uniform100real\43\3086.jpg,43
./balancer/uniform/uniform100real\43\3106.jpg,43
./balancer/uniform/uniform100real\43\3121.jpg,43
./balancer/uniform/uniform100real\43\3128.jpg,43
./balancer/uniform/uniform100real\43\3142.jpg,43
./balancer/uniform/uniform100real\43\3185.jpg,43
./balancer/uniform/uniform100real\43\3272.jpg,43
./balancer/uniform/uniform100real\43\3347.jpg,43
./balancer/uniform/uniform100real\43\3364.JPG,43
./balancer/uniform/uniform100real\43\3369.jpg,43
./balancer/uniform/uniform100real\43\3451.jpg,43
./balancer/uniform/uniform100real\43\3496.jpg,43
./balancer/uniform/uniform100real\43\350.jpg,43
./balancer/uniform/uniform100real\43\3533.jpg,43
./balancer/uniform/uniform100real\43\3553.jpg,43
./balancer/uniform/uniform100real\43\3586.jpg,43
./balancer/uniform/uniform100real\43\3627.jpg,43
./balancer/uniform/uniform100real\43\3687.jpg,43
./balancer/uniform/uniform100real\43\3738.jpg,43
./balancer/uniform/uniform100real\43\3804.JPG,43
./balancer/uniform/uniform100real\43\3805.JPG,43
./balancer/uniform/uniform100real\43\3867.jpg,43
./balancer/uniform/uniform100real\43\3914.jpg,43
./balancer/uniform/uniform100real\43\4003.jpg,43
./balancer/uniform/uniform100real\43\4010.jpg,43
./balancer/uniform/uniform100real\43\4033.jpg,43
./balancer/uniform/uniform100real\43\4041.jpg,43
./balancer/uniform/uniform100real\43\4074.JPG,43
./balancer/uniform/uniform100real\43\4133.jpg,43
./balancer/uniform/uniform100real\43\4244.jpg,43
./balancer/uniform/uniform100real\43\4261.jpg,43
./balancer/uniform/uniform100real\43\4289.jpg,43
./balancer/uniform/uniform100real\43\4298.jpg,43
./balancer/uniform/uniform100real\43\4311.jpg,43
./balancer/uniform/uniform100real\43\4327.jpg,43
./balancer/uniform/uniform100real\43\4378.jpg,43
./balancer/uniform/uniform100real\43\4585.jpg,43
./balancer/uniform/uniform100real\43\4640.jpg,43
./balancer/uniform/uniform100real\43\4691.jpg,43
./balancer/uniform/uniform100real\43\4711.JPG,43
./balancer/uniform/uniform100real\43\4732.jpg,43
./balancer/uniform/uniform100real\43\4949.jpg,43
./balancer/uniform/uniform100real\43\5008.jpg,43
./balancer/uniform/uniform100real\43\5025.jpg,43
./balancer/uniform/uniform100real\43\5052.jpg,43
./balancer/uniform/uniform100real\43\5058.jpg,43
./balancer/uniform/uniform100real\43\5071.jpg,43
./balancer/uniform/uniform100real\43\51.jpg,43
./balancer/uniform/uniform100real\43\5126.jpg,43
./balancer/uniform/uniform100real\43\5148.jpg,43
./balancer/uniform/uniform100real\43\5219.jpg,43
./balancer/uniform/uniform100real\43\5274.jpg,43
./balancer/uniform/uniform100real\43\5366.JPG,43
./balancer/uniform/uniform100real\43\5421.JPG,43
./balancer/uniform/uniform100real\43\5433.jpg,43
./balancer/uniform/uniform100real\43\5468.jpg,43
./balancer/uniform/uniform100real\43\5515.jpg,43
./balancer/uniform/uniform100real\43\5545.jpg,43
./balancer/uniform/uniform100real\43\556.jpg,43
./balancer/uniform/uniform100real\43\5605.jpg,43
./balancer/uniform/uniform100real\43\5651.jpg,43
./balancer/uniform/uniform100real\43\5718.jpg,43
./balancer/uniform/uniform100real\43\5728.jpg,43
./balancer/uniform/uniform100real\43\5735.jpg,43
./balancer/uniform/uniform100real\43\5799.jpg,43
./balancer/uniform/uniform100real\43\5893.jpg,43
./balancer/uniform/uniform100real\43\5944.jpg,43
./balancer/uniform/uniform100real\43\5950.jpg,43
./balancer/uniform/uniform100real\43\5959.jpg,43
./balancer/uniform/uniform100real\43\597.JPG,43
./balancer/uniform/uniform100real\43\5970.JPG,43
./balancer/uniform/uniform100real\43\5973.jpg,43
./balancer/uniform/uniform100real\43\6020.jpg,43
./balancer/uniform/uniform100real\43\6106.jpg,43
./balancer/uniform/uniform100real\43\612.jpg,43
./balancer/uniform/uniform100real\43\6126.jpg,43
./balancer/uniform/uniform100real\43\6206.jpg,43
./balancer/uniform/uniform100real\43\6228.jpg,43
./balancer/uniform/uniform100real\43\625.jpg,43
./balancer/uniform/uniform100real\43\6409.jpg,43
./balancer/uniform/uniform100real\43\6451.jpg,43
./balancer/uniform/uniform100real\43\6453.jpg,43
./balancer/uniform/uniform100real\43\6492.jpg,43
./balancer/uniform/uniform100real\43\6505.jpg,43
./balancer/uniform/uniform100real\43\6632.jpg,43
./balancer/uniform/uniform100real\43\6660.jpg,43
./balancer/uniform/uniform100real\43\6662.jpg,43
./balancer/uniform/uniform100real\43\6728.jpg,43
./balancer/uniform/uniform100real\43\6761.jpg,43
./balancer/uniform/uniform100real\43\6779.jpg,43
./balancer/uniform/uniform100real\43\6831.jpg,43
./balancer/uniform/uniform100real\43\6835.jpg,43
./balancer/uniform/uniform100real\43\6847.jpg,43
./balancer/uniform/uniform100real\43\6854.jpg,43
./balancer/uniform/uniform100real\43\6929.JPG,43
./balancer/uniform/uniform100real\43\6951.jpg,43
./balancer/uniform/uniform100real\43\6962.jpg,43
./balancer/uniform/uniform100real\43\705.jpg,43
./balancer/uniform/uniform100real\43\7053.jpg,43
./balancer/uniform/uniform100real\43\7069.JPG,43
./balancer/uniform/uniform100real\43\7117.jpg,43
./balancer/uniform/uniform100real\43\7191.jpg,43
./balancer/uniform/uniform100real\43\7215.jpg,43
./balancer/uniform/uniform100real\43\7221.jpg,43
./balancer/uniform/uniform100real\43\7267.JPG,43
./balancer/uniform/uniform100real\43\7284.jpg,43
./balancer/uniform/uniform100real\43\7311.jpg,43
./balancer/uniform/uniform100real\43\7424.jpg,43
./balancer/uniform/uniform100real\43\7511.jpg,43
./balancer/uniform/uniform100real\43\7566.jpg,43
./balancer/uniform/uniform100real\43\757.jpg,43
./balancer/uniform/uniform100real\43\7594.jpg,43
./balancer/uniform/uniform100real\43\7635.jpg,43
./balancer/uniform/uniform100real\43\767.jpg,43
./balancer/uniform/uniform100real\43\7769.jpg,43
./balancer/uniform/uniform100real\43\7832.JPG,43
./balancer/uniform/uniform100real\43\7849.jpg,43
./balancer/uniform/uniform100real\43\7961.jpg,43
./balancer/uniform/uniform100real\43\8031.jpg,43
./balancer/uniform/uniform100real\43\8075.jpg,43
./balancer/uniform/uniform100real\43\8133.jpg,43
./balancer/uniform/uniform100real\43\8224.jpg,43
./balancer/uniform/uniform100real\43\8256.JPG,43
./balancer/uniform/uniform100real\43\8308.jpg,43
./balancer/uniform/uniform100real\43\8311.jpg,43
./balancer/uniform/uniform100real\43\8435.jpg,43
./balancer/uniform/uniform100real\43\8593.jpg,43
./balancer/uniform/uniform100real\43\8629.jpg,43
./balancer/uniform/uniform100real\43\8655.jpg,43
./balancer/uniform/uniform100real\43\8660.jpg,43
./balancer/uniform/uniform100real\43\8664.jpg,43
./balancer/uniform/uniform100real\43\8670.jpg,43
./balancer/uniform/uniform100real\43\8711.jpg,43
./balancer/uniform/uniform100real\43\8728.jpg,43
./balancer/uniform/uniform100real\43\873.jpg,43
./balancer/uniform/uniform100real\43\8792.jpg,43
./balancer/uniform/uniform100real\43\8811.jpg,43
./balancer/uniform/uniform100real\43\898.JPG,43
./balancer/uniform/uniform100real\43\926.jpg,43
./balancer/uniform/uniform100real\43\927.jpg,43
./balancer/uniform/uniform100real\43\951.jpg,43
./balancer/uniform/uniform100real\43\969.jpg,43
./balancer/uniform/uniform100real\44\11.jpg,44
./balancer/uniform/uniform100real\44\1126.JPG,44
./balancer/uniform/uniform100real\44\1200.jpg,44
./balancer/uniform/uniform100real\44\1305.jpg,44
./balancer/uniform/uniform100real\44\1323.jpg,44
./balancer/uniform/uniform100real\44\1370.jpg,44
./balancer/uniform/uniform100real\44\1405.jpg,44
./balancer/uniform/uniform100real\44\1408.jpg,44
./balancer/uniform/uniform100real\44\1562.jpg,44
./balancer/uniform/uniform100real\44\1592.jpg,44
./balancer/uniform/uniform100real\44\1620.jpg,44
./balancer/uniform/uniform100real\44\163.jpg,44
./balancer/uniform/uniform100real\44\1722.jpg,44
./balancer/uniform/uniform100real\44\1731.jpg,44
./balancer/uniform/uniform100real\44\1828.jpg,44
./balancer/uniform/uniform100real\44\1867.JPG,44
./balancer/uniform/uniform100real\44\1876.jpg,44
./balancer/uniform/uniform100real\44\1921.JPG,44
./balancer/uniform/uniform100real\44\1940.jpg,44
./balancer/uniform/uniform100real\44\2010.jpg,44
./balancer/uniform/uniform100real\44\2043.jpg,44
./balancer/uniform/uniform100real\44\2067.jpg,44
./balancer/uniform/uniform100real\44\2155.jpg,44
./balancer/uniform/uniform100real\44\216.jpg,44
./balancer/uniform/uniform100real\44\2211.jpg,44
./balancer/uniform/uniform100real\44\222.jpg,44
./balancer/uniform/uniform100real\44\2220.jpg,44
./balancer/uniform/uniform100real\44\2320.jpg,44
./balancer/uniform/uniform100real\44\233.jpg,44
./balancer/uniform/uniform100real\44\2400.JPG,44
./balancer/uniform/uniform100real\44\2413.jpg,44
./balancer/uniform/uniform100real\44\2416.jpg,44
./balancer/uniform/uniform100real\44\2548.jpg,44
./balancer/uniform/uniform100real\44\259.jpg,44
./balancer/uniform/uniform100real\44\2653.jpg,44
./balancer/uniform/uniform100real\44\2671.jpg,44
./balancer/uniform/uniform100real\44\2678.jpg,44
./balancer/uniform/uniform100real\44\2686.jpg,44
./balancer/uniform/uniform100real\44\2701.jpg,44
./balancer/uniform/uniform100real\44\2746.jpg,44
./balancer/uniform/uniform100real\44\2786.JPG,44
./balancer/uniform/uniform100real\44\2894.jpg,44
./balancer/uniform/uniform100real\44\2923.jpg,44
./balancer/uniform/uniform100real\44\3005.jpg,44
./balancer/uniform/uniform100real\44\3022.jpg,44
./balancer/uniform/uniform100real\44\3140.jpg,44
./balancer/uniform/uniform100real\44\3146.jpg,44
./balancer/uniform/uniform100real\44\3176.JPG,44
./balancer/uniform/uniform100real\44\3206.jpg,44
./balancer/uniform/uniform100real\44\3254.jpg,44
./balancer/uniform/uniform100real\44\3256.jpg,44
./balancer/uniform/uniform100real\44\3340.jpg,44
./balancer/uniform/uniform100real\44\3359.jpg,44
./balancer/uniform/uniform100real\44\3381.jpg,44
./balancer/uniform/uniform100real\44\3409.jpg,44
./balancer/uniform/uniform100real\44\3445.jpg,44
./balancer/uniform/uniform100real\44\3471.jpg,44
./balancer/uniform/uniform100real\44\3494.jpg,44
./balancer/uniform/uniform100real\44\3544.jpg,44
./balancer/uniform/uniform100real\44\356.jpg,44
./balancer/uniform/uniform100real\44\3574.jpg,44
./balancer/uniform/uniform100real\44\3612.jpg,44
./balancer/uniform/uniform100real\44\3639.jpg,44
./balancer/uniform/uniform100real\44\3669.jpg,44
./balancer/uniform/uniform100real\44\3677.JPG,44
./balancer/uniform/uniform100real\44\3682.jpg,44
./balancer/uniform/uniform100real\44\3709.jpg,44
./balancer/uniform/uniform100real\44\3725.JPG,44
./balancer/uniform/uniform100real\44\3756.jpg,44
./balancer/uniform/uniform100real\44\3783.JPG,44
./balancer/uniform/uniform100real\44\3806.jpg,44
./balancer/uniform/uniform100real\44\3891.JPG,44
./balancer/uniform/uniform100real\44\3895.jpg,44
./balancer/uniform/uniform100real\44\3898.jpg,44
./balancer/uniform/uniform100real\44\3903.jpg,44
./balancer/uniform/uniform100real\44\3971.JPG,44
./balancer/uniform/uniform100real\44\4010.jpg,44
./balancer/uniform/uniform100real\44\4012.jpg,44
./balancer/uniform/uniform100real\44\4119.jpg,44
./balancer/uniform/uniform100real\44\4173.jpg,44
./balancer/uniform/uniform100real\44\4177.jpg,44
./balancer/uniform/uniform100real\44\4227.jpg,44
./balancer/uniform/uniform100real\44\4266.JPG,44
./balancer/uniform/uniform100real\44\4399.jpg,44
./balancer/uniform/uniform100real\44\4417.JPG,44
./balancer/uniform/uniform100real\44\4491.JPG,44
./balancer/uniform/uniform100real\44\4529.jpg,44
./balancer/uniform/uniform100real\44\4550.jpg,44
./balancer/uniform/uniform100real\44\4581.jpg,44
./balancer/uniform/uniform100real\44\4607.jpg,44
./balancer/uniform/uniform100real\44\4617.jpg,44
./balancer/uniform/uniform100real\44\462.jpg,44
./balancer/uniform/uniform100real\44\4655.jpg,44
./balancer/uniform/uniform100real\44\4675.jpg,44
./balancer/uniform/uniform100real\44\4684.jpg,44
./balancer/uniform/uniform100real\44\476.jpg,44
./balancer/uniform/uniform100real\44\477.JPG,44
./balancer/uniform/uniform100real\44\4773.jpg,44
./balancer/uniform/uniform100real\44\4877.jpg,44
./balancer/uniform/uniform100real\44\4919.jpg,44
./balancer/uniform/uniform100real\44\4944.JPG,44
./balancer/uniform/uniform100real\44\4947.jpg,44
./balancer/uniform/uniform100real\44\4968.JPG,44
./balancer/uniform/uniform100real\44\5017.jpg,44
./balancer/uniform/uniform100real\44\503.jpg,44
./balancer/uniform/uniform100real\44\5034.jpg,44
./balancer/uniform/uniform100real\44\5106.jpg,44
./balancer/uniform/uniform100real\44\5156.jpg,44
./balancer/uniform/uniform100real\44\5186.JPG,44
./balancer/uniform/uniform100real\44\5194.jpg,44
./balancer/uniform/uniform100real\44\5247.jpg,44
./balancer/uniform/uniform100real\44\5283.jpg,44
./balancer/uniform/uniform100real\44\5326.jpg,44
./balancer/uniform/uniform100real\44\5366.JPG,44
./balancer/uniform/uniform100real\44\537.jpg,44
./balancer/uniform/uniform100real\44\5389.jpg,44
./balancer/uniform/uniform100real\44\5395.jpg,44
./balancer/uniform/uniform100real\44\5416.jpg,44
./balancer/uniform/uniform100real\44\5463.jpg,44
./balancer/uniform/uniform100real\44\5481.jpg,44
./balancer/uniform/uniform100real\44\5490.jpg,44
./balancer/uniform/uniform100real\44\5512.jpg,44
./balancer/uniform/uniform100real\44\5536.jpg,44
./balancer/uniform/uniform100real\44\5659.JPG,44
./balancer/uniform/uniform100real\44\591.jpg,44
./balancer/uniform/uniform100real\44\592.jpg,44
./balancer/uniform/uniform100real\44\5921.jpg,44
./balancer/uniform/uniform100real\44\6015.JPG,44
./balancer/uniform/uniform100real\44\6027.jpg,44
./balancer/uniform/uniform100real\44\6047.jpg,44
./balancer/uniform/uniform100real\44\6079.JPG,44
./balancer/uniform/uniform100real\44\6171.jpg,44
./balancer/uniform/uniform100real\44\6236.jpg,44
./balancer/uniform/uniform100real\44\6256.jpg,44
./balancer/uniform/uniform100real\44\6281.jpg,44
./balancer/uniform/uniform100real\44\6305.jpg,44
./balancer/uniform/uniform100real\44\6309.jpg,44
./balancer/uniform/uniform100real\44\6339.jpg,44
./balancer/uniform/uniform100real\44\6400.jpg,44
./balancer/uniform/uniform100real\44\6417.jpg,44
./balancer/uniform/uniform100real\44\6502.jpg,44
./balancer/uniform/uniform100real\44\6558.jpg,44
./balancer/uniform/uniform100real\44\6578.jpg,44
./balancer/uniform/uniform100real\44\6614.JPG,44
./balancer/uniform/uniform100real\44\6742.jpg,44
./balancer/uniform/uniform100real\44\6753.jpg,44
./balancer/uniform/uniform100real\44\6806.jpg,44
./balancer/uniform/uniform100real\44\6839.jpg,44
./balancer/uniform/uniform100real\44\6853.jpg,44
./balancer/uniform/uniform100real\44\6913.jpg,44
./balancer/uniform/uniform100real\44\6919.jpg,44
./balancer/uniform/uniform100real\44\696.jpg,44
./balancer/uniform/uniform100real\44\6981.jpg,44
./balancer/uniform/uniform100real\44\7142.jpg,44
./balancer/uniform/uniform100real\44\7190.jpg,44
./balancer/uniform/uniform100real\44\7255.jpg,44
./balancer/uniform/uniform100real\44\7267.JPG,44
./balancer/uniform/uniform100real\44\7384.jpg,44
./balancer/uniform/uniform100real\44\742.jpg,44
./balancer/uniform/uniform100real\44\7422.jpg,44
./balancer/uniform/uniform100real\44\7448.jpg,44
./balancer/uniform/uniform100real\44\7505.jpg,44
./balancer/uniform/uniform100real\44\7509.jpg,44
./balancer/uniform/uniform100real\44\7521.JPG,44
./balancer/uniform/uniform100real\44\7523.jpg,44
./balancer/uniform/uniform100real\44\7663.jpg,44
./balancer/uniform/uniform100real\44\7785.jpg,44
./balancer/uniform/uniform100real\44\7810.jpg,44
./balancer/uniform/uniform100real\44\7838.jpg,44
./balancer/uniform/uniform100real\44\7867.jpg,44
./balancer/uniform/uniform100real\44\7909.jpg,44
./balancer/uniform/uniform100real\44\7964.jpg,44
./balancer/uniform/uniform100real\44\7978.jpg,44
./balancer/uniform/uniform100real\44\8026.jpg,44
./balancer/uniform/uniform100real\44\8069.jpg,44
./balancer/uniform/uniform100real\44\8139.jpg,44
./balancer/uniform/uniform100real\44\8169.jpg,44
./balancer/uniform/uniform100real\44\8307.jpg,44
./balancer/uniform/uniform100real\44\832.jpg,44
./balancer/uniform/uniform100real\44\8325.jpg,44
./balancer/uniform/uniform100real\44\8374.JPG,44
./balancer/uniform/uniform100real\44\840.jpg,44
./balancer/uniform/uniform100real\44\8411.jpg,44
./balancer/uniform/uniform100real\44\8459.jpg,44
./balancer/uniform/uniform100real\44\851.jpg,44
./balancer/uniform/uniform100real\44\8527.jpg,44
./balancer/uniform/uniform100real\44\8532.jpg,44
./balancer/uniform/uniform100real\44\8554.jpg,44
./balancer/uniform/uniform100real\44\8639.jpg,44
./balancer/uniform/uniform100real\44\868.JPG,44
./balancer/uniform/uniform100real\44\874.jpg,44
./balancer/uniform/uniform100real\44\8755.jpg,44
./balancer/uniform/uniform100real\44\8761.jpg,44
./balancer/uniform/uniform100real\44\8795.jpg,44
./balancer/uniform/uniform100real\44\884.jpg,44
./balancer/uniform/uniform100real\44\8885.jpg,44
./balancer/uniform/uniform100real\44\8889.jpg,44
./balancer/uniform/uniform100real\44\889.jpg,44
./balancer/uniform/uniform100real\44\8940.jpg,44
./balancer/uniform/uniform100real\44\906.JPG,44
./balancer/uniform/uniform100real\44\921.jpg,44
./balancer/uniform/uniform100real\44\945.jpg,44
./balancer/uniform/uniform100real\44\98.jpg,44
./balancer/uniform/uniform100real\45\102.jpg,45
./balancer/uniform/uniform100real\45\1070.jpg,45
./balancer/uniform/uniform100real\45\1089.jpg,45
./balancer/uniform/uniform100real\45\1112.jpg,45
./balancer/uniform/uniform100real\45\1149.jpg,45
./balancer/uniform/uniform100real\45\1261.JPG,45
./balancer/uniform/uniform100real\45\1283.jpg,45
./balancer/uniform/uniform100real\45\1319.jpg,45
./balancer/uniform/uniform100real\45\1336.jpg,45
./balancer/uniform/uniform100real\45\1392.jpg,45
./balancer/uniform/uniform100real\45\1393.JPG,45
./balancer/uniform/uniform100real\45\1407.jpg,45
./balancer/uniform/uniform100real\45\1409.JPG,45
./balancer/uniform/uniform100real\45\1414.jpg,45
./balancer/uniform/uniform100real\45\1420.jpg,45
./balancer/uniform/uniform100real\45\1431.jpg,45
./balancer/uniform/uniform100real\45\1435.JPG,45
./balancer/uniform/uniform100real\45\1480.jpg,45
./balancer/uniform/uniform100real\45\1497.jpg,45
./balancer/uniform/uniform100real\45\1537.jpg,45
./balancer/uniform/uniform100real\45\1595.jpg,45
./balancer/uniform/uniform100real\45\1625.jpg,45
./balancer/uniform/uniform100real\45\1758.jpg,45
./balancer/uniform/uniform100real\45\1786.jpg,45
./balancer/uniform/uniform100real\45\1792.jpg,45
./balancer/uniform/uniform100real\45\1840.JPG,45
./balancer/uniform/uniform100real\45\1860.jpg,45
./balancer/uniform/uniform100real\45\1862.jpg,45
./balancer/uniform/uniform100real\45\1871.JPG,45
./balancer/uniform/uniform100real\45\1876.jpg,45
./balancer/uniform/uniform100real\45\1920.jpg,45
./balancer/uniform/uniform100real\45\2007.jpg,45
./balancer/uniform/uniform100real\45\2019.jpg,45
./balancer/uniform/uniform100real\45\2053.jpg,45
./balancer/uniform/uniform100real\45\2096.jpg,45
./balancer/uniform/uniform100real\45\2138.jpg,45
./balancer/uniform/uniform100real\45\2227.jpg,45
./balancer/uniform/uniform100real\45\2252.jpg,45
./balancer/uniform/uniform100real\45\2281.jpg,45
./balancer/uniform/uniform100real\45\2317.jpg,45
./balancer/uniform/uniform100real\45\2404.jpg,45
./balancer/uniform/uniform100real\45\2407.jpg,45
./balancer/uniform/uniform100real\45\241.jpg,45
./balancer/uniform/uniform100real\45\2435.jpg,45
./balancer/uniform/uniform100real\45\2446.jpg,45
./balancer/uniform/uniform100real\45\2493.jpg,45
./balancer/uniform/uniform100real\45\2510.JPG,45
./balancer/uniform/uniform100real\45\2524.jpg,45
./balancer/uniform/uniform100real\45\2527.jpg,45
./balancer/uniform/uniform100real\45\2544.jpg,45
./balancer/uniform/uniform100real\45\2575.jpg,45
./balancer/uniform/uniform100real\45\2636.jpg,45
./balancer/uniform/uniform100real\45\2726.jpg,45
./balancer/uniform/uniform100real\45\2780.jpg,45
./balancer/uniform/uniform100real\45\28.jpg,45
./balancer/uniform/uniform100real\45\2806.jpg,45
./balancer/uniform/uniform100real\45\2824.JPG,45
./balancer/uniform/uniform100real\45\2827.jpg,45
./balancer/uniform/uniform100real\45\2848.jpg,45
./balancer/uniform/uniform100real\45\2937.jpg,45
./balancer/uniform/uniform100real\45\3027.jpg,45
./balancer/uniform/uniform100real\45\3032.jpg,45
./balancer/uniform/uniform100real\45\3051.jpg,45
./balancer/uniform/uniform100real\45\3086.jpg,45
./balancer/uniform/uniform100real\45\3126.jpg,45
./balancer/uniform/uniform100real\45\3270.JPG,45
./balancer/uniform/uniform100real\45\329.jpg,45
./balancer/uniform/uniform100real\45\3333.jpg,45
./balancer/uniform/uniform100real\45\340.JPG,45
./balancer/uniform/uniform100real\45\3407.jpg,45
./balancer/uniform/uniform100real\45\3446.jpg,45
./balancer/uniform/uniform100real\45\353.JPG,45
./balancer/uniform/uniform100real\45\36.jpg,45
./balancer/uniform/uniform100real\45\3621.jpg,45
./balancer/uniform/uniform100real\45\3684.JPG,45
./balancer/uniform/uniform100real\45\3763.jpg,45
./balancer/uniform/uniform100real\45\3784.jpg,45
./balancer/uniform/uniform100real\45\3877.jpg,45
./balancer/uniform/uniform100real\45\3950.jpg,45
./balancer/uniform/uniform100real\45\3951.jpg,45
./balancer/uniform/uniform100real\45\40.jpg,45
./balancer/uniform/uniform100real\45\4050.jpg,45
./balancer/uniform/uniform100real\45\4060.jpg,45
./balancer/uniform/uniform100real\45\4082.jpg,45
./balancer/uniform/uniform100real\45\4083.jpg,45
./balancer/uniform/uniform100real\45\4097.JPG,45
./balancer/uniform/uniform100real\45\4142.jpg,45
./balancer/uniform/uniform100real\45\4246.JPG,45
./balancer/uniform/uniform100real\45\4399.jpg,45
./balancer/uniform/uniform100real\45\4445.jpg,45
./balancer/uniform/uniform100real\45\445.jpg,45
./balancer/uniform/uniform100real\45\4490.jpg,45
./balancer/uniform/uniform100real\45\456.jpg,45
./balancer/uniform/uniform100real\45\4572.jpg,45
./balancer/uniform/uniform100real\45\4573.jpg,45
./balancer/uniform/uniform100real\45\4649.jpg,45
./balancer/uniform/uniform100real\45\4817.jpg,45
./balancer/uniform/uniform100real\45\4900.jpg,45
./balancer/uniform/uniform100real\45\4940.jpg,45
./balancer/uniform/uniform100real\45\496.jpg,45
./balancer/uniform/uniform100real\45\4988.jpg,45
./balancer/uniform/uniform100real\45\5016.jpg,45
./balancer/uniform/uniform100real\45\5040.jpg,45
./balancer/uniform/uniform100real\45\5042.jpg,45
./balancer/uniform/uniform100real\45\5055.jpg,45
./balancer/uniform/uniform100real\45\5136.jpg,45
./balancer/uniform/uniform100real\45\5141.jpg,45
./balancer/uniform/uniform100real\45\5238.jpg,45
./balancer/uniform/uniform100real\45\5283.jpg,45
./balancer/uniform/uniform100real\45\5285.JPG,45
./balancer/uniform/uniform100real\45\5318.jpg,45
./balancer/uniform/uniform100real\45\5406.jpg,45
./balancer/uniform/uniform100real\45\5479.jpg,45
./balancer/uniform/uniform100real\45\5500.jpg,45
./balancer/uniform/uniform100real\45\5501.JPG,45
./balancer/uniform/uniform100real\45\5550.jpg,45
./balancer/uniform/uniform100real\45\5571.jpg,45
./balancer/uniform/uniform100real\45\5653.JPG,45
./balancer/uniform/uniform100real\45\5709.jpg,45
./balancer/uniform/uniform100real\45\5751.jpg,45
./balancer/uniform/uniform100real\45\5758.jpg,45
./balancer/uniform/uniform100real\45\5785.jpg,45
./balancer/uniform/uniform100real\45\5799.jpg,45
./balancer/uniform/uniform100real\45\5825.jpg,45
./balancer/uniform/uniform100real\45\5878.jpg,45
./balancer/uniform/uniform100real\45\5879.jpg,45
./balancer/uniform/uniform100real\45\5887.jpg,45
./balancer/uniform/uniform100real\45\5945.jpg,45
./balancer/uniform/uniform100real\45\6024.jpg,45
./balancer/uniform/uniform100real\45\6110.jpg,45
./balancer/uniform/uniform100real\45\6113.jpg,45
./balancer/uniform/uniform100real\45\6173.jpg,45
./balancer/uniform/uniform100real\45\620.jpg,45
./balancer/uniform/uniform100real\45\6254.jpg,45
./balancer/uniform/uniform100real\45\6263.jpg,45
./balancer/uniform/uniform100real\45\6321.jpg,45
./balancer/uniform/uniform100real\45\6371.jpg,45
./balancer/uniform/uniform100real\45\6424.jpg,45
./balancer/uniform/uniform100real\45\6430.jpg,45
./balancer/uniform/uniform100real\45\6437.jpg,45
./balancer/uniform/uniform100real\45\6458.jpg,45
./balancer/uniform/uniform100real\45\6464.jpg,45
./balancer/uniform/uniform100real\45\6470.jpg,45
./balancer/uniform/uniform100real\45\6521.jpg,45
./balancer/uniform/uniform100real\45\6570.jpg,45
./balancer/uniform/uniform100real\45\6574.jpg,45
./balancer/uniform/uniform100real\45\6695.jpg,45
./balancer/uniform/uniform100real\45\6696.jpg,45
./balancer/uniform/uniform100real\45\67.JPG,45
./balancer/uniform/uniform100real\45\6815.jpg,45
./balancer/uniform/uniform100real\45\6825.jpg,45
./balancer/uniform/uniform100real\45\6826.jpg,45
./balancer/uniform/uniform100real\45\6856.jpg,45
./balancer/uniform/uniform100real\45\6870.jpg,45
./balancer/uniform/uniform100real\45\6881.JPG,45
./balancer/uniform/uniform100real\45\6954.jpg,45
./balancer/uniform/uniform100real\45\6972.jpg,45
./balancer/uniform/uniform100real\45\699.jpg,45
./balancer/uniform/uniform100real\45\7094.jpg,45
./balancer/uniform/uniform100real\45\7149.jpg,45
./balancer/uniform/uniform100real\45\7260.jpg,45
./balancer/uniform/uniform100real\45\7306.jpg,45
./balancer/uniform/uniform100real\45\7332.jpg,45
./balancer/uniform/uniform100real\45\735.JPG,45
./balancer/uniform/uniform100real\45\7449.jpg,45
./balancer/uniform/uniform100real\45\7477.jpg,45
./balancer/uniform/uniform100real\45\750.JPG,45
./balancer/uniform/uniform100real\45\7539.jpg,45
./balancer/uniform/uniform100real\45\7575.jpg,45
./balancer/uniform/uniform100real\45\7720.jpg,45
./balancer/uniform/uniform100real\45\7729.JPG,45
./balancer/uniform/uniform100real\45\7797.jpg,45
./balancer/uniform/uniform100real\45\7919.jpg,45
./balancer/uniform/uniform100real\45\7951.jpg,45
./balancer/uniform/uniform100real\45\7976.jpg,45
./balancer/uniform/uniform100real\45\7984.jpg,45
./balancer/uniform/uniform100real\45\7990.jpg,45
./balancer/uniform/uniform100real\45\8016.JPG,45
./balancer/uniform/uniform100real\45\8040.jpg,45
./balancer/uniform/uniform100real\45\8116.jpg,45
./balancer/uniform/uniform100real\45\8169.JPG,45
./balancer/uniform/uniform100real\45\8206.jpg,45
./balancer/uniform/uniform100real\45\8227.jpg,45
./balancer/uniform/uniform100real\45\8246.jpg,45
./balancer/uniform/uniform100real\45\8248.jpg,45
./balancer/uniform/uniform100real\45\8276.jpg,45
./balancer/uniform/uniform100real\45\8289.JPG,45
./balancer/uniform/uniform100real\45\8321.jpg,45
./balancer/uniform/uniform100real\45\8362.jpg,45
./balancer/uniform/uniform100real\45\8388.JPG,45
./balancer/uniform/uniform100real\45\8410.jpg,45
./balancer/uniform/uniform100real\45\8442.jpg,45
./balancer/uniform/uniform100real\45\8449.jpg,45
./balancer/uniform/uniform100real\45\8455.jpg,45
./balancer/uniform/uniform100real\45\8498.jpg,45
./balancer/uniform/uniform100real\45\8522.jpg,45
./balancer/uniform/uniform100real\45\86.JPG,45
./balancer/uniform/uniform100real\45\8652.jpg,45
./balancer/uniform/uniform100real\45\8683.jpg,45
./balancer/uniform/uniform100real\45\8689.JPG,45
./balancer/uniform/uniform100real\45\8726.JPG,45
./balancer/uniform/uniform100real\45\8741.jpg,45
./balancer/uniform/uniform100real\45\972.jpg,45
./balancer/uniform/uniform100real\46\1012.jpg,46
./balancer/uniform/uniform100real\46\1104.jpg,46
./balancer/uniform/uniform100real\46\1112.JPG,46
./balancer/uniform/uniform100real\46\1163.jpg,46
./balancer/uniform/uniform100real\46\1168.jpg,46
./balancer/uniform/uniform100real\46\118.jpg,46
./balancer/uniform/uniform100real\46\1206.jpg,46
./balancer/uniform/uniform100real\46\1232.JPG,46
./balancer/uniform/uniform100real\46\1233.jpg,46
./balancer/uniform/uniform100real\46\1320.jpg,46
./balancer/uniform/uniform100real\46\1332.jpg,46
./balancer/uniform/uniform100real\46\1336.JPG,46
./balancer/uniform/uniform100real\46\1363.jpg,46
./balancer/uniform/uniform100real\46\1369.jpg,46
./balancer/uniform/uniform100real\46\1401.jpg,46
./balancer/uniform/uniform100real\46\1415.jpg,46
./balancer/uniform/uniform100real\46\1458.jpg,46
./balancer/uniform/uniform100real\46\1471.JPG,46
./balancer/uniform/uniform100real\46\1483.jpg,46
./balancer/uniform/uniform100real\46\1536.jpg,46
./balancer/uniform/uniform100real\46\1594.jpg,46
./balancer/uniform/uniform100real\46\1601.jpg,46
./balancer/uniform/uniform100real\46\1640.jpg,46
./balancer/uniform/uniform100real\46\1665.jpg,46
./balancer/uniform/uniform100real\46\1705.JPG,46
./balancer/uniform/uniform100real\46\1706.JPG,46
./balancer/uniform/uniform100real\46\1743.jpg,46
./balancer/uniform/uniform100real\46\1777.jpg,46
./balancer/uniform/uniform100real\46\1826.JPG,46
./balancer/uniform/uniform100real\46\1853.jpg,46
./balancer/uniform/uniform100real\46\1871.jpg,46
./balancer/uniform/uniform100real\46\1966.jpg,46
./balancer/uniform/uniform100real\46\1994.jpg,46
./balancer/uniform/uniform100real\46\1999.jpg,46
./balancer/uniform/uniform100real\46\2010.jpg,46
./balancer/uniform/uniform100real\46\2082.jpg,46
./balancer/uniform/uniform100real\46\2116.jpg,46
./balancer/uniform/uniform100real\46\2210.jpg,46
./balancer/uniform/uniform100real\46\222.JPG,46
./balancer/uniform/uniform100real\46\2233.jpg,46
./balancer/uniform/uniform100real\46\2238.jpg,46
./balancer/uniform/uniform100real\46\2241.jpg,46
./balancer/uniform/uniform100real\46\2275.jpg,46
./balancer/uniform/uniform100real\46\2341.jpg,46
./balancer/uniform/uniform100real\46\2356.jpg,46
./balancer/uniform/uniform100real\46\2361.jpg,46
./balancer/uniform/uniform100real\46\2393.jpg,46
./balancer/uniform/uniform100real\46\2399.jpg,46
./balancer/uniform/uniform100real\46\2428.jpg,46
./balancer/uniform/uniform100real\46\2432.jpg,46
./balancer/uniform/uniform100real\46\2488.jpg,46
./balancer/uniform/uniform100real\46\2542.jpg,46
./balancer/uniform/uniform100real\46\2546.jpg,46
./balancer/uniform/uniform100real\46\2551.jpg,46
./balancer/uniform/uniform100real\46\2617.jpg,46
./balancer/uniform/uniform100real\46\2621.jpg,46
./balancer/uniform/uniform100real\46\2659.jpg,46
./balancer/uniform/uniform100real\46\2662.jpg,46
./balancer/uniform/uniform100real\46\267.jpg,46
./balancer/uniform/uniform100real\46\2693.jpg,46
./balancer/uniform/uniform100real\46\2706.jpg,46
./balancer/uniform/uniform100real\46\2717.jpg,46
./balancer/uniform/uniform100real\46\2727.jpg,46
./balancer/uniform/uniform100real\46\2735.jpg,46
./balancer/uniform/uniform100real\46\2739.jpg,46
./balancer/uniform/uniform100real\46\2761.jpg,46
./balancer/uniform/uniform100real\46\2788.jpg,46
./balancer/uniform/uniform100real\46\2796.jpg,46
./balancer/uniform/uniform100real\46\2832.jpg,46
./balancer/uniform/uniform100real\46\2855.jpg,46
./balancer/uniform/uniform100real\46\2861.jpg,46
./balancer/uniform/uniform100real\46\2889.JPG,46
./balancer/uniform/uniform100real\46\2947.jpg,46
./balancer/uniform/uniform100real\46\2967.jpg,46
./balancer/uniform/uniform100real\46\3018.jpg,46
./balancer/uniform/uniform100real\46\3027.jpg,46
./balancer/uniform/uniform100real\46\3061.jpg,46
./balancer/uniform/uniform100real\46\3140.jpg,46
./balancer/uniform/uniform100real\46\3149.jpg,46
./balancer/uniform/uniform100real\46\3168.jpg,46
./balancer/uniform/uniform100real\46\3181.jpg,46
./balancer/uniform/uniform100real\46\3199.jpg,46
./balancer/uniform/uniform100real\46\3219.JPG,46
./balancer/uniform/uniform100real\46\3237.jpg,46
./balancer/uniform/uniform100real\46\3242.jpg,46
./balancer/uniform/uniform100real\46\3243.jpg,46
./balancer/uniform/uniform100real\46\333.jpg,46
./balancer/uniform/uniform100real\46\3332.jpg,46
./balancer/uniform/uniform100real\46\3335.jpg,46
./balancer/uniform/uniform100real\46\3395.jpg,46
./balancer/uniform/uniform100real\46\3410.jpg,46
./balancer/uniform/uniform100real\46\3453.jpg,46
./balancer/uniform/uniform100real\46\348.jpg,46
./balancer/uniform/uniform100real\46\3494.jpg,46
./balancer/uniform/uniform100real\46\3551.jpg,46
./balancer/uniform/uniform100real\46\3565.jpg,46
./balancer/uniform/uniform100real\46\3669.jpg,46
./balancer/uniform/uniform100real\46\3688.jpg,46
./balancer/uniform/uniform100real\46\3717.jpg,46
./balancer/uniform/uniform100real\46\3768.jpg,46
./balancer/uniform/uniform100real\46\3795.JPG,46
./balancer/uniform/uniform100real\46\3810.jpg,46
./balancer/uniform/uniform100real\46\3839.jpg,46
./balancer/uniform/uniform100real\46\3899.jpg,46
./balancer/uniform/uniform100real\46\3928.jpg,46
./balancer/uniform/uniform100real\46\3933.jpg,46
./balancer/uniform/uniform100real\46\3955.jpg,46
./balancer/uniform/uniform100real\46\3972.jpg,46
./balancer/uniform/uniform100real\46\4015.jpg,46
./balancer/uniform/uniform100real\46\4034.jpg,46
./balancer/uniform/uniform100real\46\4050.jpg,46
./balancer/uniform/uniform100real\46\4054.jpg,46
./balancer/uniform/uniform100real\46\4122.jpg,46
./balancer/uniform/uniform100real\46\4125.jpg,46
./balancer/uniform/uniform100real\46\4194.jpg,46
./balancer/uniform/uniform100real\46\4201.jpg,46
./balancer/uniform/uniform100real\46\424.jpg,46
./balancer/uniform/uniform100real\46\426.jpg,46
./balancer/uniform/uniform100real\46\4266.jpg,46
./balancer/uniform/uniform100real\46\438.JPG,46
./balancer/uniform/uniform100real\46\4381.jpg,46
./balancer/uniform/uniform100real\46\4408.jpg,46
./balancer/uniform/uniform100real\46\4433.JPG,46
./balancer/uniform/uniform100real\46\4475.jpg,46
./balancer/uniform/uniform100real\46\4545.JPG,46
./balancer/uniform/uniform100real\46\4557.jpg,46
./balancer/uniform/uniform100real\46\4609.jpg,46
./balancer/uniform/uniform100real\46\4611.jpg,46
./balancer/uniform/uniform100real\46\4616.jpg,46
./balancer/uniform/uniform100real\46\4657.jpg,46
./balancer/uniform/uniform100real\46\4827.jpg,46
./balancer/uniform/uniform100real\46\4850.jpg,46
./balancer/uniform/uniform100real\46\4855.JPG,46
./balancer/uniform/uniform100real\46\4933.JPG,46
./balancer/uniform/uniform100real\46\5.jpg,46
./balancer/uniform/uniform100real\46\5063.jpg,46
./balancer/uniform/uniform100real\46\5064.jpg,46
./balancer/uniform/uniform100real\46\5077.jpg,46
./balancer/uniform/uniform100real\46\5105.jpg,46
./balancer/uniform/uniform100real\46\5162.jpg,46
./balancer/uniform/uniform100real\46\5219.jpg,46
./balancer/uniform/uniform100real\46\5273.jpg,46
./balancer/uniform/uniform100real\46\5274.jpg,46
./balancer/uniform/uniform100real\46\5305.jpg,46
./balancer/uniform/uniform100real\46\5312.jpg,46
./balancer/uniform/uniform100real\46\5378.jpg,46
./balancer/uniform/uniform100real\46\5419.jpg,46
./balancer/uniform/uniform100real\46\5473.jpg,46
./balancer/uniform/uniform100real\46\5495.jpg,46
./balancer/uniform/uniform100real\46\5601.jpg,46
./balancer/uniform/uniform100real\46\5621.jpg,46
./balancer/uniform/uniform100real\46\5677.jpg,46
./balancer/uniform/uniform100real\46\5698.jpg,46
./balancer/uniform/uniform100real\46\576.jpg,46
./balancer/uniform/uniform100real\46\5770.jpg,46
./balancer/uniform/uniform100real\46\5790.jpg,46
./balancer/uniform/uniform100real\46\5795.jpg,46
./balancer/uniform/uniform100real\46\5841.jpg,46
./balancer/uniform/uniform100real\46\5894.JPG,46
./balancer/uniform/uniform100real\46\5934.JPG,46
./balancer/uniform/uniform100real\46\5950.jpg,46
./balancer/uniform/uniform100real\46\6044.jpg,46
./balancer/uniform/uniform100real\46\605.JPG,46
./balancer/uniform/uniform100real\46\6054.jpg,46
./balancer/uniform/uniform100real\46\6055.jpg,46
./balancer/uniform/uniform100real\46\6100.jpg,46
./balancer/uniform/uniform100real\46\6127.JPG,46
./balancer/uniform/uniform100real\46\6138.JPG,46
./balancer/uniform/uniform100real\46\6146.jpg,46
./balancer/uniform/uniform100real\46\6189.jpg,46
./balancer/uniform/uniform100real\46\6212.JPG,46
./balancer/uniform/uniform100real\46\6275.jpg,46
./balancer/uniform/uniform100real\46\6290.jpg,46
./balancer/uniform/uniform100real\46\6302.jpg,46
./balancer/uniform/uniform100real\46\6357.jpg,46
./balancer/uniform/uniform100real\46\6381.JPG,46
./balancer/uniform/uniform100real\46\6382.jpg,46
./balancer/uniform/uniform100real\46\6414.jpg,46
./balancer/uniform/uniform100real\46\6445.JPG,46
./balancer/uniform/uniform100real\46\6459.jpg,46
./balancer/uniform/uniform100real\46\6636.jpg,46
./balancer/uniform/uniform100real\46\6655.jpg,46
./balancer/uniform/uniform100real\46\6711.JPG,46
./balancer/uniform/uniform100real\46\6738.jpg,46
./balancer/uniform/uniform100real\46\6766.jpg,46
./balancer/uniform/uniform100real\46\6810.jpg,46
./balancer/uniform/uniform100real\46\682.jpg,46
./balancer/uniform/uniform100real\46\6833.jpg,46
./balancer/uniform/uniform100real\46\687.jpg,46
./balancer/uniform/uniform100real\46\6890.jpg,46
./balancer/uniform/uniform100real\46\6938.JPG,46
./balancer/uniform/uniform100real\46\694.JPG,46
./balancer/uniform/uniform100real\46\6957.jpg,46
./balancer/uniform/uniform100real\46\6971.jpg,46
./balancer/uniform/uniform100real\46\6990.jpg,46
./balancer/uniform/uniform100real\46\7096.jpg,46
./balancer/uniform/uniform100real\46\743.JPG,46
./balancer/uniform/uniform100real\46\758.jpg,46
./balancer/uniform/uniform100real\46\800.jpg,46
./balancer/uniform/uniform100real\46\803.jpg,46
./balancer/uniform/uniform100real\46\866.jpg,46
./balancer/uniform/uniform100real\46\931.jpg,46
./balancer/uniform/uniform100real\46\992.jpg,46
./balancer/uniform/uniform100real\47\1015.JPG,47
./balancer/uniform/uniform100real\47\1059.jpg,47
./balancer/uniform/uniform100real\47\1076.jpg,47
./balancer/uniform/uniform100real\47\1095.jpg,47
./balancer/uniform/uniform100real\47\1100.jpg,47
./balancer/uniform/uniform100real\47\1112.jpg,47
./balancer/uniform/uniform100real\47\1133.jpg,47
./balancer/uniform/uniform100real\47\1173.jpg,47
./balancer/uniform/uniform100real\47\1247.JPG,47
./balancer/uniform/uniform100real\47\1257.jpg,47
./balancer/uniform/uniform100real\47\13.jpg,47
./balancer/uniform/uniform100real\47\1327.jpg,47
./balancer/uniform/uniform100real\47\134.jpg,47
./balancer/uniform/uniform100real\47\1377.jpg,47
./balancer/uniform/uniform100real\47\1402.jpg,47
./balancer/uniform/uniform100real\47\1459.jpg,47
./balancer/uniform/uniform100real\47\1486.jpg,47
./balancer/uniform/uniform100real\47\1518.jpg,47
./balancer/uniform/uniform100real\47\1526.jpg,47
./balancer/uniform/uniform100real\47\1563.JPG,47
./balancer/uniform/uniform100real\47\1565.jpg,47
./balancer/uniform/uniform100real\47\1641.jpg,47
./balancer/uniform/uniform100real\47\1654.jpg,47
./balancer/uniform/uniform100real\47\1669.jpg,47
./balancer/uniform/uniform100real\47\1776.jpg,47
./balancer/uniform/uniform100real\47\1793.jpg,47
./balancer/uniform/uniform100real\47\1909.jpg,47
./balancer/uniform/uniform100real\47\1957.jpg,47
./balancer/uniform/uniform100real\47\203.jpg,47
./balancer/uniform/uniform100real\47\204.JPG,47
./balancer/uniform/uniform100real\47\2069.jpg,47
./balancer/uniform/uniform100real\47\2075.jpg,47
./balancer/uniform/uniform100real\47\2092.JPG,47
./balancer/uniform/uniform100real\47\2128.JPG,47
./balancer/uniform/uniform100real\47\2164.jpg,47
./balancer/uniform/uniform100real\47\2197.jpg,47
./balancer/uniform/uniform100real\47\225.jpg,47
./balancer/uniform/uniform100real\47\2285.jpg,47
./balancer/uniform/uniform100real\47\2347.jpg,47
./balancer/uniform/uniform100real\47\2353.jpg,47
./balancer/uniform/uniform100real\47\237.jpg,47
./balancer/uniform/uniform100real\47\2397.JPG,47
./balancer/uniform/uniform100real\47\241.jpg,47
./balancer/uniform/uniform100real\47\2496.JPG,47
./balancer/uniform/uniform100real\47\2504.jpg,47
./balancer/uniform/uniform100real\47\2553.jpg,47
./balancer/uniform/uniform100real\47\2613.jpg,47
./balancer/uniform/uniform100real\47\2625.jpg,47
./balancer/uniform/uniform100real\47\2631.jpg,47
./balancer/uniform/uniform100real\47\2645.jpg,47
./balancer/uniform/uniform100real\47\2683.jpg,47
./balancer/uniform/uniform100real\47\2745.jpg,47
./balancer/uniform/uniform100real\47\275.jpg,47
./balancer/uniform/uniform100real\47\2762.jpg,47
./balancer/uniform/uniform100real\47\2791.jpg,47
./balancer/uniform/uniform100real\47\28.jpg,47
./balancer/uniform/uniform100real\47\2831.jpg,47
./balancer/uniform/uniform100real\47\2834.jpg,47
./balancer/uniform/uniform100real\47\2850.jpg,47
./balancer/uniform/uniform100real\47\2859.jpg,47
./balancer/uniform/uniform100real\47\2863.jpg,47
./balancer/uniform/uniform100real\47\2869.jpg,47
./balancer/uniform/uniform100real\47\2893.jpg,47
./balancer/uniform/uniform100real\47\2905.jpg,47
./balancer/uniform/uniform100real\47\2923.jpg,47
./balancer/uniform/uniform100real\47\2945.jpg,47
./balancer/uniform/uniform100real\47\2947.jpg,47
./balancer/uniform/uniform100real\47\2998.jpg,47
./balancer/uniform/uniform100real\47\3006.jpg,47
./balancer/uniform/uniform100real\47\3053.jpg,47
./balancer/uniform/uniform100real\47\3065.jpg,47
./balancer/uniform/uniform100real\47\3080.jpg,47
./balancer/uniform/uniform100real\47\3087.JPG,47
./balancer/uniform/uniform100real\47\3090.jpg,47
./balancer/uniform/uniform100real\47\3107.jpg,47
./balancer/uniform/uniform100real\47\3116.jpg,47
./balancer/uniform/uniform100real\47\3132.jpg,47
./balancer/uniform/uniform100real\47\3220.JPG,47
./balancer/uniform/uniform100real\47\3296.jpg,47
./balancer/uniform/uniform100real\47\3332.jpg,47
./balancer/uniform/uniform100real\47\335.jpg,47
./balancer/uniform/uniform100real\47\3370.jpg,47
./balancer/uniform/uniform100real\47\3384.jpg,47
./balancer/uniform/uniform100real\47\3387.JPG,47
./balancer/uniform/uniform100real\47\3451.jpg,47
./balancer/uniform/uniform100real\47\352.jpg,47
./balancer/uniform/uniform100real\47\3582.JPG,47
./balancer/uniform/uniform100real\47\3586.jpg,47
./balancer/uniform/uniform100real\47\3605.jpg,47
./balancer/uniform/uniform100real\47\3617.jpg,47
./balancer/uniform/uniform100real\47\3684.jpg,47
./balancer/uniform/uniform100real\47\37.jpg,47
./balancer/uniform/uniform100real\47\3710.JPG,47
./balancer/uniform/uniform100real\47\3736.jpg,47
./balancer/uniform/uniform100real\47\376.JPG,47
./balancer/uniform/uniform100real\47\3797.jpg,47
./balancer/uniform/uniform100real\47\3809.jpg,47
./balancer/uniform/uniform100real\47\3885.JPG,47
./balancer/uniform/uniform100real\47\3904.jpg,47
./balancer/uniform/uniform100real\47\3909.jpg,47
./balancer/uniform/uniform100real\47\3925.jpg,47
./balancer/uniform/uniform100real\47\4029.JPG,47
./balancer/uniform/uniform100real\47\4052.jpg,47
./balancer/uniform/uniform100real\47\4139.jpg,47
./balancer/uniform/uniform100real\47\4159.jpg,47
./balancer/uniform/uniform100real\47\4163.jpg,47
./balancer/uniform/uniform100real\47\4174.jpg,47
./balancer/uniform/uniform100real\47\4177.jpg,47
./balancer/uniform/uniform100real\47\4186.jpg,47
./balancer/uniform/uniform100real\47\4250.jpg,47
./balancer/uniform/uniform100real\47\4269.jpg,47
./balancer/uniform/uniform100real\47\4357.jpg,47
./balancer/uniform/uniform100real\47\4369.jpg,47
./balancer/uniform/uniform100real\47\4388.jpg,47
./balancer/uniform/uniform100real\47\439.jpg,47
./balancer/uniform/uniform100real\47\4393.jpg,47
./balancer/uniform/uniform100real\47\4403.jpg,47
./balancer/uniform/uniform100real\47\4415.jpg,47
./balancer/uniform/uniform100real\47\442.jpg,47
./balancer/uniform/uniform100real\47\4456.jpg,47
./balancer/uniform/uniform100real\47\4474.jpg,47
./balancer/uniform/uniform100real\47\4510.jpg,47
./balancer/uniform/uniform100real\47\4697.jpg,47
./balancer/uniform/uniform100real\47\4726.jpg,47
./balancer/uniform/uniform100real\47\475.jpg,47
./balancer/uniform/uniform100real\47\4763.jpg,47
./balancer/uniform/uniform100real\47\4770.jpg,47
./balancer/uniform/uniform100real\47\4777.jpg,47
./balancer/uniform/uniform100real\47\4824.JPG,47
./balancer/uniform/uniform100real\47\4878.jpg,47
./balancer/uniform/uniform100real\47\4887.jpg,47
./balancer/uniform/uniform100real\47\4907.jpg,47
./balancer/uniform/uniform100real\47\4985.jpg,47
./balancer/uniform/uniform100real\47\5009.JPG,47
./balancer/uniform/uniform100real\47\5036.jpg,47
./balancer/uniform/uniform100real\47\5064.jpg,47
./balancer/uniform/uniform100real\47\507.jpg,47
./balancer/uniform/uniform100real\47\5123.jpg,47
./balancer/uniform/uniform100real\47\5216.jpg,47
./balancer/uniform/uniform100real\47\524.jpg,47
./balancer/uniform/uniform100real\47\5241.jpg,47
./balancer/uniform/uniform100real\47\5261.jpg,47
./balancer/uniform/uniform100real\47\5280.jpg,47
./balancer/uniform/uniform100real\47\5330.jpg,47
./balancer/uniform/uniform100real\47\5340.JPG,47
./balancer/uniform/uniform100real\47\5383.jpg,47
./balancer/uniform/uniform100real\47\5490.jpg,47
./balancer/uniform/uniform100real\47\5501.jpg,47
./balancer/uniform/uniform100real\47\5508.jpg,47
./balancer/uniform/uniform100real\47\5528.jpg,47
./balancer/uniform/uniform100real\47\5547.jpg,47
./balancer/uniform/uniform100real\47\556.JPG,47
./balancer/uniform/uniform100real\47\5564.JPG,47
./balancer/uniform/uniform100real\47\5627.jpg,47
./balancer/uniform/uniform100real\47\5629.jpg,47
./balancer/uniform/uniform100real\47\5652.jpg,47
./balancer/uniform/uniform100real\47\5710.jpg,47
./balancer/uniform/uniform100real\47\5712.jpg,47
./balancer/uniform/uniform100real\47\5745.jpg,47
./balancer/uniform/uniform100real\47\5765.JPG,47
./balancer/uniform/uniform100real\47\5822.jpg,47
./balancer/uniform/uniform100real\47\5854.JPG,47
./balancer/uniform/uniform100real\47\5859.jpg,47
./balancer/uniform/uniform100real\47\5927.jpg,47
./balancer/uniform/uniform100real\47\5928.jpg,47
./balancer/uniform/uniform100real\47\5929.jpg,47
./balancer/uniform/uniform100real\47\5937.JPG,47
./balancer/uniform/uniform100real\47\5964.JPG,47
./balancer/uniform/uniform100real\47\5992.jpg,47
./balancer/uniform/uniform100real\47\5998.jpg,47
./balancer/uniform/uniform100real\47\6029.jpg,47
./balancer/uniform/uniform100real\47\6059.jpg,47
./balancer/uniform/uniform100real\47\6074.jpg,47
./balancer/uniform/uniform100real\47\6112.jpg,47
./balancer/uniform/uniform100real\47\6115.JPG,47
./balancer/uniform/uniform100real\47\6129.jpg,47
./balancer/uniform/uniform100real\47\6146.jpg,47
./balancer/uniform/uniform100real\47\6153.jpg,47
./balancer/uniform/uniform100real\47\6154.jpg,47
./balancer/uniform/uniform100real\47\6243.jpg,47
./balancer/uniform/uniform100real\47\6353.jpg,47
./balancer/uniform/uniform100real\47\6395.jpg,47
./balancer/uniform/uniform100real\47\6577.jpg,47
./balancer/uniform/uniform100real\47\6689.jpg,47
./balancer/uniform/uniform100real\47\6763.jpg,47
./balancer/uniform/uniform100real\47\6790.jpg,47
./balancer/uniform/uniform100real\47\6843.jpg,47
./balancer/uniform/uniform100real\47\6844.jpg,47
./balancer/uniform/uniform100real\47\6866.jpg,47
./balancer/uniform/uniform100real\47\6871.jpg,47
./balancer/uniform/uniform100real\47\6880.jpg,47
./balancer/uniform/uniform100real\47\6891.jpg,47
./balancer/uniform/uniform100real\47\6898.jpg,47
./balancer/uniform/uniform100real\47\6926.jpg,47
./balancer/uniform/uniform100real\47\6954.jpg,47
./balancer/uniform/uniform100real\47\6978.jpg,47
./balancer/uniform/uniform100real\47\73.jpg,47
./balancer/uniform/uniform100real\47\735.jpg,47
./balancer/uniform/uniform100real\47\741.jpg,47
./balancer/uniform/uniform100real\47\755.jpg,47
./balancer/uniform/uniform100real\47\909.jpg,47
./balancer/uniform/uniform100real\47\940.JPG,47
./balancer/uniform/uniform100real\47\963.jpg,47
./balancer/uniform/uniform100real\48\105.jpg,48
./balancer/uniform/uniform100real\48\1050.jpg,48
./balancer/uniform/uniform100real\48\1066.jpg,48
./balancer/uniform/uniform100real\48\1070.jpg,48
./balancer/uniform/uniform100real\48\1083.jpg,48
./balancer/uniform/uniform100real\48\1153.JPG,48
./balancer/uniform/uniform100real\48\1172.jpg,48
./balancer/uniform/uniform100real\48\1200.jpg,48
./balancer/uniform/uniform100real\48\1238.jpg,48
./balancer/uniform/uniform100real\48\1317.jpg,48
./balancer/uniform/uniform100real\48\1366.JPG,48
./balancer/uniform/uniform100real\48\1383.jpg,48
./balancer/uniform/uniform100real\48\1397.jpg,48
./balancer/uniform/uniform100real\48\1400.jpg,48
./balancer/uniform/uniform100real\48\1429.jpg,48
./balancer/uniform/uniform100real\48\1474.jpg,48
./balancer/uniform/uniform100real\48\1512.jpg,48
./balancer/uniform/uniform100real\48\1525.jpg,48
./balancer/uniform/uniform100real\48\1547.jpg,48
./balancer/uniform/uniform100real\48\1551.JPG,48
./balancer/uniform/uniform100real\48\1591.jpg,48
./balancer/uniform/uniform100real\48\1622.jpg,48
./balancer/uniform/uniform100real\48\1635.jpg,48
./balancer/uniform/uniform100real\48\1682.jpg,48
./balancer/uniform/uniform100real\48\1683.jpg,48
./balancer/uniform/uniform100real\48\17.JPG,48
./balancer/uniform/uniform100real\48\1738.jpg,48
./balancer/uniform/uniform100real\48\1760.jpg,48
./balancer/uniform/uniform100real\48\1763.jpg,48
./balancer/uniform/uniform100real\48\1787.jpg,48
./balancer/uniform/uniform100real\48\1821.jpg,48
./balancer/uniform/uniform100real\48\1874.jpg,48
./balancer/uniform/uniform100real\48\1882.jpg,48
./balancer/uniform/uniform100real\48\1930.jpg,48
./balancer/uniform/uniform100real\48\1933.jpg,48
./balancer/uniform/uniform100real\48\1959.jpg,48
./balancer/uniform/uniform100real\48\1984.JPG,48
./balancer/uniform/uniform100real\48\2017.jpg,48
./balancer/uniform/uniform100real\48\2061.jpg,48
./balancer/uniform/uniform100real\48\2073.jpg,48
./balancer/uniform/uniform100real\48\211.jpg,48
./balancer/uniform/uniform100real\48\2114.jpg,48
./balancer/uniform/uniform100real\48\2127.jpg,48
./balancer/uniform/uniform100real\48\2145.jpg,48
./balancer/uniform/uniform100real\48\2170.jpg,48
./balancer/uniform/uniform100real\48\2184.jpg,48
./balancer/uniform/uniform100real\48\2212.jpg,48
./balancer/uniform/uniform100real\48\2264.jpg,48
./balancer/uniform/uniform100real\48\2266.jpg,48
./balancer/uniform/uniform100real\48\2337.jpg,48
./balancer/uniform/uniform100real\48\2373.JPG,48
./balancer/uniform/uniform100real\48\2456.jpg,48
./balancer/uniform/uniform100real\48\2457.jpg,48
./balancer/uniform/uniform100real\48\2476.jpg,48
./balancer/uniform/uniform100real\48\2481.jpg,48
./balancer/uniform/uniform100real\48\2500.JPG,48
./balancer/uniform/uniform100real\48\2540.jpg,48
./balancer/uniform/uniform100real\48\2552.jpg,48
./balancer/uniform/uniform100real\48\2588.jpg,48
./balancer/uniform/uniform100real\48\2613.jpg,48
./balancer/uniform/uniform100real\48\2620.JPG,48
./balancer/uniform/uniform100real\48\2680.jpg,48
./balancer/uniform/uniform100real\48\2686.jpg,48
./balancer/uniform/uniform100real\48\2712.jpg,48
./balancer/uniform/uniform100real\48\2746.jpg,48
./balancer/uniform/uniform100real\48\2751.jpg,48
./balancer/uniform/uniform100real\48\2753.jpg,48
./balancer/uniform/uniform100real\48\2754.jpg,48
./balancer/uniform/uniform100real\48\2778.jpg,48
./balancer/uniform/uniform100real\48\2787.jpg,48
./balancer/uniform/uniform100real\48\2807.jpg,48
./balancer/uniform/uniform100real\48\2827.JPG,48
./balancer/uniform/uniform100real\48\2846.jpg,48
./balancer/uniform/uniform100real\48\2874.jpg,48
./balancer/uniform/uniform100real\48\2907.jpg,48
./balancer/uniform/uniform100real\48\3043.jpg,48
./balancer/uniform/uniform100real\48\317.jpg,48
./balancer/uniform/uniform100real\48\3296.jpg,48
./balancer/uniform/uniform100real\48\3314.jpg,48
./balancer/uniform/uniform100real\48\332.jpg,48
./balancer/uniform/uniform100real\48\3326.jpg,48
./balancer/uniform/uniform100real\48\337.jpg,48
./balancer/uniform/uniform100real\48\3418.JPG,48
./balancer/uniform/uniform100real\48\3451.jpg,48
./balancer/uniform/uniform100real\48\3476.jpg,48
./balancer/uniform/uniform100real\48\3498.jpg,48
./balancer/uniform/uniform100real\48\3509.JPG,48
./balancer/uniform/uniform100real\48\3531.jpg,48
./balancer/uniform/uniform100real\48\3539.jpg,48
./balancer/uniform/uniform100real\48\3579.jpg,48
./balancer/uniform/uniform100real\48\3592.jpg,48
./balancer/uniform/uniform100real\48\3616.jpg,48
./balancer/uniform/uniform100real\48\3633.jpg,48
./balancer/uniform/uniform100real\48\364.jpg,48
./balancer/uniform/uniform100real\48\3646.jpg,48
./balancer/uniform/uniform100real\48\368.jpg,48
./balancer/uniform/uniform100real\48\369.jpg,48
./balancer/uniform/uniform100real\48\3704.jpg,48
./balancer/uniform/uniform100real\48\3755.jpg,48
./balancer/uniform/uniform100real\48\3756.jpg,48
./balancer/uniform/uniform100real\48\3757.jpg,48
./balancer/uniform/uniform100real\48\3779.jpg,48
./balancer/uniform/uniform100real\48\38.jpg,48
./balancer/uniform/uniform100real\48\3805.JPG,48
./balancer/uniform/uniform100real\48\3860.jpg,48
./balancer/uniform/uniform100real\48\3867.jpg,48
./balancer/uniform/uniform100real\48\388.jpg,48
./balancer/uniform/uniform100real\48\3901.jpg,48
./balancer/uniform/uniform100real\48\3968.jpg,48
./balancer/uniform/uniform100real\48\403.jpg,48
./balancer/uniform/uniform100real\48\4105.jpg,48
./balancer/uniform/uniform100real\48\4179.jpg,48
./balancer/uniform/uniform100real\48\4231.jpg,48
./balancer/uniform/uniform100real\48\4281.jpg,48
./balancer/uniform/uniform100real\48\4321.jpg,48
./balancer/uniform/uniform100real\48\4342.JPG,48
./balancer/uniform/uniform100real\48\4369.jpg,48
./balancer/uniform/uniform100real\48\4415.jpg,48
./balancer/uniform/uniform100real\48\4436.jpg,48
./balancer/uniform/uniform100real\48\4452.jpg,48
./balancer/uniform/uniform100real\48\4544.jpg,48
./balancer/uniform/uniform100real\48\4568.jpg,48
./balancer/uniform/uniform100real\48\4573.jpg,48
./balancer/uniform/uniform100real\48\4579.jpg,48
./balancer/uniform/uniform100real\48\4584.JPG,48
./balancer/uniform/uniform100real\48\4636.jpg,48
./balancer/uniform/uniform100real\48\466.jpg,48
./balancer/uniform/uniform100real\48\4668.jpg,48
./balancer/uniform/uniform100real\48\4673.jpg,48
./balancer/uniform/uniform100real\48\4717.jpg,48
./balancer/uniform/uniform100real\48\4768.jpg,48
./balancer/uniform/uniform100real\48\4787.jpg,48
./balancer/uniform/uniform100real\48\4816.jpg,48
./balancer/uniform/uniform100real\48\4830.jpg,48
./balancer/uniform/uniform100real\48\4875.jpg,48
./balancer/uniform/uniform100real\48\4894.jpg,48
./balancer/uniform/uniform100real\48\4919.JPG,48
./balancer/uniform/uniform100real\48\4980.jpg,48
./balancer/uniform/uniform100real\48\4989.jpg,48
./balancer/uniform/uniform100real\48\5028.jpg,48
./balancer/uniform/uniform100real\48\5032.jpg,48
./balancer/uniform/uniform100real\48\5033.jpg,48
./balancer/uniform/uniform100real\48\5043.jpg,48
./balancer/uniform/uniform100real\48\5058.jpg,48
./balancer/uniform/uniform100real\48\5063.jpg,48
./balancer/uniform/uniform100real\48\5098.jpg,48
./balancer/uniform/uniform100real\48\5109.jpg,48
./balancer/uniform/uniform100real\48\5131.jpg,48
./balancer/uniform/uniform100real\48\5137.jpg,48
./balancer/uniform/uniform100real\48\5202.jpg,48
./balancer/uniform/uniform100real\48\522.jpg,48
./balancer/uniform/uniform100real\48\5227.jpg,48
./balancer/uniform/uniform100real\48\5250.jpg,48
./balancer/uniform/uniform100real\48\5251.jpg,48
./balancer/uniform/uniform100real\48\5266.jpg,48
./balancer/uniform/uniform100real\48\529.jpg,48
./balancer/uniform/uniform100real\48\5301.jpg,48
./balancer/uniform/uniform100real\48\5354.JPG,48
./balancer/uniform/uniform100real\48\5394.jpg,48
./balancer/uniform/uniform100real\48\5410.jpg,48
./balancer/uniform/uniform100real\48\5435.jpg,48
./balancer/uniform/uniform100real\48\5448.jpg,48
./balancer/uniform/uniform100real\48\5466.jpg,48
./balancer/uniform/uniform100real\48\5527.jpg,48
./balancer/uniform/uniform100real\48\5532.jpg,48
./balancer/uniform/uniform100real\48\5564.jpg,48
./balancer/uniform/uniform100real\48\5567.jpg,48
./balancer/uniform/uniform100real\48\5588.jpg,48
./balancer/uniform/uniform100real\48\5593.jpg,48
./balancer/uniform/uniform100real\48\5603.jpg,48
./balancer/uniform/uniform100real\48\5664.jpg,48
./balancer/uniform/uniform100real\48\5682.JPG,48
./balancer/uniform/uniform100real\48\5695.jpg,48
./balancer/uniform/uniform100real\48\5737.jpg,48
./balancer/uniform/uniform100real\48\5751.jpg,48
./balancer/uniform/uniform100real\48\5825.jpg,48
./balancer/uniform/uniform100real\48\5829.jpg,48
./balancer/uniform/uniform100real\48\584.jpg,48
./balancer/uniform/uniform100real\48\5865.jpg,48
./balancer/uniform/uniform100real\48\5895.jpg,48
./balancer/uniform/uniform100real\48\5948.jpg,48
./balancer/uniform/uniform100real\48\5984.jpg,48
./balancer/uniform/uniform100real\48\5986.jpg,48
./balancer/uniform/uniform100real\48\6087.jpg,48
./balancer/uniform/uniform100real\48\6092.jpg,48
./balancer/uniform/uniform100real\48\6156.jpg,48
./balancer/uniform/uniform100real\48\6181.jpg,48
./balancer/uniform/uniform100real\48\6212.jpg,48
./balancer/uniform/uniform100real\48\6224.jpg,48
./balancer/uniform/uniform100real\48\6255.jpg,48
./balancer/uniform/uniform100real\48\6257.jpg,48
./balancer/uniform/uniform100real\48\6263.jpg,48
./balancer/uniform/uniform100real\48\6321.jpg,48
./balancer/uniform/uniform100real\48\635.jpg,48
./balancer/uniform/uniform100real\48\673.JPG,48
./balancer/uniform/uniform100real\48\707.jpg,48
./balancer/uniform/uniform100real\48\782.jpg,48
./balancer/uniform/uniform100real\48\878.jpg,48
./balancer/uniform/uniform100real\48\92.jpg,48
./balancer/uniform/uniform100real\48\932.jpg,48
./balancer/uniform/uniform100real\48\939.jpg,48
./balancer/uniform/uniform100real\48\947.jpg,48
./balancer/uniform/uniform100real\48\982.jpg,48
./balancer/uniform/uniform100real\49\1009.jpg,49
./balancer/uniform/uniform100real\49\105.JPG,49
./balancer/uniform/uniform100real\49\1059.jpg,49
./balancer/uniform/uniform100real\49\1065.jpg,49
./balancer/uniform/uniform100real\49\1071.jpg,49
./balancer/uniform/uniform100real\49\1090.jpg,49
./balancer/uniform/uniform100real\49\1129.jpg,49
./balancer/uniform/uniform100real\49\115.jpg,49
./balancer/uniform/uniform100real\49\1168.jpg,49
./balancer/uniform/uniform100real\49\1172.jpg,49
./balancer/uniform/uniform100real\49\1173.jpg,49
./balancer/uniform/uniform100real\49\1220.jpg,49
./balancer/uniform/uniform100real\49\123.jpg,49
./balancer/uniform/uniform100real\49\1287.jpg,49
./balancer/uniform/uniform100real\49\1291.JPG,49
./balancer/uniform/uniform100real\49\1295.jpg,49
./balancer/uniform/uniform100real\49\13.jpg,49
./balancer/uniform/uniform100real\49\1304.jpg,49
./balancer/uniform/uniform100real\49\1316.jpg,49
./balancer/uniform/uniform100real\49\1350.jpg,49
./balancer/uniform/uniform100real\49\1359.jpg,49
./balancer/uniform/uniform100real\49\1395.jpg,49
./balancer/uniform/uniform100real\49\1459.jpg,49
./balancer/uniform/uniform100real\49\1473.jpg,49
./balancer/uniform/uniform100real\49\1479.jpg,49
./balancer/uniform/uniform100real\49\1556.jpg,49
./balancer/uniform/uniform100real\49\1587.jpg,49
./balancer/uniform/uniform100real\49\1673.JPG,49
./balancer/uniform/uniform100real\49\1678.JPG,49
./balancer/uniform/uniform100real\49\1709.jpg,49
./balancer/uniform/uniform100real\49\1749.JPG,49
./balancer/uniform/uniform100real\49\176.jpg,49
./balancer/uniform/uniform100real\49\1858.jpg,49
./balancer/uniform/uniform100real\49\1871.jpg,49
./balancer/uniform/uniform100real\49\1881.JPG,49
./balancer/uniform/uniform100real\49\1913.jpg,49
./balancer/uniform/uniform100real\49\1920.jpg,49
./balancer/uniform/uniform100real\49\1936.jpg,49
./balancer/uniform/uniform100real\49\1991.jpg,49
./balancer/uniform/uniform100real\49\1996.jpg,49
./balancer/uniform/uniform100real\49\2015.jpg,49
./balancer/uniform/uniform100real\49\2018.jpg,49
./balancer/uniform/uniform100real\49\2057.jpg,49
./balancer/uniform/uniform100real\49\2106.jpg,49
./balancer/uniform/uniform100real\49\2216.jpg,49
./balancer/uniform/uniform100real\49\223.jpg,49
./balancer/uniform/uniform100real\49\2274.jpg,49
./balancer/uniform/uniform100real\49\2281.jpg,49
./balancer/uniform/uniform100real\49\2283.jpg,49
./balancer/uniform/uniform100real\49\2298.jpg,49
./balancer/uniform/uniform100real\49\2319.jpg,49
./balancer/uniform/uniform100real\49\2322.jpg,49
./balancer/uniform/uniform100real\49\2324.jpg,49
./balancer/uniform/uniform100real\49\2352.jpg,49
./balancer/uniform/uniform100real\49\2406.jpg,49
./balancer/uniform/uniform100real\49\2447.jpg,49
./balancer/uniform/uniform100real\49\2454.jpg,49
./balancer/uniform/uniform100real\49\2459.jpg,49
./balancer/uniform/uniform100real\49\2466.jpg,49
./balancer/uniform/uniform100real\49\2478.jpg,49
./balancer/uniform/uniform100real\49\249.jpg,49
./balancer/uniform/uniform100real\49\2493.JPG,49
./balancer/uniform/uniform100real\49\2613.jpg,49
./balancer/uniform/uniform100real\49\2685.jpg,49
./balancer/uniform/uniform100real\49\2713.jpg,49
./balancer/uniform/uniform100real\49\2748.jpg,49
./balancer/uniform/uniform100real\49\2821.jpg,49
./balancer/uniform/uniform100real\49\2824.jpg,49
./balancer/uniform/uniform100real\49\2825.jpg,49
./balancer/uniform/uniform100real\49\2843.jpg,49
./balancer/uniform/uniform100real\49\2867.jpg,49
./balancer/uniform/uniform100real\49\2870.jpg,49
./balancer/uniform/uniform100real\49\3008.jpg,49
./balancer/uniform/uniform100real\49\3018.jpg,49
./balancer/uniform/uniform100real\49\3074.jpg,49
./balancer/uniform/uniform100real\49\3158.jpg,49
./balancer/uniform/uniform100real\49\3169.jpg,49
./balancer/uniform/uniform100real\49\3174.jpg,49
./balancer/uniform/uniform100real\49\3230.jpg,49
./balancer/uniform/uniform100real\49\3258.jpg,49
./balancer/uniform/uniform100real\49\3306.jpg,49
./balancer/uniform/uniform100real\49\3335.jpg,49
./balancer/uniform/uniform100real\49\3342.JPG,49
./balancer/uniform/uniform100real\49\3378.jpg,49
./balancer/uniform/uniform100real\49\3385.jpg,49
./balancer/uniform/uniform100real\49\3397.jpg,49
./balancer/uniform/uniform100real\49\3433.jpg,49
./balancer/uniform/uniform100real\49\3438.jpg,49
./balancer/uniform/uniform100real\49\3448.jpg,49
./balancer/uniform/uniform100real\49\3473.JPG,49
./balancer/uniform/uniform100real\49\3476.jpg,49
./balancer/uniform/uniform100real\49\3483.jpg,49
./balancer/uniform/uniform100real\49\3506.jpg,49
./balancer/uniform/uniform100real\49\3639.jpg,49
./balancer/uniform/uniform100real\49\365.jpg,49
./balancer/uniform/uniform100real\49\3658.JPG,49
./balancer/uniform/uniform100real\49\3660.jpg,49
./balancer/uniform/uniform100real\49\3713.jpg,49
./balancer/uniform/uniform100real\49\3718.jpg,49
./balancer/uniform/uniform100real\49\3764.jpg,49
./balancer/uniform/uniform100real\49\3835.jpg,49
./balancer/uniform/uniform100real\49\3847.jpg,49
./balancer/uniform/uniform100real\49\3850.jpg,49
./balancer/uniform/uniform100real\49\3877.jpg,49
./balancer/uniform/uniform100real\49\3926.jpg,49
./balancer/uniform/uniform100real\49\3945.jpg,49
./balancer/uniform/uniform100real\49\3948.jpg,49
./balancer/uniform/uniform100real\49\396.JPG,49
./balancer/uniform/uniform100real\49\3996.JPG,49
./balancer/uniform/uniform100real\49\4029.jpg,49
./balancer/uniform/uniform100real\49\404.JPG,49
./balancer/uniform/uniform100real\49\4046.jpg,49
./balancer/uniform/uniform100real\49\4051.jpg,49
./balancer/uniform/uniform100real\49\4057.JPG,49
./balancer/uniform/uniform100real\49\4136.jpg,49
./balancer/uniform/uniform100real\49\4172.jpg,49
./balancer/uniform/uniform100real\49\4183.jpg,49
./balancer/uniform/uniform100real\49\4262.jpg,49
./balancer/uniform/uniform100real\49\4288.jpg,49
./balancer/uniform/uniform100real\49\4315.jpg,49
./balancer/uniform/uniform100real\49\4336.jpg,49
./balancer/uniform/uniform100real\49\4347.jpg,49
./balancer/uniform/uniform100real\49\4348.jpg,49
./balancer/uniform/uniform100real\49\4354.jpg,49
./balancer/uniform/uniform100real\49\4386.JPG,49
./balancer/uniform/uniform100real\49\4400.jpg,49
./balancer/uniform/uniform100real\49\4420.jpg,49
./balancer/uniform/uniform100real\49\4443.jpg,49
./balancer/uniform/uniform100real\49\4453.jpg,49
./balancer/uniform/uniform100real\49\4468.jpg,49
./balancer/uniform/uniform100real\49\4489.jpg,49
./balancer/uniform/uniform100real\49\4490.jpg,49
./balancer/uniform/uniform100real\49\4500.jpg,49
./balancer/uniform/uniform100real\49\457.jpg,49
./balancer/uniform/uniform100real\49\4591.jpg,49
./balancer/uniform/uniform100real\49\4601.JPG,49
./balancer/uniform/uniform100real\49\4625.jpg,49
./balancer/uniform/uniform100real\49\4653.jpg,49
./balancer/uniform/uniform100real\49\4660.jpg,49
./balancer/uniform/uniform100real\49\4662.jpg,49
./balancer/uniform/uniform100real\49\4665.jpg,49
./balancer/uniform/uniform100real\49\4678.jpg,49
./balancer/uniform/uniform100real\49\469.jpg,49
./balancer/uniform/uniform100real\49\4754.jpg,49
./balancer/uniform/uniform100real\49\477.jpg,49
./balancer/uniform/uniform100real\49\4784.jpg,49
./balancer/uniform/uniform100real\49\4800.jpg,49
./balancer/uniform/uniform100real\49\4836.jpg,49
./balancer/uniform/uniform100real\49\4852.jpg,49
./balancer/uniform/uniform100real\49\486.jpg,49
./balancer/uniform/uniform100real\49\4872.jpg,49
./balancer/uniform/uniform100real\49\492.JPG,49
./balancer/uniform/uniform100real\49\4938.JPG,49
./balancer/uniform/uniform100real\49\497.jpg,49
./balancer/uniform/uniform100real\49\4982.jpg,49
./balancer/uniform/uniform100real\49\5079.jpg,49
./balancer/uniform/uniform100real\49\5084.jpg,49
./balancer/uniform/uniform100real\49\51.jpg,49
./balancer/uniform/uniform100real\49\5100.jpg,49
./balancer/uniform/uniform100real\49\5138.JPG,49
./balancer/uniform/uniform100real\49\5148.jpg,49
./balancer/uniform/uniform100real\49\519.jpg,49
./balancer/uniform/uniform100real\49\5190.jpg,49
./balancer/uniform/uniform100real\49\5259.jpg,49
./balancer/uniform/uniform100real\49\527.jpg,49
./balancer/uniform/uniform100real\49\53.jpg,49
./balancer/uniform/uniform100real\49\5370.jpg,49
./balancer/uniform/uniform100real\49\5388.jpg,49
./balancer/uniform/uniform100real\49\541.jpg,49
./balancer/uniform/uniform100real\49\5422.jpg,49
./balancer/uniform/uniform100real\49\5434.jpg,49
./balancer/uniform/uniform100real\49\5478.jpg,49
./balancer/uniform/uniform100real\49\5483.jpg,49
./balancer/uniform/uniform100real\49\5512.jpg,49
./balancer/uniform/uniform100real\49\552.jpg,49
./balancer/uniform/uniform100real\49\5577.jpg,49
./balancer/uniform/uniform100real\49\5584.jpg,49
./balancer/uniform/uniform100real\49\5587.jpg,49
./balancer/uniform/uniform100real\49\5599.jpg,49
./balancer/uniform/uniform100real\49\5615.jpg,49
./balancer/uniform/uniform100real\49\5622.jpg,49
./balancer/uniform/uniform100real\49\5660.jpg,49
./balancer/uniform/uniform100real\49\5678.jpg,49
./balancer/uniform/uniform100real\49\5746.JPG,49
./balancer/uniform/uniform100real\49\5767.jpg,49
./balancer/uniform/uniform100real\49\5771.jpg,49
./balancer/uniform/uniform100real\49\592.JPG,49
./balancer/uniform/uniform100real\49\637.jpg,49
./balancer/uniform/uniform100real\49\659.jpg,49
./balancer/uniform/uniform100real\49\695.jpg,49
./balancer/uniform/uniform100real\49\711.jpg,49
./balancer/uniform/uniform100real\49\733.jpg,49
./balancer/uniform/uniform100real\49\808.jpg,49
./balancer/uniform/uniform100real\49\835.JPG,49
./balancer/uniform/uniform100real\49\853.jpg,49
./balancer/uniform/uniform100real\49\863.jpg,49
./balancer/uniform/uniform100real\49\882.jpg,49
./balancer/uniform/uniform100real\49\901.jpg,49
./balancer/uniform/uniform100real\49\91.jpg,49
./balancer/uniform/uniform100real\49\960.jpg,49
./balancer/uniform/uniform100real\49\964.jpg,49
./balancer/uniform/uniform100real\49\969.jpg,49
./balancer/uniform/uniform100real\49\994.jpg,49
./balancer/uniform/uniform100real\5\0.jpg,5
./balancer/uniform/uniform100real\5\10.jpg,5
./balancer/uniform/uniform100real\5\100.jpg,5
./balancer/uniform/uniform100real\5\104.JPG,5
./balancer/uniform/uniform100real\5\105.jpg,5
./balancer/uniform/uniform100real\5\107.JPG,5
./balancer/uniform/uniform100real\5\109.jpg,5
./balancer/uniform/uniform100real\5\11.jpg,5
./balancer/uniform/uniform100real\5\110.jpg,5
./balancer/uniform/uniform100real\5\111.jpg,5
./balancer/uniform/uniform100real\5\112.JPG,5
./balancer/uniform/uniform100real\5\113.jpg,5
./balancer/uniform/uniform100real\5\114.jpg,5
./balancer/uniform/uniform100real\5\115.JPG,5
./balancer/uniform/uniform100real\5\116.jpg,5
./balancer/uniform/uniform100real\5\117.jpg,5
./balancer/uniform/uniform100real\5\119.JPG,5
./balancer/uniform/uniform100real\5\12.jpg,5
./balancer/uniform/uniform100real\5\120.JPG,5
./balancer/uniform/uniform100real\5\122.JPG,5
./balancer/uniform/uniform100real\5\123.jpg,5
./balancer/uniform/uniform100real\5\124.JPG,5
./balancer/uniform/uniform100real\5\125.jpg,5
./balancer/uniform/uniform100real\5\126.jpg,5
./balancer/uniform/uniform100real\5\128.JPG,5
./balancer/uniform/uniform100real\5\130.jpg,5
./balancer/uniform/uniform100real\5\133.JPG,5
./balancer/uniform/uniform100real\5\134.jpg,5
./balancer/uniform/uniform100real\5\135.jpg,5
./balancer/uniform/uniform100real\5\137.jpg,5
./balancer/uniform/uniform100real\5\138.jpg,5
./balancer/uniform/uniform100real\5\139.jpg,5
./balancer/uniform/uniform100real\5\140.jpg,5
./balancer/uniform/uniform100real\5\142.jpg,5
./balancer/uniform/uniform100real\5\144.jpg,5
./balancer/uniform/uniform100real\5\145.jpg,5
./balancer/uniform/uniform100real\5\146.jpg,5
./balancer/uniform/uniform100real\5\147.jpg,5
./balancer/uniform/uniform100real\5\149.jpg,5
./balancer/uniform/uniform100real\5\15.jpg,5
./balancer/uniform/uniform100real\5\150.jpg,5
./balancer/uniform/uniform100real\5\151.jpg,5
./balancer/uniform/uniform100real\5\152.jpg,5
./balancer/uniform/uniform100real\5\154.JPG,5
./balancer/uniform/uniform100real\5\155.jpg,5
./balancer/uniform/uniform100real\5\156.JPG,5
./balancer/uniform/uniform100real\5\159.JPG,5
./balancer/uniform/uniform100real\5\16.jpg,5
./balancer/uniform/uniform100real\5\160.jpg,5
./balancer/uniform/uniform100real\5\161.jpg,5
./balancer/uniform/uniform100real\5\162.jpg,5
./balancer/uniform/uniform100real\5\163.jpg,5
./balancer/uniform/uniform100real\5\165.jpg,5
./balancer/uniform/uniform100real\5\167.JPG,5
./balancer/uniform/uniform100real\5\168.jpg,5
./balancer/uniform/uniform100real\5\17.jpg,5
./balancer/uniform/uniform100real\5\170.jpg,5
./balancer/uniform/uniform100real\5\173.jpg,5
./balancer/uniform/uniform100real\5\174.jpg,5
./balancer/uniform/uniform100real\5\177.jpg,5
./balancer/uniform/uniform100real\5\178.jpg,5
./balancer/uniform/uniform100real\5\18.jpg,5
./balancer/uniform/uniform100real\5\180.jpg,5
./balancer/uniform/uniform100real\5\181.jpg,5
./balancer/uniform/uniform100real\5\183.JPG,5
./balancer/uniform/uniform100real\5\185.jpg,5
./balancer/uniform/uniform100real\5\186.JPG,5
./balancer/uniform/uniform100real\5\187.jpg,5
./balancer/uniform/uniform100real\5\188.jpg,5
./balancer/uniform/uniform100real\5\19.JPG,5
./balancer/uniform/uniform100real\5\190.jpg,5
./balancer/uniform/uniform100real\5\191.jpg,5
./balancer/uniform/uniform100real\5\192.jpg,5
./balancer/uniform/uniform100real\5\195.jpg,5
./balancer/uniform/uniform100real\5\196.jpg,5
./balancer/uniform/uniform100real\5\197.jpg,5
./balancer/uniform/uniform100real\5\198.jpg,5
./balancer/uniform/uniform100real\5\199.JPG,5
./balancer/uniform/uniform100real\5\2.jpg,5
./balancer/uniform/uniform100real\5\200.jpg,5
./balancer/uniform/uniform100real\5\202.jpg,5
./balancer/uniform/uniform100real\5\203.jpg,5
./balancer/uniform/uniform100real\5\204.jpg,5
./balancer/uniform/uniform100real\5\205.jpg,5
./balancer/uniform/uniform100real\5\206.jpg,5
./balancer/uniform/uniform100real\5\210.jpg,5
./balancer/uniform/uniform100real\5\211.jpg,5
./balancer/uniform/uniform100real\5\212.JPG,5
./balancer/uniform/uniform100real\5\213.jpg,5
./balancer/uniform/uniform100real\5\215.jpg,5
./balancer/uniform/uniform100real\5\216.jpg,5
./balancer/uniform/uniform100real\5\219.jpg,5
./balancer/uniform/uniform100real\5\22.jpg,5
./balancer/uniform/uniform100real\5\220.jpg,5
./balancer/uniform/uniform100real\5\221.jpg,5
./balancer/uniform/uniform100real\5\222.jpg,5
./balancer/uniform/uniform100real\5\224.jpg,5
./balancer/uniform/uniform100real\5\225.jpg,5
./balancer/uniform/uniform100real\5\226.jpg,5
./balancer/uniform/uniform100real\5\227.jpg,5
./balancer/uniform/uniform100real\5\229.jpg,5
./balancer/uniform/uniform100real\5\23.jpg,5
./balancer/uniform/uniform100real\5\230.jpg,5
./balancer/uniform/uniform100real\5\231.JPG,5
./balancer/uniform/uniform100real\5\232.jpg,5
./balancer/uniform/uniform100real\5\233.jpg,5
./balancer/uniform/uniform100real\5\234.jpg,5
./balancer/uniform/uniform100real\5\235.jpg,5
./balancer/uniform/uniform100real\5\237.JPG,5
./balancer/uniform/uniform100real\5\238.jpg,5
./balancer/uniform/uniform100real\5\239.jpg,5
./balancer/uniform/uniform100real\5\240.jpg,5
./balancer/uniform/uniform100real\5\241.jpg,5
./balancer/uniform/uniform100real\5\242.jpg,5
./balancer/uniform/uniform100real\5\243.jpg,5
./balancer/uniform/uniform100real\5\244.jpg,5
./balancer/uniform/uniform100real\5\245.jpg,5
./balancer/uniform/uniform100real\5\246.jpg,5
./balancer/uniform/uniform100real\5\247.jpg,5
./balancer/uniform/uniform100real\5\248.jpg,5
./balancer/uniform/uniform100real\5\249.jpg,5
./balancer/uniform/uniform100real\5\25.jpg,5
./balancer/uniform/uniform100real\5\250.jpg,5
./balancer/uniform/uniform100real\5\252.jpg,5
./balancer/uniform/uniform100real\5\253.jpg,5
./balancer/uniform/uniform100real\5\255.jpg,5
./balancer/uniform/uniform100real\5\256.jpg,5
./balancer/uniform/uniform100real\5\257.jpg,5
./balancer/uniform/uniform100real\5\258.jpg,5
./balancer/uniform/uniform100real\5\259.jpg,5
./balancer/uniform/uniform100real\5\26.jpg,5
./balancer/uniform/uniform100real\5\260.jpg,5
./balancer/uniform/uniform100real\5\261.JPG,5
./balancer/uniform/uniform100real\5\262.jpg,5
./balancer/uniform/uniform100real\5\263.jpg,5
./balancer/uniform/uniform100real\5\264.jpg,5
./balancer/uniform/uniform100real\5\266.jpg,5
./balancer/uniform/uniform100real\5\269.jpg,5
./balancer/uniform/uniform100real\5\27.jpg,5
./balancer/uniform/uniform100real\5\270.jpg,5
./balancer/uniform/uniform100real\5\271.jpg,5
./balancer/uniform/uniform100real\5\272.jpg,5
./balancer/uniform/uniform100real\5\273.JPG,5
./balancer/uniform/uniform100real\5\275.jpg,5
./balancer/uniform/uniform100real\5\276.jpg,5
./balancer/uniform/uniform100real\5\277.jpg,5
./balancer/uniform/uniform100real\5\282.jpg,5
./balancer/uniform/uniform100real\5\283.jpg,5
./balancer/uniform/uniform100real\5\284.jpg,5
./balancer/uniform/uniform100real\5\285.jpg,5
./balancer/uniform/uniform100real\5\286.jpg,5
./balancer/uniform/uniform100real\5\30.jpg,5
./balancer/uniform/uniform100real\5\31.jpg,5
./balancer/uniform/uniform100real\5\32.jpg,5
./balancer/uniform/uniform100real\5\33.JPG,5
./balancer/uniform/uniform100real\5\34.jpg,5
./balancer/uniform/uniform100real\5\37.jpg,5
./balancer/uniform/uniform100real\5\38.jpg,5
./balancer/uniform/uniform100real\5\39.jpg,5
./balancer/uniform/uniform100real\5\4.jpg,5
./balancer/uniform/uniform100real\5\41.jpg,5
./balancer/uniform/uniform100real\5\42.jpg,5
./balancer/uniform/uniform100real\5\43.jpg,5
./balancer/uniform/uniform100real\5\46.jpg,5
./balancer/uniform/uniform100real\5\48.jpg,5
./balancer/uniform/uniform100real\5\49.jpg,5
./balancer/uniform/uniform100real\5\50.jpg,5
./balancer/uniform/uniform100real\5\51.jpg,5
./balancer/uniform/uniform100real\5\52.JPG,5
./balancer/uniform/uniform100real\5\53.jpg,5
./balancer/uniform/uniform100real\5\54.jpg,5
./balancer/uniform/uniform100real\5\55.jpg,5
./balancer/uniform/uniform100real\5\56.jpg,5
./balancer/uniform/uniform100real\5\58.jpg,5
./balancer/uniform/uniform100real\5\6.jpg,5
./balancer/uniform/uniform100real\5\60.jpg,5
./balancer/uniform/uniform100real\5\61.jpg,5
./balancer/uniform/uniform100real\5\62.JPG,5
./balancer/uniform/uniform100real\5\63.jpg,5
./balancer/uniform/uniform100real\5\64.jpg,5
./balancer/uniform/uniform100real\5\70.jpg,5
./balancer/uniform/uniform100real\5\72.jpg,5
./balancer/uniform/uniform100real\5\75.jpg,5
./balancer/uniform/uniform100real\5\76.jpg,5
./balancer/uniform/uniform100real\5\77.jpg,5
./balancer/uniform/uniform100real\5\78.jpg,5
./balancer/uniform/uniform100real\5\8.jpg,5
./balancer/uniform/uniform100real\5\80.jpg,5
./balancer/uniform/uniform100real\5\81.jpg,5
./balancer/uniform/uniform100real\5\82.jpg,5
./balancer/uniform/uniform100real\5\83.jpg,5
./balancer/uniform/uniform100real\5\85.jpg,5
./balancer/uniform/uniform100real\5\86.jpg,5
./balancer/uniform/uniform100real\5\87.jpg,5
./balancer/uniform/uniform100real\5\88.jpg,5
./balancer/uniform/uniform100real\5\9.jpg,5
./balancer/uniform/uniform100real\5\90.jpg,5
./balancer/uniform/uniform100real\5\91.jpg,5
./balancer/uniform/uniform100real\5\93.jpg,5
./balancer/uniform/uniform100real\5\94.jpg,5
./balancer/uniform/uniform100real\5\95.jpg,5
./balancer/uniform/uniform100real\5\98.jpg,5
./balancer/uniform/uniform100real\50\1033.jpg,50
./balancer/uniform/uniform100real\50\1085.jpg,50
./balancer/uniform/uniform100real\50\1092.jpg,50
./balancer/uniform/uniform100real\50\1098.jpg,50
./balancer/uniform/uniform100real\50\1131.jpg,50
./balancer/uniform/uniform100real\50\1144.jpg,50
./balancer/uniform/uniform100real\50\1177.jpg,50
./balancer/uniform/uniform100real\50\1187.JPG,50
./balancer/uniform/uniform100real\50\120.jpg,50
./balancer/uniform/uniform100real\50\1240.jpg,50
./balancer/uniform/uniform100real\50\1249.jpg,50
./balancer/uniform/uniform100real\50\125.jpg,50
./balancer/uniform/uniform100real\50\1274.jpg,50
./balancer/uniform/uniform100real\50\1358.jpg,50
./balancer/uniform/uniform100real\50\1375.jpg,50
./balancer/uniform/uniform100real\50\141.jpg,50
./balancer/uniform/uniform100real\50\1413.jpg,50
./balancer/uniform/uniform100real\50\1431.jpg,50
./balancer/uniform/uniform100real\50\1445.JPG,50
./balancer/uniform/uniform100real\50\147.jpg,50
./balancer/uniform/uniform100real\50\1512.JPG,50
./balancer/uniform/uniform100real\50\1528.JPG,50
./balancer/uniform/uniform100real\50\1549.jpg,50
./balancer/uniform/uniform100real\50\1566.jpg,50
./balancer/uniform/uniform100real\50\1618.jpg,50
./balancer/uniform/uniform100real\50\1654.jpg,50
./balancer/uniform/uniform100real\50\167.jpg,50
./balancer/uniform/uniform100real\50\1686.jpg,50
./balancer/uniform/uniform100real\50\1745.JPG,50
./balancer/uniform/uniform100real\50\1750.jpg,50
./balancer/uniform/uniform100real\50\1765.jpg,50
./balancer/uniform/uniform100real\50\1819.jpg,50
./balancer/uniform/uniform100real\50\1840.jpg,50
./balancer/uniform/uniform100real\50\1892.jpg,50
./balancer/uniform/uniform100real\50\1922.jpg,50
./balancer/uniform/uniform100real\50\1959.jpg,50
./balancer/uniform/uniform100real\50\2002.jpg,50
./balancer/uniform/uniform100real\50\2053.JPG,50
./balancer/uniform/uniform100real\50\2134.jpg,50
./balancer/uniform/uniform100real\50\215.JPG,50
./balancer/uniform/uniform100real\50\2164.jpg,50
./balancer/uniform/uniform100real\50\2167.jpg,50
./balancer/uniform/uniform100real\50\2169.jpg,50
./balancer/uniform/uniform100real\50\2192.jpg,50
./balancer/uniform/uniform100real\50\2214.JPG,50
./balancer/uniform/uniform100real\50\2228.jpg,50
./balancer/uniform/uniform100real\50\2297.JPG,50
./balancer/uniform/uniform100real\50\2298.jpg,50
./balancer/uniform/uniform100real\50\2316.jpg,50
./balancer/uniform/uniform100real\50\2351.jpg,50
./balancer/uniform/uniform100real\50\2365.jpg,50
./balancer/uniform/uniform100real\50\2381.jpg,50
./balancer/uniform/uniform100real\50\2471.jpg,50
./balancer/uniform/uniform100real\50\2496.jpg,50
./balancer/uniform/uniform100real\50\2524.jpg,50
./balancer/uniform/uniform100real\50\2542.JPG,50
./balancer/uniform/uniform100real\50\2568.JPG,50
./balancer/uniform/uniform100real\50\2584.jpg,50
./balancer/uniform/uniform100real\50\2678.jpg,50
./balancer/uniform/uniform100real\50\2713.jpg,50
./balancer/uniform/uniform100real\50\272.jpg,50
./balancer/uniform/uniform100real\50\2727.jpg,50
./balancer/uniform/uniform100real\50\2754.jpg,50
./balancer/uniform/uniform100real\50\2793.jpg,50
./balancer/uniform/uniform100real\50\2823.jpg,50
./balancer/uniform/uniform100real\50\2870.jpg,50
./balancer/uniform/uniform100real\50\2900.JPG,50
./balancer/uniform/uniform100real\50\2917.JPG,50
./balancer/uniform/uniform100real\50\2942.jpg,50
./balancer/uniform/uniform100real\50\2956.jpg,50
./balancer/uniform/uniform100real\50\2983.jpg,50
./balancer/uniform/uniform100real\50\30.jpg,50
./balancer/uniform/uniform100real\50\3059.jpg,50
./balancer/uniform/uniform100real\50\3070.jpg,50
./balancer/uniform/uniform100real\50\3087.jpg,50
./balancer/uniform/uniform100real\50\3105.jpg,50
./balancer/uniform/uniform100real\50\3114.jpg,50
./balancer/uniform/uniform100real\50\312.jpg,50
./balancer/uniform/uniform100real\50\3140.jpg,50
./balancer/uniform/uniform100real\50\3159.jpg,50
./balancer/uniform/uniform100real\50\317.jpg,50
./balancer/uniform/uniform100real\50\3174.JPG,50
./balancer/uniform/uniform100real\50\3175.jpg,50
./balancer/uniform/uniform100real\50\3176.JPG,50
./balancer/uniform/uniform100real\50\3181.jpg,50
./balancer/uniform/uniform100real\50\3282.jpg,50
./balancer/uniform/uniform100real\50\3302.jpg,50
./balancer/uniform/uniform100real\50\336.jpg,50
./balancer/uniform/uniform100real\50\340.jpg,50
./balancer/uniform/uniform100real\50\3425.jpg,50
./balancer/uniform/uniform100real\50\3426.jpg,50
./balancer/uniform/uniform100real\50\3534.jpg,50
./balancer/uniform/uniform100real\50\3541.jpg,50
./balancer/uniform/uniform100real\50\3550.jpg,50
./balancer/uniform/uniform100real\50\3564.jpg,50
./balancer/uniform/uniform100real\50\359.jpg,50
./balancer/uniform/uniform100real\50\3614.JPG,50
./balancer/uniform/uniform100real\50\3635.jpg,50
./balancer/uniform/uniform100real\50\3649.jpg,50
./balancer/uniform/uniform100real\50\3674.jpg,50
./balancer/uniform/uniform100real\50\3710.jpg,50
./balancer/uniform/uniform100real\50\3721.jpg,50
./balancer/uniform/uniform100real\50\3750.jpg,50
./balancer/uniform/uniform100real\50\3778.jpg,50
./balancer/uniform/uniform100real\50\3786.jpg,50
./balancer/uniform/uniform100real\50\3789.JPG,50
./balancer/uniform/uniform100real\50\3795.jpg,50
./balancer/uniform/uniform100real\50\3807.jpg,50
./balancer/uniform/uniform100real\50\3839.jpg,50
./balancer/uniform/uniform100real\50\3864.jpg,50
./balancer/uniform/uniform100real\50\3869.jpg,50
./balancer/uniform/uniform100real\50\3898.jpg,50
./balancer/uniform/uniform100real\50\3915.jpg,50
./balancer/uniform/uniform100real\50\393.jpg,50
./balancer/uniform/uniform100real\50\4022.jpg,50
./balancer/uniform/uniform100real\50\4037.jpg,50
./balancer/uniform/uniform100real\50\4040.jpg,50
./balancer/uniform/uniform100real\50\4059.jpg,50
./balancer/uniform/uniform100real\50\407.jpg,50
./balancer/uniform/uniform100real\50\4105.jpg,50
./balancer/uniform/uniform100real\50\413.jpg,50
./balancer/uniform/uniform100real\50\417.jpg,50
./balancer/uniform/uniform100real\50\4182.jpg,50
./balancer/uniform/uniform100real\50\4196.jpg,50
./balancer/uniform/uniform100real\50\420.jpg,50
./balancer/uniform/uniform100real\50\4201.jpg,50
./balancer/uniform/uniform100real\50\4228.jpg,50
./balancer/uniform/uniform100real\50\4237.jpg,50
./balancer/uniform/uniform100real\50\4247.jpg,50
./balancer/uniform/uniform100real\50\4302.jpg,50
./balancer/uniform/uniform100real\50\4329.jpg,50
./balancer/uniform/uniform100real\50\4397.jpg,50
./balancer/uniform/uniform100real\50\4419.jpg,50
./balancer/uniform/uniform100real\50\4455.jpg,50
./balancer/uniform/uniform100real\50\4471.jpg,50
./balancer/uniform/uniform100real\50\4488.jpg,50
./balancer/uniform/uniform100real\50\4497.JPG,50
./balancer/uniform/uniform100real\50\4537.jpg,50
./balancer/uniform/uniform100real\50\4550.jpg,50
./balancer/uniform/uniform100real\50\4564.jpg,50
./balancer/uniform/uniform100real\50\459.jpg,50
./balancer/uniform/uniform100real\50\4594.jpg,50
./balancer/uniform/uniform100real\50\4630.jpg,50
./balancer/uniform/uniform100real\50\4633.jpg,50
./balancer/uniform/uniform100real\50\4647.jpg,50
./balancer/uniform/uniform100real\50\470.jpg,50
./balancer/uniform/uniform100real\50\4713.jpg,50
./balancer/uniform/uniform100real\50\4716.jpg,50
./balancer/uniform/uniform100real\50\4719.jpg,50
./balancer/uniform/uniform100real\50\4729.jpg,50
./balancer/uniform/uniform100real\50\4731.jpg,50
./balancer/uniform/uniform100real\50\4733.jpg,50
./balancer/uniform/uniform100real\50\4778.jpg,50
./balancer/uniform/uniform100real\50\4823.jpg,50
./balancer/uniform/uniform100real\50\4830.jpg,50
./balancer/uniform/uniform100real\50\4862.jpg,50
./balancer/uniform/uniform100real\50\4889.jpg,50
./balancer/uniform/uniform100real\50\4950.jpg,50
./balancer/uniform/uniform100real\50\5014.jpg,50
./balancer/uniform/uniform100real\50\5028.jpg,50
./balancer/uniform/uniform100real\50\5040.JPG,50
./balancer/uniform/uniform100real\50\5103.jpg,50
./balancer/uniform/uniform100real\50\513.JPG,50
./balancer/uniform/uniform100real\50\5134.jpg,50
./balancer/uniform/uniform100real\50\5141.jpg,50
./balancer/uniform/uniform100real\50\5203.jpg,50
./balancer/uniform/uniform100real\50\5238.jpg,50
./balancer/uniform/uniform100real\50\5268.jpg,50
./balancer/uniform/uniform100real\50\5269.jpg,50
./balancer/uniform/uniform100real\50\528.jpg,50
./balancer/uniform/uniform100real\50\5306.jpg,50
./balancer/uniform/uniform100real\50\5325.jpg,50
./balancer/uniform/uniform100real\50\5336.jpg,50
./balancer/uniform/uniform100real\50\5359.jpg,50
./balancer/uniform/uniform100real\50\5411.jpg,50
./balancer/uniform/uniform100real\50\5433.jpg,50
./balancer/uniform/uniform100real\50\5453.jpg,50
./balancer/uniform/uniform100real\50\5505.jpg,50
./balancer/uniform/uniform100real\50\5515.jpg,50
./balancer/uniform/uniform100real\50\5576.jpg,50
./balancer/uniform/uniform100real\50\5606.jpg,50
./balancer/uniform/uniform100real\50\5631.jpg,50
./balancer/uniform/uniform100real\50\5664.jpg,50
./balancer/uniform/uniform100real\50\5672.jpg,50
./balancer/uniform/uniform100real\50\61.jpg,50
./balancer/uniform/uniform100real\50\669.jpg,50
./balancer/uniform/uniform100real\50\71.jpg,50
./balancer/uniform/uniform100real\50\737.jpg,50
./balancer/uniform/uniform100real\50\758.jpg,50
./balancer/uniform/uniform100real\50\780.jpg,50
./balancer/uniform/uniform100real\50\802.jpg,50
./balancer/uniform/uniform100real\50\837.jpg,50
./balancer/uniform/uniform100real\50\871.jpg,50
./balancer/uniform/uniform100real\50\879.JPG,50
./balancer/uniform/uniform100real\50\907.jpg,50
./balancer/uniform/uniform100real\50\935.jpg,50
./balancer/uniform/uniform100real\50\937.jpg,50
./balancer/uniform/uniform100real\50\946.jpg,50
./balancer/uniform/uniform100real\50\962.jpg,50
./balancer/uniform/uniform100real\50\963.jpg,50
./balancer/uniform/uniform100real\50\966.jpg,50
./balancer/uniform/uniform100real\50\97.jpg,50
./balancer/uniform/uniform100real\50\993.jpg,50
./balancer/uniform/uniform100real\51\1064.jpg,51
./balancer/uniform/uniform100real\51\1065.jpg,51
./balancer/uniform/uniform100real\51\1081.jpg,51
./balancer/uniform/uniform100real\51\1106.JPG,51
./balancer/uniform/uniform100real\51\1116.jpg,51
./balancer/uniform/uniform100real\51\1131.jpg,51
./balancer/uniform/uniform100real\51\1146.jpg,51
./balancer/uniform/uniform100real\51\1162.jpg,51
./balancer/uniform/uniform100real\51\1171.jpg,51
./balancer/uniform/uniform100real\51\118.jpg,51
./balancer/uniform/uniform100real\51\1194.jpg,51
./balancer/uniform/uniform100real\51\1195.jpg,51
./balancer/uniform/uniform100real\51\120.JPG,51
./balancer/uniform/uniform100real\51\1222.jpg,51
./balancer/uniform/uniform100real\51\123.jpg,51
./balancer/uniform/uniform100real\51\1265.jpg,51
./balancer/uniform/uniform100real\51\1271.jpg,51
./balancer/uniform/uniform100real\51\1296.jpg,51
./balancer/uniform/uniform100real\51\1325.jpg,51
./balancer/uniform/uniform100real\51\1327.jpg,51
./balancer/uniform/uniform100real\51\1350.jpg,51
./balancer/uniform/uniform100real\51\1358.jpg,51
./balancer/uniform/uniform100real\51\1364.JPG,51
./balancer/uniform/uniform100real\51\1378.jpg,51
./balancer/uniform/uniform100real\51\1393.jpg,51
./balancer/uniform/uniform100real\51\1413.jpg,51
./balancer/uniform/uniform100real\51\149.jpg,51
./balancer/uniform/uniform100real\51\1562.JPG,51
./balancer/uniform/uniform100real\51\161.jpg,51
./balancer/uniform/uniform100real\51\1633.JPG,51
./balancer/uniform/uniform100real\51\1646.jpg,51
./balancer/uniform/uniform100real\51\1693.jpg,51
./balancer/uniform/uniform100real\51\1704.jpg,51
./balancer/uniform/uniform100real\51\1730.jpg,51
./balancer/uniform/uniform100real\51\1746.JPG,51
./balancer/uniform/uniform100real\51\1763.jpg,51
./balancer/uniform/uniform100real\51\178.jpg,51
./balancer/uniform/uniform100real\51\1802.jpg,51
./balancer/uniform/uniform100real\51\1810.jpg,51
./balancer/uniform/uniform100real\51\1842.jpg,51
./balancer/uniform/uniform100real\51\1858.jpg,51
./balancer/uniform/uniform100real\51\1872.jpg,51
./balancer/uniform/uniform100real\51\1947.jpg,51
./balancer/uniform/uniform100real\51\1953.jpg,51
./balancer/uniform/uniform100real\51\1968.jpg,51
./balancer/uniform/uniform100real\51\1976.jpg,51
./balancer/uniform/uniform100real\51\2021.jpg,51
./balancer/uniform/uniform100real\51\2026.JPG,51
./balancer/uniform/uniform100real\51\205.jpg,51
./balancer/uniform/uniform100real\51\2050.jpg,51
./balancer/uniform/uniform100real\51\2057.jpg,51
./balancer/uniform/uniform100real\51\2102.JPG,51
./balancer/uniform/uniform100real\51\2120.jpg,51
./balancer/uniform/uniform100real\51\2126.jpg,51
./balancer/uniform/uniform100real\51\2128.jpg,51
./balancer/uniform/uniform100real\51\2129.jpg,51
./balancer/uniform/uniform100real\51\2149.JPG,51
./balancer/uniform/uniform100real\51\215.jpg,51
./balancer/uniform/uniform100real\51\219.JPG,51
./balancer/uniform/uniform100real\51\2242.jpg,51
./balancer/uniform/uniform100real\51\2249.jpg,51
./balancer/uniform/uniform100real\51\2262.jpg,51
./balancer/uniform/uniform100real\51\2280.jpg,51
./balancer/uniform/uniform100real\51\23.jpg,51
./balancer/uniform/uniform100real\51\2303.jpg,51
./balancer/uniform/uniform100real\51\2316.jpg,51
./balancer/uniform/uniform100real\51\2337.jpg,51
./balancer/uniform/uniform100real\51\2360.jpg,51
./balancer/uniform/uniform100real\51\2366.jpg,51
./balancer/uniform/uniform100real\51\2378.jpg,51
./balancer/uniform/uniform100real\51\2387.jpg,51
./balancer/uniform/uniform100real\51\24.jpg,51
./balancer/uniform/uniform100real\51\2425.jpg,51
./balancer/uniform/uniform100real\51\2430.jpg,51
./balancer/uniform/uniform100real\51\2492.jpg,51
./balancer/uniform/uniform100real\51\2522.jpg,51
./balancer/uniform/uniform100real\51\2542.jpg,51
./balancer/uniform/uniform100real\51\2614.jpg,51
./balancer/uniform/uniform100real\51\2629.jpg,51
./balancer/uniform/uniform100real\51\2642.jpg,51
./balancer/uniform/uniform100real\51\2659.jpg,51
./balancer/uniform/uniform100real\51\2706.jpg,51
./balancer/uniform/uniform100real\51\2735.jpg,51
./balancer/uniform/uniform100real\51\2758.jpg,51
./balancer/uniform/uniform100real\51\28.jpg,51
./balancer/uniform/uniform100real\51\2800.jpg,51
./balancer/uniform/uniform100real\51\2852.jpg,51
./balancer/uniform/uniform100real\51\286.jpg,51
./balancer/uniform/uniform100real\51\287.jpg,51
./balancer/uniform/uniform100real\51\2882.jpg,51
./balancer/uniform/uniform100real\51\2905.jpg,51
./balancer/uniform/uniform100real\51\294.jpg,51
./balancer/uniform/uniform100real\51\3007.jpg,51
./balancer/uniform/uniform100real\51\3027.jpg,51
./balancer/uniform/uniform100real\51\3036.jpg,51
./balancer/uniform/uniform100real\51\3038.jpg,51
./balancer/uniform/uniform100real\51\3048.jpg,51
./balancer/uniform/uniform100real\51\3052.jpg,51
./balancer/uniform/uniform100real\51\311.jpg,51
./balancer/uniform/uniform100real\51\3115.jpg,51
./balancer/uniform/uniform100real\51\3125.jpg,51
./balancer/uniform/uniform100real\51\3144.jpg,51
./balancer/uniform/uniform100real\51\3170.JPG,51
./balancer/uniform/uniform100real\51\32.jpg,51
./balancer/uniform/uniform100real\51\3216.jpg,51
./balancer/uniform/uniform100real\51\3226.JPG,51
./balancer/uniform/uniform100real\51\3242.jpg,51
./balancer/uniform/uniform100real\51\3256.jpg,51
./balancer/uniform/uniform100real\51\3293.jpg,51
./balancer/uniform/uniform100real\51\3335.jpg,51
./balancer/uniform/uniform100real\51\3342.jpg,51
./balancer/uniform/uniform100real\51\3400.jpg,51
./balancer/uniform/uniform100real\51\3405.jpg,51
./balancer/uniform/uniform100real\51\3449.jpg,51
./balancer/uniform/uniform100real\51\3508.jpg,51
./balancer/uniform/uniform100real\51\3516.jpg,51
./balancer/uniform/uniform100real\51\3544.JPG,51
./balancer/uniform/uniform100real\51\3592.jpg,51
./balancer/uniform/uniform100real\51\3614.jpg,51
./balancer/uniform/uniform100real\51\3620.jpg,51
./balancer/uniform/uniform100real\51\3641.jpg,51
./balancer/uniform/uniform100real\51\3644.jpg,51
./balancer/uniform/uniform100real\51\3656.JPG,51
./balancer/uniform/uniform100real\51\3675.jpg,51
./balancer/uniform/uniform100real\51\3752.jpg,51
./balancer/uniform/uniform100real\51\3763.jpg,51
./balancer/uniform/uniform100real\51\3788.jpg,51
./balancer/uniform/uniform100real\51\3805.jpg,51
./balancer/uniform/uniform100real\51\3820.jpg,51
./balancer/uniform/uniform100real\51\3883.jpg,51
./balancer/uniform/uniform100real\51\389.jpg,51
./balancer/uniform/uniform100real\51\3948.jpg,51
./balancer/uniform/uniform100real\51\4011.jpg,51
./balancer/uniform/uniform100real\51\4013.jpg,51
./balancer/uniform/uniform100real\51\4072.jpg,51
./balancer/uniform/uniform100real\51\4120.jpg,51
./balancer/uniform/uniform100real\51\4167.jpg,51
./balancer/uniform/uniform100real\51\4201.JPG,51
./balancer/uniform/uniform100real\51\4230.jpg,51
./balancer/uniform/uniform100real\51\4240.jpg,51
./balancer/uniform/uniform100real\51\4241.jpg,51
./balancer/uniform/uniform100real\51\4257.JPG,51
./balancer/uniform/uniform100real\51\4268.jpg,51
./balancer/uniform/uniform100real\51\4286.JPG,51
./balancer/uniform/uniform100real\51\4294.jpg,51
./balancer/uniform/uniform100real\51\4298.jpg,51
./balancer/uniform/uniform100real\51\4304.JPG,51
./balancer/uniform/uniform100real\51\4352.jpg,51
./balancer/uniform/uniform100real\51\4364.jpg,51
./balancer/uniform/uniform100real\51\4365.jpg,51
./balancer/uniform/uniform100real\51\4379.jpg,51
./balancer/uniform/uniform100real\51\4392.jpg,51
./balancer/uniform/uniform100real\51\4412.jpg,51
./balancer/uniform/uniform100real\51\4441.jpg,51
./balancer/uniform/uniform100real\51\4442.jpg,51
./balancer/uniform/uniform100real\51\4472.jpg,51
./balancer/uniform/uniform100real\51\4476.jpg,51
./balancer/uniform/uniform100real\51\450.jpg,51
./balancer/uniform/uniform100real\51\4530.jpg,51
./balancer/uniform/uniform100real\51\4547.jpg,51
./balancer/uniform/uniform100real\51\455.jpg,51
./balancer/uniform/uniform100real\51\4596.jpg,51
./balancer/uniform/uniform100real\51\4604.jpg,51
./balancer/uniform/uniform100real\51\4605.JPG,51
./balancer/uniform/uniform100real\51\4612.jpg,51
./balancer/uniform/uniform100real\51\4616.JPG,51
./balancer/uniform/uniform100real\51\4618.jpg,51
./balancer/uniform/uniform100real\51\467.JPG,51
./balancer/uniform/uniform100real\51\4690.jpg,51
./balancer/uniform/uniform100real\51\4709.jpg,51
./balancer/uniform/uniform100real\51\4720.jpg,51
./balancer/uniform/uniform100real\51\4735.jpg,51
./balancer/uniform/uniform100real\51\476.jpg,51
./balancer/uniform/uniform100real\51\4824.jpg,51
./balancer/uniform/uniform100real\51\4860.jpg,51
./balancer/uniform/uniform100real\51\4874.jpg,51
./balancer/uniform/uniform100real\51\4887.jpg,51
./balancer/uniform/uniform100real\51\4950.JPG,51
./balancer/uniform/uniform100real\51\4961.JPG,51
./balancer/uniform/uniform100real\51\4973.jpg,51
./balancer/uniform/uniform100real\51\4978.jpg,51
./balancer/uniform/uniform100real\51\5022.JPG,51
./balancer/uniform/uniform100real\51\5029.jpg,51
./balancer/uniform/uniform100real\51\5031.jpg,51
./balancer/uniform/uniform100real\51\513.JPG,51
./balancer/uniform/uniform100real\51\514.jpg,51
./balancer/uniform/uniform100real\51\533.jpg,51
./balancer/uniform/uniform100real\51\559.JPG,51
./balancer/uniform/uniform100real\51\562.jpg,51
./balancer/uniform/uniform100real\51\600.jpg,51
./balancer/uniform/uniform100real\51\604.jpg,51
./balancer/uniform/uniform100real\51\613.JPG,51
./balancer/uniform/uniform100real\51\65.jpg,51
./balancer/uniform/uniform100real\51\67.jpg,51
./balancer/uniform/uniform100real\51\703.jpg,51
./balancer/uniform/uniform100real\51\760.jpg,51
./balancer/uniform/uniform100real\51\78.jpg,51
./balancer/uniform/uniform100real\51\802.jpg,51
./balancer/uniform/uniform100real\51\870.jpg,51
./balancer/uniform/uniform100real\51\871.jpg,51
./balancer/uniform/uniform100real\51\883.jpg,51
./balancer/uniform/uniform100real\51\94.jpg,51
./balancer/uniform/uniform100real\51\987.jpg,51
./balancer/uniform/uniform100real\52\1002.jpg,52
./balancer/uniform/uniform100real\52\1048.jpg,52
./balancer/uniform/uniform100real\52\1062.jpg,52
./balancer/uniform/uniform100real\52\1065.jpg,52
./balancer/uniform/uniform100real\52\1090.jpg,52
./balancer/uniform/uniform100real\52\1101.jpg,52
./balancer/uniform/uniform100real\52\1135.jpg,52
./balancer/uniform/uniform100real\52\1153.jpg,52
./balancer/uniform/uniform100real\52\1164.jpg,52
./balancer/uniform/uniform100real\52\1193.jpg,52
./balancer/uniform/uniform100real\52\1194.JPG,52
./balancer/uniform/uniform100real\52\12.jpg,52
./balancer/uniform/uniform100real\52\1205.jpg,52
./balancer/uniform/uniform100real\52\1206.jpg,52
./balancer/uniform/uniform100real\52\121.jpg,52
./balancer/uniform/uniform100real\52\1211.jpg,52
./balancer/uniform/uniform100real\52\1212.jpg,52
./balancer/uniform/uniform100real\52\1213.jpg,52
./balancer/uniform/uniform100real\52\1222.jpg,52
./balancer/uniform/uniform100real\52\1230.jpg,52
./balancer/uniform/uniform100real\52\1342.jpg,52
./balancer/uniform/uniform100real\52\1386.jpg,52
./balancer/uniform/uniform100real\52\1390.jpg,52
./balancer/uniform/uniform100real\52\1395.jpg,52
./balancer/uniform/uniform100real\52\1423.jpg,52
./balancer/uniform/uniform100real\52\1474.jpg,52
./balancer/uniform/uniform100real\52\15.jpg,52
./balancer/uniform/uniform100real\52\1519.jpg,52
./balancer/uniform/uniform100real\52\1531.jpg,52
./balancer/uniform/uniform100real\52\156.jpg,52
./balancer/uniform/uniform100real\52\1590.jpg,52
./balancer/uniform/uniform100real\52\1609.jpg,52
./balancer/uniform/uniform100real\52\1646.jpg,52
./balancer/uniform/uniform100real\52\1653.jpg,52
./balancer/uniform/uniform100real\52\1721.jpg,52
./balancer/uniform/uniform100real\52\1733.jpg,52
./balancer/uniform/uniform100real\52\1745.jpg,52
./balancer/uniform/uniform100real\52\1750.jpg,52
./balancer/uniform/uniform100real\52\1756.jpg,52
./balancer/uniform/uniform100real\52\1761.jpg,52
./balancer/uniform/uniform100real\52\1783.jpg,52
./balancer/uniform/uniform100real\52\1803.jpg,52
./balancer/uniform/uniform100real\52\1831.jpg,52
./balancer/uniform/uniform100real\52\184.jpg,52
./balancer/uniform/uniform100real\52\1850.jpg,52
./balancer/uniform/uniform100real\52\1940.jpg,52
./balancer/uniform/uniform100real\52\1949.jpg,52
./balancer/uniform/uniform100real\52\1961.jpg,52
./balancer/uniform/uniform100real\52\1977.jpg,52
./balancer/uniform/uniform100real\52\1979.jpg,52
./balancer/uniform/uniform100real\52\2003.jpg,52
./balancer/uniform/uniform100real\52\2023.jpg,52
./balancer/uniform/uniform100real\52\2068.jpg,52
./balancer/uniform/uniform100real\52\2080.jpg,52
./balancer/uniform/uniform100real\52\2082.jpg,52
./balancer/uniform/uniform100real\52\2132.jpg,52
./balancer/uniform/uniform100real\52\2163.jpg,52
./balancer/uniform/uniform100real\52\2165.jpg,52
./balancer/uniform/uniform100real\52\2180.jpg,52
./balancer/uniform/uniform100real\52\2189.jpg,52
./balancer/uniform/uniform100real\52\2226.jpg,52
./balancer/uniform/uniform100real\52\2232.JPG,52
./balancer/uniform/uniform100real\52\2271.jpg,52
./balancer/uniform/uniform100real\52\2309.jpg,52
./balancer/uniform/uniform100real\52\233.jpg,52
./balancer/uniform/uniform100real\52\2341.jpg,52
./balancer/uniform/uniform100real\52\2387.JPG,52
./balancer/uniform/uniform100real\52\2424.JPG,52
./balancer/uniform/uniform100real\52\2450.jpg,52
./balancer/uniform/uniform100real\52\2462.jpg,52
./balancer/uniform/uniform100real\52\2502.jpg,52
./balancer/uniform/uniform100real\52\2545.jpg,52
./balancer/uniform/uniform100real\52\2557.jpg,52
./balancer/uniform/uniform100real\52\2559.jpg,52
./balancer/uniform/uniform100real\52\2563.jpg,52
./balancer/uniform/uniform100real\52\2574.jpg,52
./balancer/uniform/uniform100real\52\2578.jpg,52
./balancer/uniform/uniform100real\52\2598.jpg,52
./balancer/uniform/uniform100real\52\2630.jpg,52
./balancer/uniform/uniform100real\52\2725.jpg,52
./balancer/uniform/uniform100real\52\2729.jpg,52
./balancer/uniform/uniform100real\52\2739.jpg,52
./balancer/uniform/uniform100real\52\2785.jpg,52
./balancer/uniform/uniform100real\52\2794.jpg,52
./balancer/uniform/uniform100real\52\2797.jpg,52
./balancer/uniform/uniform100real\52\286.jpg,52
./balancer/uniform/uniform100real\52\2862.jpg,52
./balancer/uniform/uniform100real\52\2868.jpg,52
./balancer/uniform/uniform100real\52\2885.jpg,52
./balancer/uniform/uniform100real\52\296.jpg,52
./balancer/uniform/uniform100real\52\2960.jpg,52
./balancer/uniform/uniform100real\52\2988.jpg,52
./balancer/uniform/uniform100real\52\3001.jpg,52
./balancer/uniform/uniform100real\52\3013.jpg,52
./balancer/uniform/uniform100real\52\3027.jpg,52
./balancer/uniform/uniform100real\52\3034.jpg,52
./balancer/uniform/uniform100real\52\3080.jpg,52
./balancer/uniform/uniform100real\52\3099.jpg,52
./balancer/uniform/uniform100real\52\3126.jpg,52
./balancer/uniform/uniform100real\52\3129.jpg,52
./balancer/uniform/uniform100real\52\3155.jpg,52
./balancer/uniform/uniform100real\52\3164.jpg,52
./balancer/uniform/uniform100real\52\3182.jpg,52
./balancer/uniform/uniform100real\52\3189.jpg,52
./balancer/uniform/uniform100real\52\3192.jpg,52
./balancer/uniform/uniform100real\52\3222.jpg,52
./balancer/uniform/uniform100real\52\3227.jpg,52
./balancer/uniform/uniform100real\52\3256.jpg,52
./balancer/uniform/uniform100real\52\3281.jpg,52
./balancer/uniform/uniform100real\52\3327.jpg,52
./balancer/uniform/uniform100real\52\3346.jpg,52
./balancer/uniform/uniform100real\52\3383.jpg,52
./balancer/uniform/uniform100real\52\3392.jpg,52
./balancer/uniform/uniform100real\52\340.jpg,52
./balancer/uniform/uniform100real\52\3426.jpg,52
./balancer/uniform/uniform100real\52\3427.jpg,52
./balancer/uniform/uniform100real\52\3442.jpg,52
./balancer/uniform/uniform100real\52\3452.jpg,52
./balancer/uniform/uniform100real\52\3457.jpg,52
./balancer/uniform/uniform100real\52\3469.jpg,52
./balancer/uniform/uniform100real\52\3480.jpg,52
./balancer/uniform/uniform100real\52\3517.jpg,52
./balancer/uniform/uniform100real\52\352.jpg,52
./balancer/uniform/uniform100real\52\355.jpg,52
./balancer/uniform/uniform100real\52\3636.jpg,52
./balancer/uniform/uniform100real\52\3646.JPG,52
./balancer/uniform/uniform100real\52\3648.jpg,52
./balancer/uniform/uniform100real\52\368.jpg,52
./balancer/uniform/uniform100real\52\3720.JPG,52
./balancer/uniform/uniform100real\52\3722.jpg,52
./balancer/uniform/uniform100real\52\3742.jpg,52
./balancer/uniform/uniform100real\52\3746.jpg,52
./balancer/uniform/uniform100real\52\3764.jpg,52
./balancer/uniform/uniform100real\52\3769.JPG,52
./balancer/uniform/uniform100real\52\3777.jpg,52
./balancer/uniform/uniform100real\52\3822.jpg,52
./balancer/uniform/uniform100real\52\3867.jpg,52
./balancer/uniform/uniform100real\52\3915.jpg,52
./balancer/uniform/uniform100real\52\3923.jpg,52
./balancer/uniform/uniform100real\52\3952.JPG,52
./balancer/uniform/uniform100real\52\3979.JPG,52
./balancer/uniform/uniform100real\52\4049.jpg,52
./balancer/uniform/uniform100real\52\4064.JPG,52
./balancer/uniform/uniform100real\52\4066.JPG,52
./balancer/uniform/uniform100real\52\4099.jpg,52
./balancer/uniform/uniform100real\52\4112.jpg,52
./balancer/uniform/uniform100real\52\4123.jpg,52
./balancer/uniform/uniform100real\52\4130.jpg,52
./balancer/uniform/uniform100real\52\4186.jpg,52
./balancer/uniform/uniform100real\52\4222.jpg,52
./balancer/uniform/uniform100real\52\4263.jpg,52
./balancer/uniform/uniform100real\52\4276.jpg,52
./balancer/uniform/uniform100real\52\4284.jpg,52
./balancer/uniform/uniform100real\52\4285.jpg,52
./balancer/uniform/uniform100real\52\429.jpg,52
./balancer/uniform/uniform100real\52\4297.jpg,52
./balancer/uniform/uniform100real\52\4301.jpg,52
./balancer/uniform/uniform100real\52\432.jpg,52
./balancer/uniform/uniform100real\52\4401.jpg,52
./balancer/uniform/uniform100real\52\4403.jpg,52
./balancer/uniform/uniform100real\52\4409.jpg,52
./balancer/uniform/uniform100real\52\4413.jpg,52
./balancer/uniform/uniform100real\52\4414.jpg,52
./balancer/uniform/uniform100real\52\4435.jpg,52
./balancer/uniform/uniform100real\52\4440.jpg,52
./balancer/uniform/uniform100real\52\4454.JPG,52
./balancer/uniform/uniform100real\52\4474.jpg,52
./balancer/uniform/uniform100real\52\4487.jpg,52
./balancer/uniform/uniform100real\52\4509.jpg,52
./balancer/uniform/uniform100real\52\4530.jpg,52
./balancer/uniform/uniform100real\52\4533.jpg,52
./balancer/uniform/uniform100real\52\4535.JPG,52
./balancer/uniform/uniform100real\52\454.jpg,52
./balancer/uniform/uniform100real\52\4555.jpg,52
./balancer/uniform/uniform100real\52\4570.jpg,52
./balancer/uniform/uniform100real\52\4572.jpg,52
./balancer/uniform/uniform100real\52\4586.jpg,52
./balancer/uniform/uniform100real\52\4591.jpg,52
./balancer/uniform/uniform100real\52\4674.jpg,52
./balancer/uniform/uniform100real\52\4732.JPG,52
./balancer/uniform/uniform100real\52\4742.jpg,52
./balancer/uniform/uniform100real\52\476.jpg,52
./balancer/uniform/uniform100real\52\4768.jpg,52
./balancer/uniform/uniform100real\52\481.jpg,52
./balancer/uniform/uniform100real\52\4840.jpg,52
./balancer/uniform/uniform100real\52\4864.jpg,52
./balancer/uniform/uniform100real\52\4917.jpg,52
./balancer/uniform/uniform100real\52\513.jpg,52
./balancer/uniform/uniform100real\52\560.jpg,52
./balancer/uniform/uniform100real\52\593.jpg,52
./balancer/uniform/uniform100real\52\619.jpg,52
./balancer/uniform/uniform100real\52\662.jpg,52
./balancer/uniform/uniform100real\52\723.jpg,52
./balancer/uniform/uniform100real\52\769.jpg,52
./balancer/uniform/uniform100real\52\795.jpg,52
./balancer/uniform/uniform100real\52\813.JPG,52
./balancer/uniform/uniform100real\52\814.jpg,52
./balancer/uniform/uniform100real\52\819.jpg,52
./balancer/uniform/uniform100real\52\949.jpg,52
./balancer/uniform/uniform100real\52\95.jpg,52
./balancer/uniform/uniform100real\52\965.jpg,52
./balancer/uniform/uniform100real\52\977.jpg,52
./balancer/uniform/uniform100real\52\983.jpg,52
./balancer/uniform/uniform100real\53\1025.JPG,53
./balancer/uniform/uniform100real\53\1031.jpg,53
./balancer/uniform/uniform100real\53\1048.jpg,53
./balancer/uniform/uniform100real\53\1054.jpg,53
./balancer/uniform/uniform100real\53\1056.jpg,53
./balancer/uniform/uniform100real\53\1058.jpg,53
./balancer/uniform/uniform100real\53\1062.jpg,53
./balancer/uniform/uniform100real\53\1129.jpg,53
./balancer/uniform/uniform100real\53\1136.JPG,53
./balancer/uniform/uniform100real\53\1147.jpg,53
./balancer/uniform/uniform100real\53\1168.jpg,53
./balancer/uniform/uniform100real\53\1175.jpg,53
./balancer/uniform/uniform100real\53\1185.jpg,53
./balancer/uniform/uniform100real\53\1187.jpg,53
./balancer/uniform/uniform100real\53\12.jpg,53
./balancer/uniform/uniform100real\53\1218.JPG,53
./balancer/uniform/uniform100real\53\1219.jpg,53
./balancer/uniform/uniform100real\53\1230.jpg,53
./balancer/uniform/uniform100real\53\1262.jpg,53
./balancer/uniform/uniform100real\53\1265.jpg,53
./balancer/uniform/uniform100real\53\1271.JPG,53
./balancer/uniform/uniform100real\53\1273.jpg,53
./balancer/uniform/uniform100real\53\1300.jpg,53
./balancer/uniform/uniform100real\53\1315.jpg,53
./balancer/uniform/uniform100real\53\1331.jpg,53
./balancer/uniform/uniform100real\53\1332.jpg,53
./balancer/uniform/uniform100real\53\1338.jpg,53
./balancer/uniform/uniform100real\53\1356.jpg,53
./balancer/uniform/uniform100real\53\1359.jpg,53
./balancer/uniform/uniform100real\53\1412.jpg,53
./balancer/uniform/uniform100real\53\1416.jpg,53
./balancer/uniform/uniform100real\53\1420.jpg,53
./balancer/uniform/uniform100real\53\1448.jpg,53
./balancer/uniform/uniform100real\53\145.jpg,53
./balancer/uniform/uniform100real\53\1473.jpg,53
./balancer/uniform/uniform100real\53\1494.jpg,53
./balancer/uniform/uniform100real\53\1504.jpg,53
./balancer/uniform/uniform100real\53\1510.jpg,53
./balancer/uniform/uniform100real\53\1520.jpg,53
./balancer/uniform/uniform100real\53\1561.jpg,53
./balancer/uniform/uniform100real\53\1564.jpg,53
./balancer/uniform/uniform100real\53\1566.jpg,53
./balancer/uniform/uniform100real\53\1631.jpg,53
./balancer/uniform/uniform100real\53\1653.jpg,53
./balancer/uniform/uniform100real\53\167.jpg,53
./balancer/uniform/uniform100real\53\169.jpg,53
./balancer/uniform/uniform100real\53\172.JPG,53
./balancer/uniform/uniform100real\53\1723.jpg,53
./balancer/uniform/uniform100real\53\1727.jpg,53
./balancer/uniform/uniform100real\53\1781.jpg,53
./balancer/uniform/uniform100real\53\1793.jpg,53
./balancer/uniform/uniform100real\53\1825.jpg,53
./balancer/uniform/uniform100real\53\1827.jpg,53
./balancer/uniform/uniform100real\53\1875.jpg,53
./balancer/uniform/uniform100real\53\1877.jpg,53
./balancer/uniform/uniform100real\53\1914.jpg,53
./balancer/uniform/uniform100real\53\1917.JPG,53
./balancer/uniform/uniform100real\53\1945.jpg,53
./balancer/uniform/uniform100real\53\1984.jpg,53
./balancer/uniform/uniform100real\53\2027.jpg,53
./balancer/uniform/uniform100real\53\2098.jpg,53
./balancer/uniform/uniform100real\53\2139.jpg,53
./balancer/uniform/uniform100real\53\2145.jpg,53
./balancer/uniform/uniform100real\53\2187.JPG,53
./balancer/uniform/uniform100real\53\2212.jpg,53
./balancer/uniform/uniform100real\53\2220.jpg,53
./balancer/uniform/uniform100real\53\2234.jpg,53
./balancer/uniform/uniform100real\53\2254.jpg,53
./balancer/uniform/uniform100real\53\226.jpg,53
./balancer/uniform/uniform100real\53\2273.jpg,53
./balancer/uniform/uniform100real\53\2286.jpg,53
./balancer/uniform/uniform100real\53\230.jpg,53
./balancer/uniform/uniform100real\53\2300.jpg,53
./balancer/uniform/uniform100real\53\2307.jpg,53
./balancer/uniform/uniform100real\53\2321.jpg,53
./balancer/uniform/uniform100real\53\2362.jpg,53
./balancer/uniform/uniform100real\53\2363.jpg,53
./balancer/uniform/uniform100real\53\2365.jpg,53
./balancer/uniform/uniform100real\53\2377.jpg,53
./balancer/uniform/uniform100real\53\238.JPG,53
./balancer/uniform/uniform100real\53\2397.jpg,53
./balancer/uniform/uniform100real\53\2414.jpg,53
./balancer/uniform/uniform100real\53\2422.jpg,53
./balancer/uniform/uniform100real\53\2424.jpg,53
./balancer/uniform/uniform100real\53\2435.jpg,53
./balancer/uniform/uniform100real\53\2470.jpg,53
./balancer/uniform/uniform100real\53\2521.jpg,53
./balancer/uniform/uniform100real\53\2529.jpg,53
./balancer/uniform/uniform100real\53\2589.jpg,53
./balancer/uniform/uniform100real\53\2591.jpg,53
./balancer/uniform/uniform100real\53\2599.jpg,53
./balancer/uniform/uniform100real\53\2606.jpg,53
./balancer/uniform/uniform100real\53\2607.JPG,53
./balancer/uniform/uniform100real\53\2624.JPG,53
./balancer/uniform/uniform100real\53\2687.jpg,53
./balancer/uniform/uniform100real\53\2695.jpg,53
./balancer/uniform/uniform100real\53\2715.JPG,53
./balancer/uniform/uniform100real\53\2716.jpg,53
./balancer/uniform/uniform100real\53\2720.jpg,53
./balancer/uniform/uniform100real\53\2726.jpg,53
./balancer/uniform/uniform100real\53\2799.jpg,53
./balancer/uniform/uniform100real\53\2863.jpg,53
./balancer/uniform/uniform100real\53\2954.jpg,53
./balancer/uniform/uniform100real\53\3002.jpg,53
./balancer/uniform/uniform100real\53\3006.jpg,53
./balancer/uniform/uniform100real\53\312.jpg,53
./balancer/uniform/uniform100real\53\3135.jpg,53
./balancer/uniform/uniform100real\53\3153.jpg,53
./balancer/uniform/uniform100real\53\3162.jpg,53
./balancer/uniform/uniform100real\53\318.jpg,53
./balancer/uniform/uniform100real\53\323.JPG,53
./balancer/uniform/uniform100real\53\324.jpg,53
./balancer/uniform/uniform100real\53\3275.JPG,53
./balancer/uniform/uniform100real\53\3302.jpg,53
./balancer/uniform/uniform100real\53\3303.JPG,53
./balancer/uniform/uniform100real\53\3309.jpg,53
./balancer/uniform/uniform100real\53\3318.jpg,53
./balancer/uniform/uniform100real\53\3323.jpg,53
./balancer/uniform/uniform100real\53\3331.jpg,53
./balancer/uniform/uniform100real\53\3333.jpg,53
./balancer/uniform/uniform100real\53\339.jpg,53
./balancer/uniform/uniform100real\53\3412.jpg,53
./balancer/uniform/uniform100real\53\3434.jpg,53
./balancer/uniform/uniform100real\53\3446.jpg,53
./balancer/uniform/uniform100real\53\3459.jpg,53
./balancer/uniform/uniform100real\53\3485.jpg,53
./balancer/uniform/uniform100real\53\3508.jpg,53
./balancer/uniform/uniform100real\53\3519.jpg,53
./balancer/uniform/uniform100real\53\356.jpg,53
./balancer/uniform/uniform100real\53\3567.jpg,53
./balancer/uniform/uniform100real\53\3570.jpg,53
./balancer/uniform/uniform100real\53\3587.jpg,53
./balancer/uniform/uniform100real\53\3612.jpg,53
./balancer/uniform/uniform100real\53\3614.JPG,53
./balancer/uniform/uniform100real\53\3637.jpg,53
./balancer/uniform/uniform100real\53\364.jpg,53
./balancer/uniform/uniform100real\53\3641.jpg,53
./balancer/uniform/uniform100real\53\3654.jpg,53
./balancer/uniform/uniform100real\53\3678.jpg,53
./balancer/uniform/uniform100real\53\3719.jpg,53
./balancer/uniform/uniform100real\53\3721.JPG,53
./balancer/uniform/uniform100real\53\3740.jpg,53
./balancer/uniform/uniform100real\53\3803.jpg,53
./balancer/uniform/uniform100real\53\3818.jpg,53
./balancer/uniform/uniform100real\53\3852.jpg,53
./balancer/uniform/uniform100real\53\3862.jpg,53
./balancer/uniform/uniform100real\53\3895.jpg,53
./balancer/uniform/uniform100real\53\390.jpg,53
./balancer/uniform/uniform100real\53\3900.JPG,53
./balancer/uniform/uniform100real\53\3906.jpg,53
./balancer/uniform/uniform100real\53\3938.jpg,53
./balancer/uniform/uniform100real\53\3956.jpg,53
./balancer/uniform/uniform100real\53\3974.jpg,53
./balancer/uniform/uniform100real\53\398.jpg,53
./balancer/uniform/uniform100real\53\399.JPG,53
./balancer/uniform/uniform100real\53\4039.jpg,53
./balancer/uniform/uniform100real\53\4040.jpg,53
./balancer/uniform/uniform100real\53\405.jpg,53
./balancer/uniform/uniform100real\53\4087.jpg,53
./balancer/uniform/uniform100real\53\4095.jpg,53
./balancer/uniform/uniform100real\53\4096.JPG,53
./balancer/uniform/uniform100real\53\4098.jpg,53
./balancer/uniform/uniform100real\53\4103.jpg,53
./balancer/uniform/uniform100real\53\4111.jpg,53
./balancer/uniform/uniform100real\53\4121.jpg,53
./balancer/uniform/uniform100real\53\4145.jpg,53
./balancer/uniform/uniform100real\53\4167.jpg,53
./balancer/uniform/uniform100real\53\417.jpg,53
./balancer/uniform/uniform100real\53\419.jpg,53
./balancer/uniform/uniform100real\53\44.JPG,53
./balancer/uniform/uniform100real\53\450.JPG,53
./balancer/uniform/uniform100real\53\468.jpg,53
./balancer/uniform/uniform100real\53\481.jpg,53
./balancer/uniform/uniform100real\53\488.JPG,53
./balancer/uniform/uniform100real\53\499.jpg,53
./balancer/uniform/uniform100real\53\530.jpg,53
./balancer/uniform/uniform100real\53\535.jpg,53
./balancer/uniform/uniform100real\53\580.jpg,53
./balancer/uniform/uniform100real\53\581.jpg,53
./balancer/uniform/uniform100real\53\61.jpg,53
./balancer/uniform/uniform100real\53\62.jpg,53
./balancer/uniform/uniform100real\53\659.jpg,53
./balancer/uniform/uniform100real\53\685.jpg,53
./balancer/uniform/uniform100real\53\71.jpg,53
./balancer/uniform/uniform100real\53\719.jpg,53
./balancer/uniform/uniform100real\53\724.jpg,53
./balancer/uniform/uniform100real\53\737.jpg,53
./balancer/uniform/uniform100real\53\782.jpg,53
./balancer/uniform/uniform100real\53\789.jpg,53
./balancer/uniform/uniform100real\53\810.jpg,53
./balancer/uniform/uniform100real\53\812.jpg,53
./balancer/uniform/uniform100real\53\822.jpg,53
./balancer/uniform/uniform100real\53\824.jpg,53
./balancer/uniform/uniform100real\53\84.jpg,53
./balancer/uniform/uniform100real\53\857.jpg,53
./balancer/uniform/uniform100real\53\861.jpg,53
./balancer/uniform/uniform100real\53\902.jpg,53
./balancer/uniform/uniform100real\53\909.jpg,53
./balancer/uniform/uniform100real\53\936.jpg,53
./balancer/uniform/uniform100real\53\950.jpg,53
./balancer/uniform/uniform100real\53\96.jpg,53
./balancer/uniform/uniform100real\53\969.jpg,53
./balancer/uniform/uniform100real\53\977.jpg,53
./balancer/uniform/uniform100real\54\100.JPG,54
./balancer/uniform/uniform100real\54\1003.jpg,54
./balancer/uniform/uniform100real\54\101.jpg,54
./balancer/uniform/uniform100real\54\1020.jpg,54
./balancer/uniform/uniform100real\54\1027.jpg,54
./balancer/uniform/uniform100real\54\103.jpg,54
./balancer/uniform/uniform100real\54\1052.jpg,54
./balancer/uniform/uniform100real\54\1079.jpg,54
./balancer/uniform/uniform100real\54\1085.jpg,54
./balancer/uniform/uniform100real\54\1091.jpg,54
./balancer/uniform/uniform100real\54\1123.jpg,54
./balancer/uniform/uniform100real\54\1134.jpg,54
./balancer/uniform/uniform100real\54\1137.jpg,54
./balancer/uniform/uniform100real\54\120.jpg,54
./balancer/uniform/uniform100real\54\1212.jpg,54
./balancer/uniform/uniform100real\54\1226.jpg,54
./balancer/uniform/uniform100real\54\124.jpg,54
./balancer/uniform/uniform100real\54\1275.jpg,54
./balancer/uniform/uniform100real\54\1301.jpg,54
./balancer/uniform/uniform100real\54\1306.jpg,54
./balancer/uniform/uniform100real\54\134.JPG,54
./balancer/uniform/uniform100real\54\1358.jpg,54
./balancer/uniform/uniform100real\54\1362.jpg,54
./balancer/uniform/uniform100real\54\1366.jpg,54
./balancer/uniform/uniform100real\54\1456.jpg,54
./balancer/uniform/uniform100real\54\1560.JPG,54
./balancer/uniform/uniform100real\54\1565.jpg,54
./balancer/uniform/uniform100real\54\1567.jpg,54
./balancer/uniform/uniform100real\54\1571.jpg,54
./balancer/uniform/uniform100real\54\1605.jpg,54
./balancer/uniform/uniform100real\54\1621.jpg,54
./balancer/uniform/uniform100real\54\1623.jpg,54
./balancer/uniform/uniform100real\54\1631.jpg,54
./balancer/uniform/uniform100real\54\1656.jpg,54
./balancer/uniform/uniform100real\54\1669.jpg,54
./balancer/uniform/uniform100real\54\1714.jpg,54
./balancer/uniform/uniform100real\54\172.jpg,54
./balancer/uniform/uniform100real\54\1736.jpg,54
./balancer/uniform/uniform100real\54\1778.jpg,54
./balancer/uniform/uniform100real\54\1793.jpg,54
./balancer/uniform/uniform100real\54\1815.jpg,54
./balancer/uniform/uniform100real\54\1827.jpg,54
./balancer/uniform/uniform100real\54\1852.jpg,54
./balancer/uniform/uniform100real\54\1862.jpg,54
./balancer/uniform/uniform100real\54\1926.jpg,54
./balancer/uniform/uniform100real\54\1937.jpg,54
./balancer/uniform/uniform100real\54\1938.jpg,54
./balancer/uniform/uniform100real\54\1951.JPG,54
./balancer/uniform/uniform100real\54\1973.jpg,54
./balancer/uniform/uniform100real\54\1975.jpg,54
./balancer/uniform/uniform100real\54\2005.jpg,54
./balancer/uniform/uniform100real\54\2018.jpg,54
./balancer/uniform/uniform100real\54\202.JPG,54
./balancer/uniform/uniform100real\54\2020.jpg,54
./balancer/uniform/uniform100real\54\2026.jpg,54
./balancer/uniform/uniform100real\54\2028.jpg,54
./balancer/uniform/uniform100real\54\2044.JPG,54
./balancer/uniform/uniform100real\54\2068.jpg,54
./balancer/uniform/uniform100real\54\2093.JPG,54
./balancer/uniform/uniform100real\54\2095.jpg,54
./balancer/uniform/uniform100real\54\2110.jpg,54
./balancer/uniform/uniform100real\54\2112.jpg,54
./balancer/uniform/uniform100real\54\2118.jpg,54
./balancer/uniform/uniform100real\54\2133.jpg,54
./balancer/uniform/uniform100real\54\2152.jpg,54
./balancer/uniform/uniform100real\54\2206.jpg,54
./balancer/uniform/uniform100real\54\223.jpg,54
./balancer/uniform/uniform100real\54\2241.jpg,54
./balancer/uniform/uniform100real\54\2280.jpg,54
./balancer/uniform/uniform100real\54\2311.jpg,54
./balancer/uniform/uniform100real\54\2328.jpg,54
./balancer/uniform/uniform100real\54\2373.jpg,54
./balancer/uniform/uniform100real\54\2389.jpg,54
./balancer/uniform/uniform100real\54\2399.jpg,54
./balancer/uniform/uniform100real\54\2402.jpg,54
./balancer/uniform/uniform100real\54\2406.jpg,54
./balancer/uniform/uniform100real\54\2428.jpg,54
./balancer/uniform/uniform100real\54\2430.jpg,54
./balancer/uniform/uniform100real\54\2431.jpg,54
./balancer/uniform/uniform100real\54\2432.jpg,54
./balancer/uniform/uniform100real\54\2444.jpg,54
./balancer/uniform/uniform100real\54\2445.jpg,54
./balancer/uniform/uniform100real\54\2461.jpg,54
./balancer/uniform/uniform100real\54\25.jpg,54
./balancer/uniform/uniform100real\54\2504.jpg,54
./balancer/uniform/uniform100real\54\2509.jpg,54
./balancer/uniform/uniform100real\54\2515.jpg,54
./balancer/uniform/uniform100real\54\2518.jpg,54
./balancer/uniform/uniform100real\54\2559.jpg,54
./balancer/uniform/uniform100real\54\2567.jpg,54
./balancer/uniform/uniform100real\54\2626.jpg,54
./balancer/uniform/uniform100real\54\2640.jpg,54
./balancer/uniform/uniform100real\54\2686.jpg,54
./balancer/uniform/uniform100real\54\2696.jpg,54
./balancer/uniform/uniform100real\54\2732.jpg,54
./balancer/uniform/uniform100real\54\2735.jpg,54
./balancer/uniform/uniform100real\54\2763.jpg,54
./balancer/uniform/uniform100real\54\2779.jpg,54
./balancer/uniform/uniform100real\54\2814.jpg,54
./balancer/uniform/uniform100real\54\2817.jpg,54
./balancer/uniform/uniform100real\54\2832.jpg,54
./balancer/uniform/uniform100real\54\2835.jpg,54
./balancer/uniform/uniform100real\54\2842.jpg,54
./balancer/uniform/uniform100real\54\2849.jpg,54
./balancer/uniform/uniform100real\54\2852.jpg,54
./balancer/uniform/uniform100real\54\2853.jpg,54
./balancer/uniform/uniform100real\54\2997.jpg,54
./balancer/uniform/uniform100real\54\3001.jpg,54
./balancer/uniform/uniform100real\54\3028.jpg,54
./balancer/uniform/uniform100real\54\303.jpg,54
./balancer/uniform/uniform100real\54\3036.jpg,54
./balancer/uniform/uniform100real\54\3047.jpg,54
./balancer/uniform/uniform100real\54\3054.jpg,54
./balancer/uniform/uniform100real\54\3074.jpg,54
./balancer/uniform/uniform100real\54\3076.jpg,54
./balancer/uniform/uniform100real\54\3135.jpg,54
./balancer/uniform/uniform100real\54\3141.jpg,54
./balancer/uniform/uniform100real\54\3194.jpg,54
./balancer/uniform/uniform100real\54\3207.jpg,54
./balancer/uniform/uniform100real\54\3253.jpg,54
./balancer/uniform/uniform100real\54\3280.jpg,54
./balancer/uniform/uniform100real\54\3311.jpg,54
./balancer/uniform/uniform100real\54\3337.jpg,54
./balancer/uniform/uniform100real\54\3340.jpg,54
./balancer/uniform/uniform100real\54\3429.jpg,54
./balancer/uniform/uniform100real\54\343.jpg,54
./balancer/uniform/uniform100real\54\346.jpg,54
./balancer/uniform/uniform100real\54\350.jpg,54
./balancer/uniform/uniform100real\54\3528.jpg,54
./balancer/uniform/uniform100real\54\3550.jpg,54
./balancer/uniform/uniform100real\54\3551.jpg,54
./balancer/uniform/uniform100real\54\3579.jpg,54
./balancer/uniform/uniform100real\54\3599.jpg,54
./balancer/uniform/uniform100real\54\3628.jpg,54
./balancer/uniform/uniform100real\54\3637.jpg,54
./balancer/uniform/uniform100real\54\3639.jpg,54
./balancer/uniform/uniform100real\54\3647.jpg,54
./balancer/uniform/uniform100real\54\3664.jpg,54
./balancer/uniform/uniform100real\54\3701.jpg,54
./balancer/uniform/uniform100real\54\3710.jpg,54
./balancer/uniform/uniform100real\54\3752.jpg,54
./balancer/uniform/uniform100real\54\3777.jpg,54
./balancer/uniform/uniform100real\54\3786.jpg,54
./balancer/uniform/uniform100real\54\3787.JPG,54
./balancer/uniform/uniform100real\54\3800.jpg,54
./balancer/uniform/uniform100real\54\3802.jpg,54
./balancer/uniform/uniform100real\54\3810.jpg,54
./balancer/uniform/uniform100real\54\3816.jpg,54
./balancer/uniform/uniform100real\54\3824.jpg,54
./balancer/uniform/uniform100real\54\384.JPG,54
./balancer/uniform/uniform100real\54\3890.jpg,54
./balancer/uniform/uniform100real\54\3901.jpg,54
./balancer/uniform/uniform100real\54\3903.jpg,54
./balancer/uniform/uniform100real\54\3910.jpg,54
./balancer/uniform/uniform100real\54\3914.jpg,54
./balancer/uniform/uniform100real\54\3930.jpg,54
./balancer/uniform/uniform100real\54\395.jpg,54
./balancer/uniform/uniform100real\54\3962.jpg,54
./balancer/uniform/uniform100real\54\4005.jpg,54
./balancer/uniform/uniform100real\54\4010.jpg,54
./balancer/uniform/uniform100real\54\4074.jpg,54
./balancer/uniform/uniform100real\54\4075.jpg,54
./balancer/uniform/uniform100real\54\4098.jpg,54
./balancer/uniform/uniform100real\54\4112.jpg,54
./balancer/uniform/uniform100real\54\4170.jpg,54
./balancer/uniform/uniform100real\54\4171.jpg,54
./balancer/uniform/uniform100real\54\4172.jpg,54
./balancer/uniform/uniform100real\54\4186.JPG,54
./balancer/uniform/uniform100real\54\4204.jpg,54
./balancer/uniform/uniform100real\54\4209.jpg,54
./balancer/uniform/uniform100real\54\4213.jpg,54
./balancer/uniform/uniform100real\54\4222.jpg,54
./balancer/uniform/uniform100real\54\4229.jpg,54
./balancer/uniform/uniform100real\54\423.jpg,54
./balancer/uniform/uniform100real\54\4241.jpg,54
./balancer/uniform/uniform100real\54\453.jpg,54
./balancer/uniform/uniform100real\54\514.jpg,54
./balancer/uniform/uniform100real\54\556.jpg,54
./balancer/uniform/uniform100real\54\563.JPG,54
./balancer/uniform/uniform100real\54\580.jpg,54
./balancer/uniform/uniform100real\54\594.jpg,54
./balancer/uniform/uniform100real\54\61.jpg,54
./balancer/uniform/uniform100real\54\612.jpg,54
./balancer/uniform/uniform100real\54\62.jpg,54
./balancer/uniform/uniform100real\54\636.jpg,54
./balancer/uniform/uniform100real\54\648.JPG,54
./balancer/uniform/uniform100real\54\668.jpg,54
./balancer/uniform/uniform100real\54\712.jpg,54
./balancer/uniform/uniform100real\54\718.jpg,54
./balancer/uniform/uniform100real\54\72.JPG,54
./balancer/uniform/uniform100real\54\750.jpg,54
./balancer/uniform/uniform100real\54\765.jpg,54
./balancer/uniform/uniform100real\54\777.jpg,54
./balancer/uniform/uniform100real\54\781.jpg,54
./balancer/uniform/uniform100real\54\801.jpg,54
./balancer/uniform/uniform100real\54\820.jpg,54
./balancer/uniform/uniform100real\54\828.jpg,54
./balancer/uniform/uniform100real\54\876.jpg,54
./balancer/uniform/uniform100real\54\888.jpg,54
./balancer/uniform/uniform100real\54\894.jpg,54
./balancer/uniform/uniform100real\54\896.JPG,54
./balancer/uniform/uniform100real\54\940.jpg,54
./balancer/uniform/uniform100real\54\998.jpg,54
./balancer/uniform/uniform100real\55\1003.jpg,55
./balancer/uniform/uniform100real\55\103.jpg,55
./balancer/uniform/uniform100real\55\1032.JPG,55
./balancer/uniform/uniform100real\55\1033.jpg,55
./balancer/uniform/uniform100real\55\1049.jpg,55
./balancer/uniform/uniform100real\55\1075.jpg,55
./balancer/uniform/uniform100real\55\1102.jpg,55
./balancer/uniform/uniform100real\55\1105.jpg,55
./balancer/uniform/uniform100real\55\1113.jpg,55
./balancer/uniform/uniform100real\55\1134.jpg,55
./balancer/uniform/uniform100real\55\1150.jpg,55
./balancer/uniform/uniform100real\55\117.jpg,55
./balancer/uniform/uniform100real\55\1197.jpg,55
./balancer/uniform/uniform100real\55\1205.jpg,55
./balancer/uniform/uniform100real\55\1212.jpg,55
./balancer/uniform/uniform100real\55\1238.JPG,55
./balancer/uniform/uniform100real\55\1240.jpg,55
./balancer/uniform/uniform100real\55\1257.JPG,55
./balancer/uniform/uniform100real\55\1261.jpg,55
./balancer/uniform/uniform100real\55\1265.jpg,55
./balancer/uniform/uniform100real\55\1284.jpg,55
./balancer/uniform/uniform100real\55\1294.jpg,55
./balancer/uniform/uniform100real\55\1325.jpg,55
./balancer/uniform/uniform100real\55\1327.jpg,55
./balancer/uniform/uniform100real\55\1336.jpg,55
./balancer/uniform/uniform100real\55\1366.jpg,55
./balancer/uniform/uniform100real\55\1371.jpg,55
./balancer/uniform/uniform100real\55\139.jpg,55
./balancer/uniform/uniform100real\55\140.jpg,55
./balancer/uniform/uniform100real\55\1409.jpg,55
./balancer/uniform/uniform100real\55\1413.jpg,55
./balancer/uniform/uniform100real\55\1425.jpg,55
./balancer/uniform/uniform100real\55\143.jpg,55
./balancer/uniform/uniform100real\55\1440.jpg,55
./balancer/uniform/uniform100real\55\1461.jpg,55
./balancer/uniform/uniform100real\55\1462.jpg,55
./balancer/uniform/uniform100real\55\1469.jpg,55
./balancer/uniform/uniform100real\55\1473.jpg,55
./balancer/uniform/uniform100real\55\1482.JPG,55
./balancer/uniform/uniform100real\55\1503.jpg,55
./balancer/uniform/uniform100real\55\1539.jpg,55
./balancer/uniform/uniform100real\55\1553.jpg,55
./balancer/uniform/uniform100real\55\1590.jpg,55
./balancer/uniform/uniform100real\55\1610.jpg,55
./balancer/uniform/uniform100real\55\1627.jpg,55
./balancer/uniform/uniform100real\55\1634.jpg,55
./balancer/uniform/uniform100real\55\1638.jpg,55
./balancer/uniform/uniform100real\55\1648.jpg,55
./balancer/uniform/uniform100real\55\1654.jpg,55
./balancer/uniform/uniform100real\55\1684.jpg,55
./balancer/uniform/uniform100real\55\1706.jpg,55
./balancer/uniform/uniform100real\55\172.jpg,55
./balancer/uniform/uniform100real\55\1733.jpg,55
./balancer/uniform/uniform100real\55\1755.jpg,55
./balancer/uniform/uniform100real\55\1763.jpg,55
./balancer/uniform/uniform100real\55\1768.jpg,55
./balancer/uniform/uniform100real\55\1784.jpg,55
./balancer/uniform/uniform100real\55\1787.jpg,55
./balancer/uniform/uniform100real\55\1800.jpg,55
./balancer/uniform/uniform100real\55\1807.jpg,55
./balancer/uniform/uniform100real\55\182.jpg,55
./balancer/uniform/uniform100real\55\1890.jpg,55
./balancer/uniform/uniform100real\55\1891.jpg,55
./balancer/uniform/uniform100real\55\1892.jpg,55
./balancer/uniform/uniform100real\55\1894.jpg,55
./balancer/uniform/uniform100real\55\1898.JPG,55
./balancer/uniform/uniform100real\55\192.jpg,55
./balancer/uniform/uniform100real\55\1940.jpg,55
./balancer/uniform/uniform100real\55\1954.jpg,55
./balancer/uniform/uniform100real\55\1955.jpg,55
./balancer/uniform/uniform100real\55\1956.jpg,55
./balancer/uniform/uniform100real\55\1961.jpg,55
./balancer/uniform/uniform100real\55\1987.jpg,55
./balancer/uniform/uniform100real\55\1990.JPG,55
./balancer/uniform/uniform100real\55\2016.jpg,55
./balancer/uniform/uniform100real\55\2037.jpg,55
./balancer/uniform/uniform100real\55\2049.jpg,55
./balancer/uniform/uniform100real\55\2061.jpg,55
./balancer/uniform/uniform100real\55\2068.jpg,55
./balancer/uniform/uniform100real\55\2082.jpg,55
./balancer/uniform/uniform100real\55\2088.jpg,55
./balancer/uniform/uniform100real\55\211.jpg,55
./balancer/uniform/uniform100real\55\2135.JPG,55
./balancer/uniform/uniform100real\55\2150.jpg,55
./balancer/uniform/uniform100real\55\2153.jpg,55
./balancer/uniform/uniform100real\55\2157.jpg,55
./balancer/uniform/uniform100real\55\2168.jpg,55
./balancer/uniform/uniform100real\55\2176.jpg,55
./balancer/uniform/uniform100real\55\2180.jpg,55
./balancer/uniform/uniform100real\55\2182.jpg,55
./balancer/uniform/uniform100real\55\2201.jpg,55
./balancer/uniform/uniform100real\55\2210.jpg,55
./balancer/uniform/uniform100real\55\2215.jpg,55
./balancer/uniform/uniform100real\55\2257.jpg,55
./balancer/uniform/uniform100real\55\2289.JPG,55
./balancer/uniform/uniform100real\55\2305.jpg,55
./balancer/uniform/uniform100real\55\2314.jpg,55
./balancer/uniform/uniform100real\55\2336.jpg,55
./balancer/uniform/uniform100real\55\2345.jpg,55
./balancer/uniform/uniform100real\55\2367.jpg,55
./balancer/uniform/uniform100real\55\2368.jpg,55
./balancer/uniform/uniform100real\55\2403.jpg,55
./balancer/uniform/uniform100real\55\2410.jpg,55
./balancer/uniform/uniform100real\55\242.jpg,55
./balancer/uniform/uniform100real\55\2447.jpg,55
./balancer/uniform/uniform100real\55\2449.jpg,55
./balancer/uniform/uniform100real\55\2469.jpg,55
./balancer/uniform/uniform100real\55\247.jpg,55
./balancer/uniform/uniform100real\55\2477.jpg,55
./balancer/uniform/uniform100real\55\2527.jpg,55
./balancer/uniform/uniform100real\55\2529.jpg,55
./balancer/uniform/uniform100real\55\2541.jpg,55
./balancer/uniform/uniform100real\55\2543.jpg,55
./balancer/uniform/uniform100real\55\2589.jpg,55
./balancer/uniform/uniform100real\55\2597.jpg,55
./balancer/uniform/uniform100real\55\2600.jpg,55
./balancer/uniform/uniform100real\55\2614.jpg,55
./balancer/uniform/uniform100real\55\2622.jpg,55
./balancer/uniform/uniform100real\55\2638.jpg,55
./balancer/uniform/uniform100real\55\2659.jpg,55
./balancer/uniform/uniform100real\55\266.jpg,55
./balancer/uniform/uniform100real\55\2665.jpg,55
./balancer/uniform/uniform100real\55\2668.jpg,55
./balancer/uniform/uniform100real\55\2696.jpg,55
./balancer/uniform/uniform100real\55\2727.JPG,55
./balancer/uniform/uniform100real\55\2753.jpg,55
./balancer/uniform/uniform100real\55\2760.jpg,55
./balancer/uniform/uniform100real\55\2767.jpg,55
./balancer/uniform/uniform100real\55\2770.jpg,55
./balancer/uniform/uniform100real\55\2828.jpg,55
./balancer/uniform/uniform100real\55\2862.jpg,55
./balancer/uniform/uniform100real\55\2882.jpg,55
./balancer/uniform/uniform100real\55\2920.jpg,55
./balancer/uniform/uniform100real\55\2931.jpg,55
./balancer/uniform/uniform100real\55\2938.jpg,55
./balancer/uniform/uniform100real\55\2962.jpg,55
./balancer/uniform/uniform100real\55\2967.jpg,55
./balancer/uniform/uniform100real\55\2968.jpg,55
./balancer/uniform/uniform100real\55\2981.jpg,55
./balancer/uniform/uniform100real\55\3000.jpg,55
./balancer/uniform/uniform100real\55\3038.jpg,55
./balancer/uniform/uniform100real\55\3061.JPG,55
./balancer/uniform/uniform100real\55\3067.jpg,55
./balancer/uniform/uniform100real\55\3068.jpg,55
./balancer/uniform/uniform100real\55\3075.jpg,55
./balancer/uniform/uniform100real\55\3114.jpg,55
./balancer/uniform/uniform100real\55\3121.JPG,55
./balancer/uniform/uniform100real\55\3133.JPG,55
./balancer/uniform/uniform100real\55\3143.JPG,55
./balancer/uniform/uniform100real\55\3171.jpg,55
./balancer/uniform/uniform100real\55\3190.jpg,55
./balancer/uniform/uniform100real\55\3227.jpg,55
./balancer/uniform/uniform100real\55\3233.jpg,55
./balancer/uniform/uniform100real\55\3253.jpg,55
./balancer/uniform/uniform100real\55\3283.jpg,55
./balancer/uniform/uniform100real\55\3340.jpg,55
./balancer/uniform/uniform100real\55\3346.jpg,55
./balancer/uniform/uniform100real\55\3352.jpg,55
./balancer/uniform/uniform100real\55\3411.jpg,55
./balancer/uniform/uniform100real\55\3451.jpg,55
./balancer/uniform/uniform100real\55\3454.JPG,55
./balancer/uniform/uniform100real\55\3508.jpg,55
./balancer/uniform/uniform100real\55\3527.jpg,55
./balancer/uniform/uniform100real\55\3542.jpg,55
./balancer/uniform/uniform100real\55\356.jpg,55
./balancer/uniform/uniform100real\55\3565.jpg,55
./balancer/uniform/uniform100real\55\360.jpg,55
./balancer/uniform/uniform100real\55\3603.jpg,55
./balancer/uniform/uniform100real\55\3606.jpg,55
./balancer/uniform/uniform100real\55\3630.jpg,55
./balancer/uniform/uniform100real\55\388.jpg,55
./balancer/uniform/uniform100real\55\47.jpg,55
./balancer/uniform/uniform100real\55\489.jpg,55
./balancer/uniform/uniform100real\55\49.jpg,55
./balancer/uniform/uniform100real\55\500.jpg,55
./balancer/uniform/uniform100real\55\508.jpg,55
./balancer/uniform/uniform100real\55\514.jpg,55
./balancer/uniform/uniform100real\55\544.jpg,55
./balancer/uniform/uniform100real\55\549.JPG,55
./balancer/uniform/uniform100real\55\560.jpg,55
./balancer/uniform/uniform100real\55\611.JPG,55
./balancer/uniform/uniform100real\55\66.jpg,55
./balancer/uniform/uniform100real\55\664.jpg,55
./balancer/uniform/uniform100real\55\667.jpg,55
./balancer/uniform/uniform100real\55\719.jpg,55
./balancer/uniform/uniform100real\55\755.jpg,55
./balancer/uniform/uniform100real\55\764.jpg,55
./balancer/uniform/uniform100real\55\768.JPG,55
./balancer/uniform/uniform100real\55\794.jpg,55
./balancer/uniform/uniform100real\55\820.jpg,55
./balancer/uniform/uniform100real\55\826.jpg,55
./balancer/uniform/uniform100real\55\829.jpg,55
./balancer/uniform/uniform100real\55\834.jpg,55
./balancer/uniform/uniform100real\55\848.jpg,55
./balancer/uniform/uniform100real\55\867.jpg,55
./balancer/uniform/uniform100real\55\903.jpg,55
./balancer/uniform/uniform100real\55\908.jpg,55
./balancer/uniform/uniform100real\55\916.jpg,55
./balancer/uniform/uniform100real\55\92.jpg,55
./balancer/uniform/uniform100real\55\978.jpg,55
./balancer/uniform/uniform100real\55\98.jpg,55
./balancer/uniform/uniform100real\55\987.jpg,55
./balancer/uniform/uniform100real\55\993.JPG,55
./balancer/uniform/uniform100real\56\1046.jpg,56
./balancer/uniform/uniform100real\56\1055.jpg,56
./balancer/uniform/uniform100real\56\1061.jpg,56
./balancer/uniform/uniform100real\56\1081.jpg,56
./balancer/uniform/uniform100real\56\1137.jpg,56
./balancer/uniform/uniform100real\56\1168.jpg,56
./balancer/uniform/uniform100real\56\1241.jpg,56
./balancer/uniform/uniform100real\56\1242.jpg,56
./balancer/uniform/uniform100real\56\1307.jpg,56
./balancer/uniform/uniform100real\56\1309.JPG,56
./balancer/uniform/uniform100real\56\1311.jpg,56
./balancer/uniform/uniform100real\56\1327.jpg,56
./balancer/uniform/uniform100real\56\1334.jpg,56
./balancer/uniform/uniform100real\56\1343.jpg,56
./balancer/uniform/uniform100real\56\1350.jpg,56
./balancer/uniform/uniform100real\56\1368.jpg,56
./balancer/uniform/uniform100real\56\1377.jpg,56
./balancer/uniform/uniform100real\56\1378.jpg,56
./balancer/uniform/uniform100real\56\1385.jpg,56
./balancer/uniform/uniform100real\56\14.jpg,56
./balancer/uniform/uniform100real\56\1439.jpg,56
./balancer/uniform/uniform100real\56\144.JPG,56
./balancer/uniform/uniform100real\56\1440.jpg,56
./balancer/uniform/uniform100real\56\1475.jpg,56
./balancer/uniform/uniform100real\56\15.jpg,56
./balancer/uniform/uniform100real\56\1500.jpg,56
./balancer/uniform/uniform100real\56\1518.jpg,56
./balancer/uniform/uniform100real\56\1528.jpg,56
./balancer/uniform/uniform100real\56\1538.jpg,56
./balancer/uniform/uniform100real\56\1545.jpg,56
./balancer/uniform/uniform100real\56\1566.jpg,56
./balancer/uniform/uniform100real\56\1585.jpg,56
./balancer/uniform/uniform100real\56\1590.jpg,56
./balancer/uniform/uniform100real\56\1596.jpg,56
./balancer/uniform/uniform100real\56\161.jpg,56
./balancer/uniform/uniform100real\56\1622.jpg,56
./balancer/uniform/uniform100real\56\1637.jpg,56
./balancer/uniform/uniform100real\56\1639.jpg,56
./balancer/uniform/uniform100real\56\167.jpg,56
./balancer/uniform/uniform100real\56\1677.jpg,56
./balancer/uniform/uniform100real\56\1696.jpg,56
./balancer/uniform/uniform100real\56\1705.jpg,56
./balancer/uniform/uniform100real\56\1711.jpg,56
./balancer/uniform/uniform100real\56\1725.jpg,56
./balancer/uniform/uniform100real\56\1739.jpg,56
./balancer/uniform/uniform100real\56\1754.jpg,56
./balancer/uniform/uniform100real\56\1763.jpg,56
./balancer/uniform/uniform100real\56\18.jpg,56
./balancer/uniform/uniform100real\56\1802.jpg,56
./balancer/uniform/uniform100real\56\1840.jpg,56
./balancer/uniform/uniform100real\56\1852.jpg,56
./balancer/uniform/uniform100real\56\1899.jpg,56
./balancer/uniform/uniform100real\56\1905.jpg,56
./balancer/uniform/uniform100real\56\1914.jpg,56
./balancer/uniform/uniform100real\56\1916.jpg,56
./balancer/uniform/uniform100real\56\1931.jpg,56
./balancer/uniform/uniform100real\56\196.jpg,56
./balancer/uniform/uniform100real\56\1969.jpg,56
./balancer/uniform/uniform100real\56\1984.jpg,56
./balancer/uniform/uniform100real\56\2020.jpg,56
./balancer/uniform/uniform100real\56\2027.jpg,56
./balancer/uniform/uniform100real\56\2073.jpg,56
./balancer/uniform/uniform100real\56\2077.jpg,56
./balancer/uniform/uniform100real\56\2099.jpg,56
./balancer/uniform/uniform100real\56\21.jpg,56
./balancer/uniform/uniform100real\56\210.jpg,56
./balancer/uniform/uniform100real\56\2118.jpg,56
./balancer/uniform/uniform100real\56\2132.jpg,56
./balancer/uniform/uniform100real\56\2137.jpg,56
./balancer/uniform/uniform100real\56\215.jpg,56
./balancer/uniform/uniform100real\56\2153.jpg,56
./balancer/uniform/uniform100real\56\2154.jpg,56
./balancer/uniform/uniform100real\56\2156.jpg,56
./balancer/uniform/uniform100real\56\2182.jpg,56
./balancer/uniform/uniform100real\56\2188.jpg,56
./balancer/uniform/uniform100real\56\221.jpg,56
./balancer/uniform/uniform100real\56\2211.jpg,56
./balancer/uniform/uniform100real\56\2222.jpg,56
./balancer/uniform/uniform100real\56\2248.jpg,56
./balancer/uniform/uniform100real\56\2250.jpg,56
./balancer/uniform/uniform100real\56\2259.JPG,56
./balancer/uniform/uniform100real\56\2261.jpg,56
./balancer/uniform/uniform100real\56\2276.jpg,56
./balancer/uniform/uniform100real\56\2280.jpg,56
./balancer/uniform/uniform100real\56\2286.jpg,56
./balancer/uniform/uniform100real\56\2305.jpg,56
./balancer/uniform/uniform100real\56\2318.jpg,56
./balancer/uniform/uniform100real\56\2332.jpg,56
./balancer/uniform/uniform100real\56\2356.jpg,56
./balancer/uniform/uniform100real\56\2360.jpg,56
./balancer/uniform/uniform100real\56\2362.jpg,56
./balancer/uniform/uniform100real\56\2369.jpg,56
./balancer/uniform/uniform100real\56\2373.jpg,56
./balancer/uniform/uniform100real\56\2393.jpg,56
./balancer/uniform/uniform100real\56\2395.jpg,56
./balancer/uniform/uniform100real\56\2396.jpg,56
./balancer/uniform/uniform100real\56\2402.jpg,56
./balancer/uniform/uniform100real\56\2415.jpg,56
./balancer/uniform/uniform100real\56\2444.jpg,56
./balancer/uniform/uniform100real\56\2448.jpg,56
./balancer/uniform/uniform100real\56\2474.jpg,56
./balancer/uniform/uniform100real\56\2480.JPG,56
./balancer/uniform/uniform100real\56\2505.jpg,56
./balancer/uniform/uniform100real\56\2509.jpg,56
./balancer/uniform/uniform100real\56\2527.jpg,56
./balancer/uniform/uniform100real\56\2545.jpg,56
./balancer/uniform/uniform100real\56\2559.jpg,56
./balancer/uniform/uniform100real\56\2596.jpg,56
./balancer/uniform/uniform100real\56\2607.jpg,56
./balancer/uniform/uniform100real\56\2622.jpg,56
./balancer/uniform/uniform100real\56\2623.jpg,56
./balancer/uniform/uniform100real\56\2651.jpg,56
./balancer/uniform/uniform100real\56\2653.jpg,56
./balancer/uniform/uniform100real\56\266.jpg,56
./balancer/uniform/uniform100real\56\2685.jpg,56
./balancer/uniform/uniform100real\56\269.jpg,56
./balancer/uniform/uniform100real\56\2694.jpg,56
./balancer/uniform/uniform100real\56\2719.jpg,56
./balancer/uniform/uniform100real\56\2729.jpg,56
./balancer/uniform/uniform100real\56\2733.jpg,56
./balancer/uniform/uniform100real\56\2735.jpg,56
./balancer/uniform/uniform100real\56\2757.jpg,56
./balancer/uniform/uniform100real\56\2764.jpg,56
./balancer/uniform/uniform100real\56\2771.JPG,56
./balancer/uniform/uniform100real\56\2779.jpg,56
./balancer/uniform/uniform100real\56\2795.jpg,56
./balancer/uniform/uniform100real\56\2801.jpg,56
./balancer/uniform/uniform100real\56\2815.jpg,56
./balancer/uniform/uniform100real\56\2823.jpg,56
./balancer/uniform/uniform100real\56\2825.jpg,56
./balancer/uniform/uniform100real\56\2827.jpg,56
./balancer/uniform/uniform100real\56\2833.jpg,56
./balancer/uniform/uniform100real\56\2852.jpg,56
./balancer/uniform/uniform100real\56\2866.jpg,56
./balancer/uniform/uniform100real\56\2870.jpg,56
./balancer/uniform/uniform100real\56\2871.jpg,56
./balancer/uniform/uniform100real\56\2891.jpg,56
./balancer/uniform/uniform100real\56\2907.jpg,56
./balancer/uniform/uniform100real\56\2931.jpg,56
./balancer/uniform/uniform100real\56\2975.jpg,56
./balancer/uniform/uniform100real\56\3010.jpg,56
./balancer/uniform/uniform100real\56\3054.jpg,56
./balancer/uniform/uniform100real\56\3060.jpg,56
./balancer/uniform/uniform100real\56\3072.jpg,56
./balancer/uniform/uniform100real\56\3135.jpg,56
./balancer/uniform/uniform100real\56\314.jpg,56
./balancer/uniform/uniform100real\56\3150.jpg,56
./balancer/uniform/uniform100real\56\3160.jpg,56
./balancer/uniform/uniform100real\56\3169.jpg,56
./balancer/uniform/uniform100real\56\3173.jpg,56
./balancer/uniform/uniform100real\56\3212.jpg,56
./balancer/uniform/uniform100real\56\3217.jpg,56
./balancer/uniform/uniform100real\56\3221.jpg,56
./balancer/uniform/uniform100real\56\3231.jpg,56
./balancer/uniform/uniform100real\56\3240.jpg,56
./balancer/uniform/uniform100real\56\3251.jpg,56
./balancer/uniform/uniform100real\56\3275.jpg,56
./balancer/uniform/uniform100real\56\3283.jpg,56
./balancer/uniform/uniform100real\56\331.jpg,56
./balancer/uniform/uniform100real\56\3314.JPG,56
./balancer/uniform/uniform100real\56\3321.jpg,56
./balancer/uniform/uniform100real\56\3325.jpg,56
./balancer/uniform/uniform100real\56\3352.jpg,56
./balancer/uniform/uniform100real\56\342.jpg,56
./balancer/uniform/uniform100real\56\350.jpg,56
./balancer/uniform/uniform100real\56\375.jpg,56
./balancer/uniform/uniform100real\56\382.jpg,56
./balancer/uniform/uniform100real\56\41.jpg,56
./balancer/uniform/uniform100real\56\429.jpg,56
./balancer/uniform/uniform100real\56\431.jpg,56
./balancer/uniform/uniform100real\56\461.JPG,56
./balancer/uniform/uniform100real\56\470.jpg,56
./balancer/uniform/uniform100real\56\478.jpg,56
./balancer/uniform/uniform100real\56\505.jpg,56
./balancer/uniform/uniform100real\56\530.jpg,56
./balancer/uniform/uniform100real\56\565.jpg,56
./balancer/uniform/uniform100real\56\568.jpg,56
./balancer/uniform/uniform100real\56\571.jpg,56
./balancer/uniform/uniform100real\56\572.jpg,56
./balancer/uniform/uniform100real\56\582.jpg,56
./balancer/uniform/uniform100real\56\586.jpg,56
./balancer/uniform/uniform100real\56\592.jpg,56
./balancer/uniform/uniform100real\56\622.jpg,56
./balancer/uniform/uniform100real\56\633.jpg,56
./balancer/uniform/uniform100real\56\674.jpg,56
./balancer/uniform/uniform100real\56\680.jpg,56
./balancer/uniform/uniform100real\56\7.jpg,56
./balancer/uniform/uniform100real\56\715.jpg,56
./balancer/uniform/uniform100real\56\731.JPG,56
./balancer/uniform/uniform100real\56\745.jpg,56
./balancer/uniform/uniform100real\56\747.jpg,56
./balancer/uniform/uniform100real\56\76.JPG,56
./balancer/uniform/uniform100real\56\780.jpg,56
./balancer/uniform/uniform100real\56\851.jpg,56
./balancer/uniform/uniform100real\56\892.jpg,56
./balancer/uniform/uniform100real\56\903.jpg,56
./balancer/uniform/uniform100real\56\911.jpg,56
./balancer/uniform/uniform100real\56\917.jpg,56
./balancer/uniform/uniform100real\56\921.jpg,56
./balancer/uniform/uniform100real\56\923.jpg,56
./balancer/uniform/uniform100real\56\946.jpg,56
./balancer/uniform/uniform100real\56\967.jpg,56
./balancer/uniform/uniform100real\56\971.jpg,56
./balancer/uniform/uniform100real\57\1.jpg,57
./balancer/uniform/uniform100real\57\1002.jpg,57
./balancer/uniform/uniform100real\57\1013.jpg,57
./balancer/uniform/uniform100real\57\1026.jpg,57
./balancer/uniform/uniform100real\57\1042.jpg,57
./balancer/uniform/uniform100real\57\1070.jpg,57
./balancer/uniform/uniform100real\57\1074.jpg,57
./balancer/uniform/uniform100real\57\1081.JPG,57
./balancer/uniform/uniform100real\57\1082.jpg,57
./balancer/uniform/uniform100real\57\11.jpg,57
./balancer/uniform/uniform100real\57\111.jpg,57
./balancer/uniform/uniform100real\57\112.jpg,57
./balancer/uniform/uniform100real\57\1128.jpg,57
./balancer/uniform/uniform100real\57\1138.jpg,57
./balancer/uniform/uniform100real\57\1159.jpg,57
./balancer/uniform/uniform100real\57\1189.jpg,57
./balancer/uniform/uniform100real\57\1192.jpg,57
./balancer/uniform/uniform100real\57\1194.jpg,57
./balancer/uniform/uniform100real\57\1228.jpg,57
./balancer/uniform/uniform100real\57\1236.jpg,57
./balancer/uniform/uniform100real\57\1243.jpg,57
./balancer/uniform/uniform100real\57\1244.jpg,57
./balancer/uniform/uniform100real\57\1251.jpg,57
./balancer/uniform/uniform100real\57\1259.jpg,57
./balancer/uniform/uniform100real\57\1270.jpg,57
./balancer/uniform/uniform100real\57\1294.jpg,57
./balancer/uniform/uniform100real\57\1318.JPG,57
./balancer/uniform/uniform100real\57\1354.jpg,57
./balancer/uniform/uniform100real\57\1359.jpg,57
./balancer/uniform/uniform100real\57\1377.JPG,57
./balancer/uniform/uniform100real\57\1408.jpg,57
./balancer/uniform/uniform100real\57\1416.jpg,57
./balancer/uniform/uniform100real\57\1432.jpg,57
./balancer/uniform/uniform100real\57\1433.jpg,57
./balancer/uniform/uniform100real\57\1455.jpg,57
./balancer/uniform/uniform100real\57\148.jpg,57
./balancer/uniform/uniform100real\57\1488.jpg,57
./balancer/uniform/uniform100real\57\151.jpg,57
./balancer/uniform/uniform100real\57\1528.jpg,57
./balancer/uniform/uniform100real\57\153.jpg,57
./balancer/uniform/uniform100real\57\1533.jpg,57
./balancer/uniform/uniform100real\57\1536.jpg,57
./balancer/uniform/uniform100real\57\156.jpg,57
./balancer/uniform/uniform100real\57\1560.jpg,57
./balancer/uniform/uniform100real\57\1609.jpg,57
./balancer/uniform/uniform100real\57\1623.jpg,57
./balancer/uniform/uniform100real\57\1642.jpg,57
./balancer/uniform/uniform100real\57\1659.jpg,57
./balancer/uniform/uniform100real\57\1663.jpg,57
./balancer/uniform/uniform100real\57\1723.jpg,57
./balancer/uniform/uniform100real\57\1731.jpg,57
./balancer/uniform/uniform100real\57\1737.jpg,57
./balancer/uniform/uniform100real\57\1751.jpg,57
./balancer/uniform/uniform100real\57\176.jpg,57
./balancer/uniform/uniform100real\57\1789.jpg,57
./balancer/uniform/uniform100real\57\1793.jpg,57
./balancer/uniform/uniform100real\57\1816.jpg,57
./balancer/uniform/uniform100real\57\1818.jpg,57
./balancer/uniform/uniform100real\57\1826.jpg,57
./balancer/uniform/uniform100real\57\1845.jpg,57
./balancer/uniform/uniform100real\57\186.jpg,57
./balancer/uniform/uniform100real\57\1873.jpg,57
./balancer/uniform/uniform100real\57\1876.jpg,57
./balancer/uniform/uniform100real\57\1903.JPG,57
./balancer/uniform/uniform100real\57\1938.jpg,57
./balancer/uniform/uniform100real\57\1947.jpg,57
./balancer/uniform/uniform100real\57\1966.jpg,57
./balancer/uniform/uniform100real\57\2012.jpg,57
./balancer/uniform/uniform100real\57\2017.jpg,57
./balancer/uniform/uniform100real\57\203.jpg,57
./balancer/uniform/uniform100real\57\2033.jpg,57
./balancer/uniform/uniform100real\57\2042.jpg,57
./balancer/uniform/uniform100real\57\2051.jpg,57
./balancer/uniform/uniform100real\57\2055.jpg,57
./balancer/uniform/uniform100real\57\2084.jpg,57
./balancer/uniform/uniform100real\57\2095.jpg,57
./balancer/uniform/uniform100real\57\2124.jpg,57
./balancer/uniform/uniform100real\57\2126.jpg,57
./balancer/uniform/uniform100real\57\2140.JPG,57
./balancer/uniform/uniform100real\57\215.jpg,57
./balancer/uniform/uniform100real\57\217.jpg,57
./balancer/uniform/uniform100real\57\2171.jpg,57
./balancer/uniform/uniform100real\57\219.jpg,57
./balancer/uniform/uniform100real\57\2195.jpg,57
./balancer/uniform/uniform100real\57\2236.jpg,57
./balancer/uniform/uniform100real\57\2238.JPG,57
./balancer/uniform/uniform100real\57\2252.jpg,57
./balancer/uniform/uniform100real\57\2255.jpg,57
./balancer/uniform/uniform100real\57\226.jpg,57
./balancer/uniform/uniform100real\57\2264.jpg,57
./balancer/uniform/uniform100real\57\2276.jpg,57
./balancer/uniform/uniform100real\57\2286.JPG,57
./balancer/uniform/uniform100real\57\2309.jpg,57
./balancer/uniform/uniform100real\57\2334.jpg,57
./balancer/uniform/uniform100real\57\2348.jpg,57
./balancer/uniform/uniform100real\57\2350.jpg,57
./balancer/uniform/uniform100real\57\2373.jpg,57
./balancer/uniform/uniform100real\57\2375.jpg,57
./balancer/uniform/uniform100real\57\2377.jpg,57
./balancer/uniform/uniform100real\57\2422.jpg,57
./balancer/uniform/uniform100real\57\2426.jpg,57
./balancer/uniform/uniform100real\57\2429.jpg,57
./balancer/uniform/uniform100real\57\2475.jpg,57
./balancer/uniform/uniform100real\57\25.jpg,57
./balancer/uniform/uniform100real\57\253.jpg,57
./balancer/uniform/uniform100real\57\2531.jpg,57
./balancer/uniform/uniform100real\57\2546.jpg,57
./balancer/uniform/uniform100real\57\2552.jpg,57
./balancer/uniform/uniform100real\57\2554.jpg,57
./balancer/uniform/uniform100real\57\2580.jpg,57
./balancer/uniform/uniform100real\57\2582.jpg,57
./balancer/uniform/uniform100real\57\259.jpg,57
./balancer/uniform/uniform100real\57\2591.jpg,57
./balancer/uniform/uniform100real\57\26.jpg,57
./balancer/uniform/uniform100real\57\263.jpg,57
./balancer/uniform/uniform100real\57\2657.jpg,57
./balancer/uniform/uniform100real\57\266.JPG,57
./balancer/uniform/uniform100real\57\2660.jpg,57
./balancer/uniform/uniform100real\57\2661.jpg,57
./balancer/uniform/uniform100real\57\2665.jpg,57
./balancer/uniform/uniform100real\57\2668.jpg,57
./balancer/uniform/uniform100real\57\2673.jpg,57
./balancer/uniform/uniform100real\57\2694.jpg,57
./balancer/uniform/uniform100real\57\271.jpg,57
./balancer/uniform/uniform100real\57\2729.jpg,57
./balancer/uniform/uniform100real\57\2731.jpg,57
./balancer/uniform/uniform100real\57\275.jpg,57
./balancer/uniform/uniform100real\57\276.jpg,57
./balancer/uniform/uniform100real\57\2777.jpg,57
./balancer/uniform/uniform100real\57\2782.jpg,57
./balancer/uniform/uniform100real\57\2787.jpg,57
./balancer/uniform/uniform100real\57\2793.jpg,57
./balancer/uniform/uniform100real\57\2796.JPG,57
./balancer/uniform/uniform100real\57\2835.jpg,57
./balancer/uniform/uniform100real\57\284.jpg,57
./balancer/uniform/uniform100real\57\2845.jpg,57
./balancer/uniform/uniform100real\57\2860.jpg,57
./balancer/uniform/uniform100real\57\2868.jpg,57
./balancer/uniform/uniform100real\57\2870.jpg,57
./balancer/uniform/uniform100real\57\2874.jpg,57
./balancer/uniform/uniform100real\57\293.jpg,57
./balancer/uniform/uniform100real\57\2942.jpg,57
./balancer/uniform/uniform100real\57\2953.jpg,57
./balancer/uniform/uniform100real\57\2954.jpg,57
./balancer/uniform/uniform100real\57\3031.jpg,57
./balancer/uniform/uniform100real\57\3045.jpg,57
./balancer/uniform/uniform100real\57\3059.JPG,57
./balancer/uniform/uniform100real\57\306.jpg,57
./balancer/uniform/uniform100real\57\3072.jpg,57
./balancer/uniform/uniform100real\57\3081.JPG,57
./balancer/uniform/uniform100real\57\3108.jpg,57
./balancer/uniform/uniform100real\57\3122.jpg,57
./balancer/uniform/uniform100real\57\3132.jpg,57
./balancer/uniform/uniform100real\57\3139.jpg,57
./balancer/uniform/uniform100real\57\317.jpg,57
./balancer/uniform/uniform100real\57\327.jpg,57
./balancer/uniform/uniform100real\57\358.jpg,57
./balancer/uniform/uniform100real\57\377.jpg,57
./balancer/uniform/uniform100real\57\391.jpg,57
./balancer/uniform/uniform100real\57\402.JPG,57
./balancer/uniform/uniform100real\57\426.jpg,57
./balancer/uniform/uniform100real\57\439.jpg,57
./balancer/uniform/uniform100real\57\453.jpg,57
./balancer/uniform/uniform100real\57\457.jpg,57
./balancer/uniform/uniform100real\57\472.jpg,57
./balancer/uniform/uniform100real\57\486.jpg,57
./balancer/uniform/uniform100real\57\487.jpg,57
./balancer/uniform/uniform100real\57\502.jpg,57
./balancer/uniform/uniform100real\57\515.JPG,57
./balancer/uniform/uniform100real\57\522.jpg,57
./balancer/uniform/uniform100real\57\525.jpg,57
./balancer/uniform/uniform100real\57\532.jpg,57
./balancer/uniform/uniform100real\57\537.jpg,57
./balancer/uniform/uniform100real\57\545.jpg,57
./balancer/uniform/uniform100real\57\555.jpg,57
./balancer/uniform/uniform100real\57\570.jpg,57
./balancer/uniform/uniform100real\57\578.jpg,57
./balancer/uniform/uniform100real\57\604.jpg,57
./balancer/uniform/uniform100real\57\62.JPG,57
./balancer/uniform/uniform100real\57\627.jpg,57
./balancer/uniform/uniform100real\57\655.jpg,57
./balancer/uniform/uniform100real\57\672.jpg,57
./balancer/uniform/uniform100real\57\692.jpg,57
./balancer/uniform/uniform100real\57\713.jpg,57
./balancer/uniform/uniform100real\57\717.JPG,57
./balancer/uniform/uniform100real\57\724.jpg,57
./balancer/uniform/uniform100real\57\740.jpg,57
./balancer/uniform/uniform100real\57\741.jpg,57
./balancer/uniform/uniform100real\57\762.jpg,57
./balancer/uniform/uniform100real\57\79.jpg,57
./balancer/uniform/uniform100real\57\814.jpg,57
./balancer/uniform/uniform100real\57\817.jpg,57
./balancer/uniform/uniform100real\57\819.jpg,57
./balancer/uniform/uniform100real\57\834.jpg,57
./balancer/uniform/uniform100real\57\837.JPG,57
./balancer/uniform/uniform100real\57\860.jpg,57
./balancer/uniform/uniform100real\57\88.jpg,57
./balancer/uniform/uniform100real\57\897.jpg,57
./balancer/uniform/uniform100real\57\915.jpg,57
./balancer/uniform/uniform100real\57\938.jpg,57
./balancer/uniform/uniform100real\57\949.jpg,57
./balancer/uniform/uniform100real\57\965.jpg,57
./balancer/uniform/uniform100real\57\973.jpg,57
./balancer/uniform/uniform100real\58\1012.jpg,58
./balancer/uniform/uniform100real\58\1021.jpg,58
./balancer/uniform/uniform100real\58\1071.jpg,58
./balancer/uniform/uniform100real\58\1105.jpg,58
./balancer/uniform/uniform100real\58\1117.jpg,58
./balancer/uniform/uniform100real\58\1134.jpg,58
./balancer/uniform/uniform100real\58\1151.jpg,58
./balancer/uniform/uniform100real\58\1157.jpg,58
./balancer/uniform/uniform100real\58\1174.JPG,58
./balancer/uniform/uniform100real\58\1175.jpg,58
./balancer/uniform/uniform100real\58\121.jpg,58
./balancer/uniform/uniform100real\58\1217.jpg,58
./balancer/uniform/uniform100real\58\1223.jpg,58
./balancer/uniform/uniform100real\58\1234.jpg,58
./balancer/uniform/uniform100real\58\1245.jpg,58
./balancer/uniform/uniform100real\58\126.jpg,58
./balancer/uniform/uniform100real\58\1263.JPG,58
./balancer/uniform/uniform100real\58\1288.jpg,58
./balancer/uniform/uniform100real\58\1291.jpg,58
./balancer/uniform/uniform100real\58\1311.jpg,58
./balancer/uniform/uniform100real\58\1321.jpg,58
./balancer/uniform/uniform100real\58\1348.jpg,58
./balancer/uniform/uniform100real\58\1380.jpg,58
./balancer/uniform/uniform100real\58\1387.JPG,58
./balancer/uniform/uniform100real\58\1390.jpg,58
./balancer/uniform/uniform100real\58\1395.jpg,58
./balancer/uniform/uniform100real\58\141.jpg,58
./balancer/uniform/uniform100real\58\1425.jpg,58
./balancer/uniform/uniform100real\58\1432.jpg,58
./balancer/uniform/uniform100real\58\1442.jpg,58
./balancer/uniform/uniform100real\58\1445.jpg,58
./balancer/uniform/uniform100real\58\1455.jpg,58
./balancer/uniform/uniform100real\58\1477.jpg,58
./balancer/uniform/uniform100real\58\1493.jpg,58
./balancer/uniform/uniform100real\58\15.jpg,58
./balancer/uniform/uniform100real\58\1521.jpg,58
./balancer/uniform/uniform100real\58\1553.jpg,58
./balancer/uniform/uniform100real\58\1557.jpg,58
./balancer/uniform/uniform100real\58\1558.jpg,58
./balancer/uniform/uniform100real\58\1576.jpg,58
./balancer/uniform/uniform100real\58\163.jpg,58
./balancer/uniform/uniform100real\58\1639.jpg,58
./balancer/uniform/uniform100real\58\1653.jpg,58
./balancer/uniform/uniform100real\58\1680.jpg,58
./balancer/uniform/uniform100real\58\1684.jpg,58
./balancer/uniform/uniform100real\58\1696.jpg,58
./balancer/uniform/uniform100real\58\1699.jpg,58
./balancer/uniform/uniform100real\58\1727.jpg,58
./balancer/uniform/uniform100real\58\1740.jpg,58
./balancer/uniform/uniform100real\58\1746.jpg,58
./balancer/uniform/uniform100real\58\1750.jpg,58
./balancer/uniform/uniform100real\58\1766.jpg,58
./balancer/uniform/uniform100real\58\1768.jpg,58
./balancer/uniform/uniform100real\58\1783.jpg,58
./balancer/uniform/uniform100real\58\1784.jpg,58
./balancer/uniform/uniform100real\58\1801.jpg,58
./balancer/uniform/uniform100real\58\1812.jpg,58
./balancer/uniform/uniform100real\58\182.jpg,58
./balancer/uniform/uniform100real\58\1820.jpg,58
./balancer/uniform/uniform100real\58\1854.jpg,58
./balancer/uniform/uniform100real\58\1918.jpg,58
./balancer/uniform/uniform100real\58\195.jpg,58
./balancer/uniform/uniform100real\58\204.jpg,58
./balancer/uniform/uniform100real\58\2042.jpg,58
./balancer/uniform/uniform100real\58\2049.JPG,58
./balancer/uniform/uniform100real\58\2061.jpg,58
./balancer/uniform/uniform100real\58\2064.jpg,58
./balancer/uniform/uniform100real\58\2085.jpg,58
./balancer/uniform/uniform100real\58\2090.jpg,58
./balancer/uniform/uniform100real\58\2098.jpg,58
./balancer/uniform/uniform100real\58\2107.jpg,58
./balancer/uniform/uniform100real\58\2129.jpg,58
./balancer/uniform/uniform100real\58\2201.jpg,58
./balancer/uniform/uniform100real\58\2203.jpg,58
./balancer/uniform/uniform100real\58\2206.jpg,58
./balancer/uniform/uniform100real\58\2213.jpg,58
./balancer/uniform/uniform100real\58\2229.jpg,58
./balancer/uniform/uniform100real\58\224.jpg,58
./balancer/uniform/uniform100real\58\2282.jpg,58
./balancer/uniform/uniform100real\58\2287.jpg,58
./balancer/uniform/uniform100real\58\2293.jpg,58
./balancer/uniform/uniform100real\58\2315.jpg,58
./balancer/uniform/uniform100real\58\2329.jpg,58
./balancer/uniform/uniform100real\58\2332.jpg,58
./balancer/uniform/uniform100real\58\2338.jpg,58
./balancer/uniform/uniform100real\58\2344.jpg,58
./balancer/uniform/uniform100real\58\235.jpg,58
./balancer/uniform/uniform100real\58\2372.jpg,58
./balancer/uniform/uniform100real\58\2409.jpg,58
./balancer/uniform/uniform100real\58\2419.jpg,58
./balancer/uniform/uniform100real\58\2430.jpg,58
./balancer/uniform/uniform100real\58\2431.jpg,58
./balancer/uniform/uniform100real\58\2436.jpg,58
./balancer/uniform/uniform100real\58\2438.jpg,58
./balancer/uniform/uniform100real\58\2441.jpg,58
./balancer/uniform/uniform100real\58\2453.jpg,58
./balancer/uniform/uniform100real\58\248.jpg,58
./balancer/uniform/uniform100real\58\2485.jpg,58
./balancer/uniform/uniform100real\58\2494.jpg,58
./balancer/uniform/uniform100real\58\2511.jpg,58
./balancer/uniform/uniform100real\58\2514.jpg,58
./balancer/uniform/uniform100real\58\2526.jpg,58
./balancer/uniform/uniform100real\58\2531.jpg,58
./balancer/uniform/uniform100real\58\2537.jpg,58
./balancer/uniform/uniform100real\58\2572.jpg,58
./balancer/uniform/uniform100real\58\2601.jpg,58
./balancer/uniform/uniform100real\58\2605.jpg,58
./balancer/uniform/uniform100real\58\2606.jpg,58
./balancer/uniform/uniform100real\58\2615.jpg,58
./balancer/uniform/uniform100real\58\2624.jpg,58
./balancer/uniform/uniform100real\58\2639.JPG,58
./balancer/uniform/uniform100real\58\2645.jpg,58
./balancer/uniform/uniform100real\58\2667.jpg,58
./balancer/uniform/uniform100real\58\2673.jpg,58
./balancer/uniform/uniform100real\58\2695.jpg,58
./balancer/uniform/uniform100real\58\2709.jpg,58
./balancer/uniform/uniform100real\58\2716.jpg,58
./balancer/uniform/uniform100real\58\2733.jpg,58
./balancer/uniform/uniform100real\58\2734.jpg,58
./balancer/uniform/uniform100real\58\2751.jpg,58
./balancer/uniform/uniform100real\58\2797.jpg,58
./balancer/uniform/uniform100real\58\2810.jpg,58
./balancer/uniform/uniform100real\58\2811.jpg,58
./balancer/uniform/uniform100real\58\283.jpg,58
./balancer/uniform/uniform100real\58\2832.jpg,58
./balancer/uniform/uniform100real\58\2836.jpg,58
./balancer/uniform/uniform100real\58\2858.jpg,58
./balancer/uniform/uniform100real\58\286.jpg,58
./balancer/uniform/uniform100real\58\2870.jpg,58
./balancer/uniform/uniform100real\58\2890.jpg,58
./balancer/uniform/uniform100real\58\2901.jpg,58
./balancer/uniform/uniform100real\58\2925.jpg,58
./balancer/uniform/uniform100real\58\2927.jpg,58
./balancer/uniform/uniform100real\58\2936.jpg,58
./balancer/uniform/uniform100real\58\2942.jpg,58
./balancer/uniform/uniform100real\58\2974.jpg,58
./balancer/uniform/uniform100real\58\2979.jpg,58
./balancer/uniform/uniform100real\58\2982.jpg,58
./balancer/uniform/uniform100real\58\2999.jpg,58
./balancer/uniform/uniform100real\58\30.jpg,58
./balancer/uniform/uniform100real\58\3006.jpg,58
./balancer/uniform/uniform100real\58\3007.jpg,58
./balancer/uniform/uniform100real\58\3027.jpg,58
./balancer/uniform/uniform100real\58\3068.jpg,58
./balancer/uniform/uniform100real\58\3074.jpg,58
./balancer/uniform/uniform100real\58\3098.jpg,58
./balancer/uniform/uniform100real\58\3101.jpg,58
./balancer/uniform/uniform100real\58\3107.jpg,58
./balancer/uniform/uniform100real\58\3133.jpg,58
./balancer/uniform/uniform100real\58\326.jpg,58
./balancer/uniform/uniform100real\58\332.jpg,58
./balancer/uniform/uniform100real\58\341.jpg,58
./balancer/uniform/uniform100real\58\342.jpg,58
./balancer/uniform/uniform100real\58\344.jpg,58
./balancer/uniform/uniform100real\58\348.jpg,58
./balancer/uniform/uniform100real\58\352.jpg,58
./balancer/uniform/uniform100real\58\357.jpg,58
./balancer/uniform/uniform100real\58\361.jpg,58
./balancer/uniform/uniform100real\58\362.jpg,58
./balancer/uniform/uniform100real\58\394.jpg,58
./balancer/uniform/uniform100real\58\396.jpg,58
./balancer/uniform/uniform100real\58\407.jpg,58
./balancer/uniform/uniform100real\58\408.jpg,58
./balancer/uniform/uniform100real\58\456.jpg,58
./balancer/uniform/uniform100real\58\468.jpg,58
./balancer/uniform/uniform100real\58\487.jpg,58
./balancer/uniform/uniform100real\58\492.jpg,58
./balancer/uniform/uniform100real\58\508.jpg,58
./balancer/uniform/uniform100real\58\512.jpg,58
./balancer/uniform/uniform100real\58\514.jpg,58
./balancer/uniform/uniform100real\58\528.jpg,58
./balancer/uniform/uniform100real\58\530.jpg,58
./balancer/uniform/uniform100real\58\534.jpg,58
./balancer/uniform/uniform100real\58\546.jpg,58
./balancer/uniform/uniform100real\58\557.jpg,58
./balancer/uniform/uniform100real\58\61.jpg,58
./balancer/uniform/uniform100real\58\632.jpg,58
./balancer/uniform/uniform100real\58\648.jpg,58
./balancer/uniform/uniform100real\58\654.jpg,58
./balancer/uniform/uniform100real\58\661.jpg,58
./balancer/uniform/uniform100real\58\684.jpg,58
./balancer/uniform/uniform100real\58\690.jpg,58
./balancer/uniform/uniform100real\58\699.jpg,58
./balancer/uniform/uniform100real\58\718.jpg,58
./balancer/uniform/uniform100real\58\738.jpg,58
./balancer/uniform/uniform100real\58\757.jpg,58
./balancer/uniform/uniform100real\58\758.jpg,58
./balancer/uniform/uniform100real\58\762.jpg,58
./balancer/uniform/uniform100real\58\766.jpg,58
./balancer/uniform/uniform100real\58\783.jpg,58
./balancer/uniform/uniform100real\58\786.jpg,58
./balancer/uniform/uniform100real\58\800.jpg,58
./balancer/uniform/uniform100real\58\802.jpg,58
./balancer/uniform/uniform100real\58\807.jpg,58
./balancer/uniform/uniform100real\58\825.jpg,58
./balancer/uniform/uniform100real\58\832.jpg,58
./balancer/uniform/uniform100real\58\850.jpg,58
./balancer/uniform/uniform100real\58\87.jpg,58
./balancer/uniform/uniform100real\58\91.jpg,58
./balancer/uniform/uniform100real\58\948.jpg,58
./balancer/uniform/uniform100real\58\981.jpg,58
./balancer/uniform/uniform100real\58\988.jpg,58
./balancer/uniform/uniform100real\58\994.jpg,58
./balancer/uniform/uniform100real\59\1008.jpg,59
./balancer/uniform/uniform100real\59\1039.jpg,59
./balancer/uniform/uniform100real\59\1041.jpg,59
./balancer/uniform/uniform100real\59\1059.jpg,59
./balancer/uniform/uniform100real\59\1066.jpg,59
./balancer/uniform/uniform100real\59\1075.jpg,59
./balancer/uniform/uniform100real\59\1087.jpg,59
./balancer/uniform/uniform100real\59\1104.jpg,59
./balancer/uniform/uniform100real\59\1118.jpg,59
./balancer/uniform/uniform100real\59\1162.jpg,59
./balancer/uniform/uniform100real\59\1177.jpg,59
./balancer/uniform/uniform100real\59\118.jpg,59
./balancer/uniform/uniform100real\59\1182.jpg,59
./balancer/uniform/uniform100real\59\1194.jpg,59
./balancer/uniform/uniform100real\59\1199.jpg,59
./balancer/uniform/uniform100real\59\120.jpg,59
./balancer/uniform/uniform100real\59\1204.jpg,59
./balancer/uniform/uniform100real\59\121.jpg,59
./balancer/uniform/uniform100real\59\1249.jpg,59
./balancer/uniform/uniform100real\59\1259.jpg,59
./balancer/uniform/uniform100real\59\1263.jpg,59
./balancer/uniform/uniform100real\59\1277.jpg,59
./balancer/uniform/uniform100real\59\1284.jpg,59
./balancer/uniform/uniform100real\59\1309.jpg,59
./balancer/uniform/uniform100real\59\1316.jpg,59
./balancer/uniform/uniform100real\59\1320.jpg,59
./balancer/uniform/uniform100real\59\1325.jpg,59
./balancer/uniform/uniform100real\59\1335.jpg,59
./balancer/uniform/uniform100real\59\1349.jpg,59
./balancer/uniform/uniform100real\59\1353.jpg,59
./balancer/uniform/uniform100real\59\1372.JPG,59
./balancer/uniform/uniform100real\59\1374.jpg,59
./balancer/uniform/uniform100real\59\1401.jpg,59
./balancer/uniform/uniform100real\59\1414.jpg,59
./balancer/uniform/uniform100real\59\1417.jpg,59
./balancer/uniform/uniform100real\59\142.jpg,59
./balancer/uniform/uniform100real\59\1439.jpg,59
./balancer/uniform/uniform100real\59\1447.jpg,59
./balancer/uniform/uniform100real\59\145.jpg,59
./balancer/uniform/uniform100real\59\1458.jpg,59
./balancer/uniform/uniform100real\59\1486.jpg,59
./balancer/uniform/uniform100real\59\1492.jpg,59
./balancer/uniform/uniform100real\59\1535.jpg,59
./balancer/uniform/uniform100real\59\155.jpg,59
./balancer/uniform/uniform100real\59\1553.jpg,59
./balancer/uniform/uniform100real\59\1570.jpg,59
./balancer/uniform/uniform100real\59\1572.jpg,59
./balancer/uniform/uniform100real\59\1597.jpg,59
./balancer/uniform/uniform100real\59\1602.jpg,59
./balancer/uniform/uniform100real\59\161.jpg,59
./balancer/uniform/uniform100real\59\1616.jpg,59
./balancer/uniform/uniform100real\59\1648.jpg,59
./balancer/uniform/uniform100real\59\1654.jpg,59
./balancer/uniform/uniform100real\59\1656.jpg,59
./balancer/uniform/uniform100real\59\1668.jpg,59
./balancer/uniform/uniform100real\59\1690.jpg,59
./balancer/uniform/uniform100real\59\1698.jpg,59
./balancer/uniform/uniform100real\59\1704.jpg,59
./balancer/uniform/uniform100real\59\1716.jpg,59
./balancer/uniform/uniform100real\59\1734.jpg,59
./balancer/uniform/uniform100real\59\1743.jpg,59
./balancer/uniform/uniform100real\59\1744.jpg,59
./balancer/uniform/uniform100real\59\1751.jpg,59
./balancer/uniform/uniform100real\59\1758.jpg,59
./balancer/uniform/uniform100real\59\1766.jpg,59
./balancer/uniform/uniform100real\59\178.jpg,59
./balancer/uniform/uniform100real\59\1802.jpg,59
./balancer/uniform/uniform100real\59\1816.jpg,59
./balancer/uniform/uniform100real\59\1826.jpg,59
./balancer/uniform/uniform100real\59\1831.jpg,59
./balancer/uniform/uniform100real\59\1836.jpg,59
./balancer/uniform/uniform100real\59\1837.jpg,59
./balancer/uniform/uniform100real\59\1848.jpg,59
./balancer/uniform/uniform100real\59\1867.jpg,59
./balancer/uniform/uniform100real\59\1900.jpg,59
./balancer/uniform/uniform100real\59\1906.jpg,59
./balancer/uniform/uniform100real\59\1914.jpg,59
./balancer/uniform/uniform100real\59\1930.jpg,59
./balancer/uniform/uniform100real\59\1938.jpg,59
./balancer/uniform/uniform100real\59\1985.jpg,59
./balancer/uniform/uniform100real\59\2026.jpg,59
./balancer/uniform/uniform100real\59\2038.jpg,59
./balancer/uniform/uniform100real\59\2048.jpg,59
./balancer/uniform/uniform100real\59\2050.jpg,59
./balancer/uniform/uniform100real\59\2085.jpg,59
./balancer/uniform/uniform100real\59\2119.jpg,59
./balancer/uniform/uniform100real\59\2134.jpg,59
./balancer/uniform/uniform100real\59\2135.jpg,59
./balancer/uniform/uniform100real\59\2145.jpg,59
./balancer/uniform/uniform100real\59\2150.jpg,59
./balancer/uniform/uniform100real\59\2156.jpg,59
./balancer/uniform/uniform100real\59\2178.jpg,59
./balancer/uniform/uniform100real\59\2181.jpg,59
./balancer/uniform/uniform100real\59\2196.jpg,59
./balancer/uniform/uniform100real\59\2230.jpg,59
./balancer/uniform/uniform100real\59\2244.jpg,59
./balancer/uniform/uniform100real\59\2279.jpg,59
./balancer/uniform/uniform100real\59\2285.jpg,59
./balancer/uniform/uniform100real\59\2305.jpg,59
./balancer/uniform/uniform100real\59\2308.jpg,59
./balancer/uniform/uniform100real\59\2406.jpg,59
./balancer/uniform/uniform100real\59\2409.jpg,59
./balancer/uniform/uniform100real\59\241.jpg,59
./balancer/uniform/uniform100real\59\2413.jpg,59
./balancer/uniform/uniform100real\59\2415.jpg,59
./balancer/uniform/uniform100real\59\2437.jpg,59
./balancer/uniform/uniform100real\59\2439.jpg,59
./balancer/uniform/uniform100real\59\244.jpg,59
./balancer/uniform/uniform100real\59\245.jpg,59
./balancer/uniform/uniform100real\59\2452.jpg,59
./balancer/uniform/uniform100real\59\246.jpg,59
./balancer/uniform/uniform100real\59\2461.jpg,59
./balancer/uniform/uniform100real\59\2479.jpg,59
./balancer/uniform/uniform100real\59\248.jpg,59
./balancer/uniform/uniform100real\59\2528.jpg,59
./balancer/uniform/uniform100real\59\2539.jpg,59
./balancer/uniform/uniform100real\59\255.jpg,59
./balancer/uniform/uniform100real\59\2562.jpg,59
./balancer/uniform/uniform100real\59\2572.jpg,59
./balancer/uniform/uniform100real\59\2574.jpg,59
./balancer/uniform/uniform100real\59\2583.jpg,59
./balancer/uniform/uniform100real\59\2587.jpg,59
./balancer/uniform/uniform100real\59\2590.jpg,59
./balancer/uniform/uniform100real\59\2596.jpg,59
./balancer/uniform/uniform100real\59\2603.jpg,59
./balancer/uniform/uniform100real\59\2605.jpg,59
./balancer/uniform/uniform100real\59\2619.jpg,59
./balancer/uniform/uniform100real\59\2629.jpg,59
./balancer/uniform/uniform100real\59\2639.jpg,59
./balancer/uniform/uniform100real\59\2641.jpg,59
./balancer/uniform/uniform100real\59\2643.jpg,59
./balancer/uniform/uniform100real\59\2645.jpg,59
./balancer/uniform/uniform100real\59\2658.jpg,59
./balancer/uniform/uniform100real\59\2672.jpg,59
./balancer/uniform/uniform100real\59\269.jpg,59
./balancer/uniform/uniform100real\59\2739.jpg,59
./balancer/uniform/uniform100real\59\2745.jpg,59
./balancer/uniform/uniform100real\59\2751.jpg,59
./balancer/uniform/uniform100real\59\2791.jpg,59
./balancer/uniform/uniform100real\59\2819.jpg,59
./balancer/uniform/uniform100real\59\2844.jpg,59
./balancer/uniform/uniform100real\59\2854.jpg,59
./balancer/uniform/uniform100real\59\2860.jpg,59
./balancer/uniform/uniform100real\59\2868.jpg,59
./balancer/uniform/uniform100real\59\2870.jpg,59
./balancer/uniform/uniform100real\59\2879.jpg,59
./balancer/uniform/uniform100real\59\2882.jpg,59
./balancer/uniform/uniform100real\59\2883.jpg,59
./balancer/uniform/uniform100real\59\2911.jpg,59
./balancer/uniform/uniform100real\59\2928.jpg,59
./balancer/uniform/uniform100real\59\2973.jpg,59
./balancer/uniform/uniform100real\59\323.jpg,59
./balancer/uniform/uniform100real\59\325.jpg,59
./balancer/uniform/uniform100real\59\337.jpg,59
./balancer/uniform/uniform100real\59\344.jpg,59
./balancer/uniform/uniform100real\59\363.jpg,59
./balancer/uniform/uniform100real\59\374.jpg,59
./balancer/uniform/uniform100real\59\391.jpg,59
./balancer/uniform/uniform100real\59\404.jpg,59
./balancer/uniform/uniform100real\59\408.jpg,59
./balancer/uniform/uniform100real\59\42.jpg,59
./balancer/uniform/uniform100real\59\425.jpg,59
./balancer/uniform/uniform100real\59\433.jpg,59
./balancer/uniform/uniform100real\59\435.jpg,59
./balancer/uniform/uniform100real\59\439.jpg,59
./balancer/uniform/uniform100real\59\449.jpg,59
./balancer/uniform/uniform100real\59\450.jpg,59
./balancer/uniform/uniform100real\59\464.jpg,59
./balancer/uniform/uniform100real\59\48.jpg,59
./balancer/uniform/uniform100real\59\483.jpg,59
./balancer/uniform/uniform100real\59\5.jpg,59
./balancer/uniform/uniform100real\59\581.jpg,59
./balancer/uniform/uniform100real\59\585.jpg,59
./balancer/uniform/uniform100real\59\591.jpg,59
./balancer/uniform/uniform100real\59\604.jpg,59
./balancer/uniform/uniform100real\59\618.JPG,59
./balancer/uniform/uniform100real\59\628.jpg,59
./balancer/uniform/uniform100real\59\641.jpg,59
./balancer/uniform/uniform100real\59\646.jpg,59
./balancer/uniform/uniform100real\59\650.jpg,59
./balancer/uniform/uniform100real\59\657.jpg,59
./balancer/uniform/uniform100real\59\661.jpg,59
./balancer/uniform/uniform100real\59\708.jpg,59
./balancer/uniform/uniform100real\59\713.jpg,59
./balancer/uniform/uniform100real\59\716.jpg,59
./balancer/uniform/uniform100real\59\732.jpg,59
./balancer/uniform/uniform100real\59\773.jpg,59
./balancer/uniform/uniform100real\59\780.jpg,59
./balancer/uniform/uniform100real\59\782.jpg,59
./balancer/uniform/uniform100real\59\797.jpg,59
./balancer/uniform/uniform100real\59\815.jpg,59
./balancer/uniform/uniform100real\59\832.jpg,59
./balancer/uniform/uniform100real\59\838.jpg,59
./balancer/uniform/uniform100real\59\847.jpg,59
./balancer/uniform/uniform100real\59\857.jpg,59
./balancer/uniform/uniform100real\59\862.jpg,59
./balancer/uniform/uniform100real\59\868.jpg,59
./balancer/uniform/uniform100real\59\871.jpg,59
./balancer/uniform/uniform100real\59\892.jpg,59
./balancer/uniform/uniform100real\59\895.jpg,59
./balancer/uniform/uniform100real\59\954.jpg,59
./balancer/uniform/uniform100real\59\979.jpg,59
./balancer/uniform/uniform100real\59\980.jpg,59
./balancer/uniform/uniform100real\6\0.JPG,6
./balancer/uniform/uniform100real\6\1.jpg,6
./balancer/uniform/uniform100real\6\10.jpg,6
./balancer/uniform/uniform100real\6\100.jpg,6
./balancer/uniform/uniform100real\6\101.jpg,6
./balancer/uniform/uniform100real\6\105.jpg,6
./balancer/uniform/uniform100real\6\106.jpg,6
./balancer/uniform/uniform100real\6\107.jpg,6
./balancer/uniform/uniform100real\6\108.jpg,6
./balancer/uniform/uniform100real\6\11.jpg,6
./balancer/uniform/uniform100real\6\110.JPG,6
./balancer/uniform/uniform100real\6\113.jpg,6
./balancer/uniform/uniform100real\6\114.jpg,6
./balancer/uniform/uniform100real\6\115.jpg,6
./balancer/uniform/uniform100real\6\116.jpg,6
./balancer/uniform/uniform100real\6\118.jpg,6
./balancer/uniform/uniform100real\6\119.jpg,6
./balancer/uniform/uniform100real\6\12.jpg,6
./balancer/uniform/uniform100real\6\120.jpg,6
./balancer/uniform/uniform100real\6\121.JPG,6
./balancer/uniform/uniform100real\6\122.jpg,6
./balancer/uniform/uniform100real\6\123.jpg,6
./balancer/uniform/uniform100real\6\124.jpg,6
./balancer/uniform/uniform100real\6\125.jpg,6
./balancer/uniform/uniform100real\6\126.jpg,6
./balancer/uniform/uniform100real\6\127.jpg,6
./balancer/uniform/uniform100real\6\128.jpg,6
./balancer/uniform/uniform100real\6\129.jpg,6
./balancer/uniform/uniform100real\6\13.JPG,6
./balancer/uniform/uniform100real\6\131.jpg,6
./balancer/uniform/uniform100real\6\132.JPG,6
./balancer/uniform/uniform100real\6\133.jpg,6
./balancer/uniform/uniform100real\6\134.jpg,6
./balancer/uniform/uniform100real\6\135.jpg,6
./balancer/uniform/uniform100real\6\136.jpg,6
./balancer/uniform/uniform100real\6\138.jpg,6
./balancer/uniform/uniform100real\6\140.JPG,6
./balancer/uniform/uniform100real\6\141.jpg,6
./balancer/uniform/uniform100real\6\144.jpg,6
./balancer/uniform/uniform100real\6\145.jpg,6
./balancer/uniform/uniform100real\6\146.jpg,6
./balancer/uniform/uniform100real\6\147.jpg,6
./balancer/uniform/uniform100real\6\150.jpg,6
./balancer/uniform/uniform100real\6\152.jpg,6
./balancer/uniform/uniform100real\6\153.jpg,6
./balancer/uniform/uniform100real\6\154.jpg,6
./balancer/uniform/uniform100real\6\155.jpg,6
./balancer/uniform/uniform100real\6\156.jpg,6
./balancer/uniform/uniform100real\6\157.jpg,6
./balancer/uniform/uniform100real\6\158.jpg,6
./balancer/uniform/uniform100real\6\159.jpg,6
./balancer/uniform/uniform100real\6\16.JPG,6
./balancer/uniform/uniform100real\6\160.jpg,6
./balancer/uniform/uniform100real\6\161.JPG,6
./balancer/uniform/uniform100real\6\163.jpg,6
./balancer/uniform/uniform100real\6\167.JPG,6
./balancer/uniform/uniform100real\6\168.JPG,6
./balancer/uniform/uniform100real\6\169.JPG,6
./balancer/uniform/uniform100real\6\17.jpg,6
./balancer/uniform/uniform100real\6\170.jpg,6
./balancer/uniform/uniform100real\6\172.jpg,6
./balancer/uniform/uniform100real\6\174.jpg,6
./balancer/uniform/uniform100real\6\175.jpg,6
./balancer/uniform/uniform100real\6\176.jpg,6
./balancer/uniform/uniform100real\6\177.jpg,6
./balancer/uniform/uniform100real\6\178.jpg,6
./balancer/uniform/uniform100real\6\179.jpg,6
./balancer/uniform/uniform100real\6\18.jpg,6
./balancer/uniform/uniform100real\6\180.jpg,6
./balancer/uniform/uniform100real\6\182.JPG,6
./balancer/uniform/uniform100real\6\183.jpg,6
./balancer/uniform/uniform100real\6\184.JPG,6
./balancer/uniform/uniform100real\6\186.jpg,6
./balancer/uniform/uniform100real\6\187.jpg,6
./balancer/uniform/uniform100real\6\189.jpg,6
./balancer/uniform/uniform100real\6\19.jpg,6
./balancer/uniform/uniform100real\6\190.jpg,6
./balancer/uniform/uniform100real\6\191.JPG,6
./balancer/uniform/uniform100real\6\192.jpg,6
./balancer/uniform/uniform100real\6\195.jpg,6
./balancer/uniform/uniform100real\6\196.jpg,6
./balancer/uniform/uniform100real\6\197.jpg,6
./balancer/uniform/uniform100real\6\198.jpg,6
./balancer/uniform/uniform100real\6\199.jpg,6
./balancer/uniform/uniform100real\6\2.jpg,6
./balancer/uniform/uniform100real\6\20.jpg,6
./balancer/uniform/uniform100real\6\200.jpg,6
./balancer/uniform/uniform100real\6\201.JPG,6
./balancer/uniform/uniform100real\6\202.jpg,6
./balancer/uniform/uniform100real\6\203.JPG,6
./balancer/uniform/uniform100real\6\204.JPG,6
./balancer/uniform/uniform100real\6\205.jpg,6
./balancer/uniform/uniform100real\6\207.jpg,6
./balancer/uniform/uniform100real\6\208.jpg,6
./balancer/uniform/uniform100real\6\209.jpg,6
./balancer/uniform/uniform100real\6\21.jpg,6
./balancer/uniform/uniform100real\6\210.jpg,6
./balancer/uniform/uniform100real\6\211.jpg,6
./balancer/uniform/uniform100real\6\212.jpg,6
./balancer/uniform/uniform100real\6\213.jpg,6
./balancer/uniform/uniform100real\6\214.jpg,6
./balancer/uniform/uniform100real\6\215.jpg,6
./balancer/uniform/uniform100real\6\218.jpg,6
./balancer/uniform/uniform100real\6\219.jpg,6
./balancer/uniform/uniform100real\6\22.jpg,6
./balancer/uniform/uniform100real\6\221.jpg,6
./balancer/uniform/uniform100real\6\222.JPG,6
./balancer/uniform/uniform100real\6\223.jpg,6
./balancer/uniform/uniform100real\6\224.jpg,6
./balancer/uniform/uniform100real\6\225.jpg,6
./balancer/uniform/uniform100real\6\227.jpg,6
./balancer/uniform/uniform100real\6\228.jpg,6
./balancer/uniform/uniform100real\6\229.jpg,6
./balancer/uniform/uniform100real\6\23.jpg,6
./balancer/uniform/uniform100real\6\231.JPG,6
./balancer/uniform/uniform100real\6\232.jpg,6
./balancer/uniform/uniform100real\6\233.jpg,6
./balancer/uniform/uniform100real\6\234.jpg,6
./balancer/uniform/uniform100real\6\235.jpg,6
./balancer/uniform/uniform100real\6\237.jpg,6
./balancer/uniform/uniform100real\6\239.jpg,6
./balancer/uniform/uniform100real\6\24.jpg,6
./balancer/uniform/uniform100real\6\240.jpg,6
./balancer/uniform/uniform100real\6\241.jpg,6
./balancer/uniform/uniform100real\6\242.JPG,6
./balancer/uniform/uniform100real\6\244.jpg,6
./balancer/uniform/uniform100real\6\245.jpg,6
./balancer/uniform/uniform100real\6\247.jpg,6
./balancer/uniform/uniform100real\6\249.jpg,6
./balancer/uniform/uniform100real\6\25.jpg,6
./balancer/uniform/uniform100real\6\250.jpg,6
./balancer/uniform/uniform100real\6\251.jpg,6
./balancer/uniform/uniform100real\6\252.jpg,6
./balancer/uniform/uniform100real\6\253.jpg,6
./balancer/uniform/uniform100real\6\256.jpg,6
./balancer/uniform/uniform100real\6\257.jpg,6
./balancer/uniform/uniform100real\6\259.jpg,6
./balancer/uniform/uniform100real\6\26.jpg,6
./balancer/uniform/uniform100real\6\260.jpg,6
./balancer/uniform/uniform100real\6\261.JPG,6
./balancer/uniform/uniform100real\6\262.jpg,6
./balancer/uniform/uniform100real\6\263.jpg,6
./balancer/uniform/uniform100real\6\264.jpg,6
./balancer/uniform/uniform100real\6\265.JPG,6
./balancer/uniform/uniform100real\6\266.jpg,6
./balancer/uniform/uniform100real\6\268.jpg,6
./balancer/uniform/uniform100real\6\270.jpg,6
./balancer/uniform/uniform100real\6\271.jpg,6
./balancer/uniform/uniform100real\6\272.JPG,6
./balancer/uniform/uniform100real\6\273.JPG,6
./balancer/uniform/uniform100real\6\274.jpg,6
./balancer/uniform/uniform100real\6\275.jpg,6
./balancer/uniform/uniform100real\6\28.jpg,6
./balancer/uniform/uniform100real\6\29.jpg,6
./balancer/uniform/uniform100real\6\3.JPG,6
./balancer/uniform/uniform100real\6\30.jpg,6
./balancer/uniform/uniform100real\6\33.jpg,6
./balancer/uniform/uniform100real\6\34.jpg,6
./balancer/uniform/uniform100real\6\38.jpg,6
./balancer/uniform/uniform100real\6\39.jpg,6
./balancer/uniform/uniform100real\6\4.JPG,6
./balancer/uniform/uniform100real\6\41.jpg,6
./balancer/uniform/uniform100real\6\42.jpg,6
./balancer/uniform/uniform100real\6\43.jpg,6
./balancer/uniform/uniform100real\6\44.jpg,6
./balancer/uniform/uniform100real\6\45.JPG,6
./balancer/uniform/uniform100real\6\47.jpg,6
./balancer/uniform/uniform100real\6\49.jpg,6
./balancer/uniform/uniform100real\6\50.jpg,6
./balancer/uniform/uniform100real\6\51.jpg,6
./balancer/uniform/uniform100real\6\53.jpg,6
./balancer/uniform/uniform100real\6\55.jpg,6
./balancer/uniform/uniform100real\6\58.JPG,6
./balancer/uniform/uniform100real\6\59.jpg,6
./balancer/uniform/uniform100real\6\60.jpg,6
./balancer/uniform/uniform100real\6\61.jpg,6
./balancer/uniform/uniform100real\6\62.jpg,6
./balancer/uniform/uniform100real\6\63.JPG,6
./balancer/uniform/uniform100real\6\65.jpg,6
./balancer/uniform/uniform100real\6\67.jpg,6
./balancer/uniform/uniform100real\6\68.JPG,6
./balancer/uniform/uniform100real\6\69.JPG,6
./balancer/uniform/uniform100real\6\7.jpg,6
./balancer/uniform/uniform100real\6\70.jpg,6
./balancer/uniform/uniform100real\6\71.jpg,6
./balancer/uniform/uniform100real\6\72.jpg,6
./balancer/uniform/uniform100real\6\73.JPG,6
./balancer/uniform/uniform100real\6\74.jpg,6
./balancer/uniform/uniform100real\6\75.jpg,6
./balancer/uniform/uniform100real\6\78.jpg,6
./balancer/uniform/uniform100real\6\79.jpg,6
./balancer/uniform/uniform100real\6\8.jpg,6
./balancer/uniform/uniform100real\6\80.jpg,6
./balancer/uniform/uniform100real\6\81.jpg,6
./balancer/uniform/uniform100real\6\83.jpg,6
./balancer/uniform/uniform100real\6\84.jpg,6
./balancer/uniform/uniform100real\6\9.jpg,6
./balancer/uniform/uniform100real\6\92.jpg,6
./balancer/uniform/uniform100real\6\93.jpg,6
./balancer/uniform/uniform100real\6\96.jpg,6
./balancer/uniform/uniform100real\6\97.jpg,6
./balancer/uniform/uniform100real\6\99.jpg,6
./balancer/uniform/uniform100real\60\1061.jpg,60
./balancer/uniform/uniform100real\60\1063.jpg,60
./balancer/uniform/uniform100real\60\1065.jpg,60
./balancer/uniform/uniform100real\60\1086.jpg,60
./balancer/uniform/uniform100real\60\110.jpg,60
./balancer/uniform/uniform100real\60\1102.JPG,60
./balancer/uniform/uniform100real\60\1128.jpg,60
./balancer/uniform/uniform100real\60\1147.jpg,60
./balancer/uniform/uniform100real\60\116.jpg,60
./balancer/uniform/uniform100real\60\1164.jpg,60
./balancer/uniform/uniform100real\60\117.jpg,60
./balancer/uniform/uniform100real\60\118.jpg,60
./balancer/uniform/uniform100real\60\1196.jpg,60
./balancer/uniform/uniform100real\60\1204.jpg,60
./balancer/uniform/uniform100real\60\1207.jpg,60
./balancer/uniform/uniform100real\60\1239.jpg,60
./balancer/uniform/uniform100real\60\1277.jpg,60
./balancer/uniform/uniform100real\60\129.jpg,60
./balancer/uniform/uniform100real\60\1303.jpg,60
./balancer/uniform/uniform100real\60\1315.jpg,60
./balancer/uniform/uniform100real\60\1317.jpg,60
./balancer/uniform/uniform100real\60\132.jpg,60
./balancer/uniform/uniform100real\60\1334.jpg,60
./balancer/uniform/uniform100real\60\134.jpg,60
./balancer/uniform/uniform100real\60\1351.jpg,60
./balancer/uniform/uniform100real\60\1357.jpg,60
./balancer/uniform/uniform100real\60\137.jpg,60
./balancer/uniform/uniform100real\60\1374.jpg,60
./balancer/uniform/uniform100real\60\1386.jpg,60
./balancer/uniform/uniform100real\60\1402.jpg,60
./balancer/uniform/uniform100real\60\1405.jpg,60
./balancer/uniform/uniform100real\60\1409.jpg,60
./balancer/uniform/uniform100real\60\1411.jpg,60
./balancer/uniform/uniform100real\60\1412.jpg,60
./balancer/uniform/uniform100real\60\1425.jpg,60
./balancer/uniform/uniform100real\60\1434.jpg,60
./balancer/uniform/uniform100real\60\1455.jpg,60
./balancer/uniform/uniform100real\60\149.jpg,60
./balancer/uniform/uniform100real\60\1496.jpg,60
./balancer/uniform/uniform100real\60\1498.jpg,60
./balancer/uniform/uniform100real\60\1499.jpg,60
./balancer/uniform/uniform100real\60\150.jpg,60
./balancer/uniform/uniform100real\60\1513.jpg,60
./balancer/uniform/uniform100real\60\153.jpg,60
./balancer/uniform/uniform100real\60\1546.jpg,60
./balancer/uniform/uniform100real\60\1554.jpg,60
./balancer/uniform/uniform100real\60\1558.jpg,60
./balancer/uniform/uniform100real\60\1581.jpg,60
./balancer/uniform/uniform100real\60\1583.jpg,60
./balancer/uniform/uniform100real\60\1607.jpg,60
./balancer/uniform/uniform100real\60\1614.jpg,60
./balancer/uniform/uniform100real\60\1639.jpg,60
./balancer/uniform/uniform100real\60\164.jpg,60
./balancer/uniform/uniform100real\60\1661.jpg,60
./balancer/uniform/uniform100real\60\1684.jpg,60
./balancer/uniform/uniform100real\60\1724.jpg,60
./balancer/uniform/uniform100real\60\1734.jpg,60
./balancer/uniform/uniform100real\60\1764.jpg,60
./balancer/uniform/uniform100real\60\1771.jpg,60
./balancer/uniform/uniform100real\60\1779.jpg,60
./balancer/uniform/uniform100real\60\178.jpg,60
./balancer/uniform/uniform100real\60\1783.jpg,60
./balancer/uniform/uniform100real\60\1786.jpg,60
./balancer/uniform/uniform100real\60\1806.jpg,60
./balancer/uniform/uniform100real\60\1832.jpg,60
./balancer/uniform/uniform100real\60\1836.jpg,60
./balancer/uniform/uniform100real\60\1854.jpg,60
./balancer/uniform/uniform100real\60\1856.jpg,60
./balancer/uniform/uniform100real\60\1882.jpg,60
./balancer/uniform/uniform100real\60\1886.jpg,60
./balancer/uniform/uniform100real\60\1892.jpg,60
./balancer/uniform/uniform100real\60\1895.jpg,60
./balancer/uniform/uniform100real\60\1897.jpg,60
./balancer/uniform/uniform100real\60\1904.jpg,60
./balancer/uniform/uniform100real\60\1931.jpg,60
./balancer/uniform/uniform100real\60\1939.jpg,60
./balancer/uniform/uniform100real\60\1949.jpg,60
./balancer/uniform/uniform100real\60\195.jpg,60
./balancer/uniform/uniform100real\60\196.jpg,60
./balancer/uniform/uniform100real\60\1974.jpg,60
./balancer/uniform/uniform100real\60\1991.jpg,60
./balancer/uniform/uniform100real\60\2014.jpg,60
./balancer/uniform/uniform100real\60\2020.jpg,60
./balancer/uniform/uniform100real\60\2053.jpg,60
./balancer/uniform/uniform100real\60\2061.jpg,60
./balancer/uniform/uniform100real\60\2093.jpg,60
./balancer/uniform/uniform100real\60\211.jpg,60
./balancer/uniform/uniform100real\60\2111.jpg,60
./balancer/uniform/uniform100real\60\2130.jpg,60
./balancer/uniform/uniform100real\60\2135.jpg,60
./balancer/uniform/uniform100real\60\2160.jpg,60
./balancer/uniform/uniform100real\60\2176.jpg,60
./balancer/uniform/uniform100real\60\218.jpg,60
./balancer/uniform/uniform100real\60\219.jpg,60
./balancer/uniform/uniform100real\60\221.jpg,60
./balancer/uniform/uniform100real\60\2212.JPG,60
./balancer/uniform/uniform100real\60\2221.jpg,60
./balancer/uniform/uniform100real\60\2227.jpg,60
./balancer/uniform/uniform100real\60\223.jpg,60
./balancer/uniform/uniform100real\60\2233.jpg,60
./balancer/uniform/uniform100real\60\2234.jpg,60
./balancer/uniform/uniform100real\60\2263.jpg,60
./balancer/uniform/uniform100real\60\2276.jpg,60
./balancer/uniform/uniform100real\60\2279.jpg,60
./balancer/uniform/uniform100real\60\2296.jpg,60
./balancer/uniform/uniform100real\60\2299.jpg,60
./balancer/uniform/uniform100real\60\2301.jpg,60
./balancer/uniform/uniform100real\60\2315.jpg,60
./balancer/uniform/uniform100real\60\235.jpg,60
./balancer/uniform/uniform100real\60\2376.jpg,60
./balancer/uniform/uniform100real\60\2377.jpg,60
./balancer/uniform/uniform100real\60\2393.jpg,60
./balancer/uniform/uniform100real\60\2420.jpg,60
./balancer/uniform/uniform100real\60\2460.jpg,60
./balancer/uniform/uniform100real\60\2463.jpg,60
./balancer/uniform/uniform100real\60\2467.JPG,60
./balancer/uniform/uniform100real\60\2474.jpg,60
./balancer/uniform/uniform100real\60\249.jpg,60
./balancer/uniform/uniform100real\60\2490.jpg,60
./balancer/uniform/uniform100real\60\2494.jpg,60
./balancer/uniform/uniform100real\60\2504.jpg,60
./balancer/uniform/uniform100real\60\2526.jpg,60
./balancer/uniform/uniform100real\60\2527.jpg,60
./balancer/uniform/uniform100real\60\254.jpg,60
./balancer/uniform/uniform100real\60\2543.jpg,60
./balancer/uniform/uniform100real\60\2578.jpg,60
./balancer/uniform/uniform100real\60\258.jpg,60
./balancer/uniform/uniform100real\60\2616.jpg,60
./balancer/uniform/uniform100real\60\2627.jpg,60
./balancer/uniform/uniform100real\60\2628.jpg,60
./balancer/uniform/uniform100real\60\2632.jpg,60
./balancer/uniform/uniform100real\60\2640.jpg,60
./balancer/uniform/uniform100real\60\2652.jpg,60
./balancer/uniform/uniform100real\60\2657.jpg,60
./balancer/uniform/uniform100real\60\2660.jpg,60
./balancer/uniform/uniform100real\60\2691.jpg,60
./balancer/uniform/uniform100real\60\2703.jpg,60
./balancer/uniform/uniform100real\60\2710.jpg,60
./balancer/uniform/uniform100real\60\2727.jpg,60
./balancer/uniform/uniform100real\60\2736.jpg,60
./balancer/uniform/uniform100real\60\285.jpg,60
./balancer/uniform/uniform100real\60\291.jpg,60
./balancer/uniform/uniform100real\60\294.jpg,60
./balancer/uniform/uniform100real\60\319.jpg,60
./balancer/uniform/uniform100real\60\323.jpg,60
./balancer/uniform/uniform100real\60\345.jpg,60
./balancer/uniform/uniform100real\60\348.jpg,60
./balancer/uniform/uniform100real\60\350.jpg,60
./balancer/uniform/uniform100real\60\355.jpg,60
./balancer/uniform/uniform100real\60\365.jpg,60
./balancer/uniform/uniform100real\60\368.jpg,60
./balancer/uniform/uniform100real\60\385.jpg,60
./balancer/uniform/uniform100real\60\388.jpg,60
./balancer/uniform/uniform100real\60\39.jpg,60
./balancer/uniform/uniform100real\60\399.jpg,60
./balancer/uniform/uniform100real\60\404.jpg,60
./balancer/uniform/uniform100real\60\412.jpg,60
./balancer/uniform/uniform100real\60\432.jpg,60
./balancer/uniform/uniform100real\60\440.jpg,60
./balancer/uniform/uniform100real\60\444.jpg,60
./balancer/uniform/uniform100real\60\445.jpg,60
./balancer/uniform/uniform100real\60\45.jpg,60
./balancer/uniform/uniform100real\60\460.jpg,60
./balancer/uniform/uniform100real\60\48.jpg,60
./balancer/uniform/uniform100real\60\480.jpg,60
./balancer/uniform/uniform100real\60\518.jpg,60
./balancer/uniform/uniform100real\60\55.jpg,60
./balancer/uniform/uniform100real\60\551.jpg,60
./balancer/uniform/uniform100real\60\562.jpg,60
./balancer/uniform/uniform100real\60\567.jpg,60
./balancer/uniform/uniform100real\60\576.jpg,60
./balancer/uniform/uniform100real\60\579.jpg,60
./balancer/uniform/uniform100real\60\611.jpg,60
./balancer/uniform/uniform100real\60\637.jpg,60
./balancer/uniform/uniform100real\60\638.jpg,60
./balancer/uniform/uniform100real\60\644.jpg,60
./balancer/uniform/uniform100real\60\648.jpg,60
./balancer/uniform/uniform100real\60\660.jpg,60
./balancer/uniform/uniform100real\60\666.jpg,60
./balancer/uniform/uniform100real\60\712.jpg,60
./balancer/uniform/uniform100real\60\717.jpg,60
./balancer/uniform/uniform100real\60\726.jpg,60
./balancer/uniform/uniform100real\60\746.jpg,60
./balancer/uniform/uniform100real\60\75.jpg,60
./balancer/uniform/uniform100real\60\756.jpg,60
./balancer/uniform/uniform100real\60\765.jpg,60
./balancer/uniform/uniform100real\60\769.jpg,60
./balancer/uniform/uniform100real\60\781.jpg,60
./balancer/uniform/uniform100real\60\798.jpg,60
./balancer/uniform/uniform100real\60\8.jpg,60
./balancer/uniform/uniform100real\60\819.jpg,60
./balancer/uniform/uniform100real\60\831.jpg,60
./balancer/uniform/uniform100real\60\855.jpg,60
./balancer/uniform/uniform100real\60\871.jpg,60
./balancer/uniform/uniform100real\60\881.jpg,60
./balancer/uniform/uniform100real\60\889.jpg,60
./balancer/uniform/uniform100real\60\896.jpg,60
./balancer/uniform/uniform100real\60\912.jpg,60
./balancer/uniform/uniform100real\60\937.jpg,60
./balancer/uniform/uniform100real\60\943.jpg,60
./balancer/uniform/uniform100real\60\948.jpg,60
./balancer/uniform/uniform100real\60\967.jpg,60
./balancer/uniform/uniform100real\60\993.jpg,60
./balancer/uniform/uniform100real\61\1.jpg,61
./balancer/uniform/uniform100real\61\1000.jpg,61
./balancer/uniform/uniform100real\61\1001.jpg,61
./balancer/uniform/uniform100real\61\1006.jpg,61
./balancer/uniform/uniform100real\61\1020.jpg,61
./balancer/uniform/uniform100real\61\1032.jpg,61
./balancer/uniform/uniform100real\61\104.jpg,61
./balancer/uniform/uniform100real\61\1040.jpg,61
./balancer/uniform/uniform100real\61\1047.jpg,61
./balancer/uniform/uniform100real\61\1054.jpg,61
./balancer/uniform/uniform100real\61\1080.jpg,61
./balancer/uniform/uniform100real\61\1084.jpg,61
./balancer/uniform/uniform100real\61\1094.jpg,61
./balancer/uniform/uniform100real\61\1095.jpg,61
./balancer/uniform/uniform100real\61\1099.jpg,61
./balancer/uniform/uniform100real\61\1118.jpg,61
./balancer/uniform/uniform100real\61\1136.jpg,61
./balancer/uniform/uniform100real\61\1139.jpg,61
./balancer/uniform/uniform100real\61\1149.jpg,61
./balancer/uniform/uniform100real\61\116.jpg,61
./balancer/uniform/uniform100real\61\117.jpg,61
./balancer/uniform/uniform100real\61\1171.jpg,61
./balancer/uniform/uniform100real\61\118.jpg,61
./balancer/uniform/uniform100real\61\1180.jpg,61
./balancer/uniform/uniform100real\61\1203.jpg,61
./balancer/uniform/uniform100real\61\1255.jpg,61
./balancer/uniform/uniform100real\61\1261.jpg,61
./balancer/uniform/uniform100real\61\1262.jpg,61
./balancer/uniform/uniform100real\61\1265.jpg,61
./balancer/uniform/uniform100real\61\1283.JPG,61
./balancer/uniform/uniform100real\61\129.jpg,61
./balancer/uniform/uniform100real\61\1295.jpg,61
./balancer/uniform/uniform100real\61\1297.jpg,61
./balancer/uniform/uniform100real\61\13.jpg,61
./balancer/uniform/uniform100real\61\1308.jpg,61
./balancer/uniform/uniform100real\61\1309.jpg,61
./balancer/uniform/uniform100real\61\1327.jpg,61
./balancer/uniform/uniform100real\61\1333.jpg,61
./balancer/uniform/uniform100real\61\1353.jpg,61
./balancer/uniform/uniform100real\61\1369.jpg,61
./balancer/uniform/uniform100real\61\139.jpg,61
./balancer/uniform/uniform100real\61\1400.jpg,61
./balancer/uniform/uniform100real\61\1402.jpg,61
./balancer/uniform/uniform100real\61\1417.jpg,61
./balancer/uniform/uniform100real\61\145.jpg,61
./balancer/uniform/uniform100real\61\1460.jpg,61
./balancer/uniform/uniform100real\61\1466.jpg,61
./balancer/uniform/uniform100real\61\1477.jpg,61
./balancer/uniform/uniform100real\61\1480.jpg,61
./balancer/uniform/uniform100real\61\1505.jpg,61
./balancer/uniform/uniform100real\61\1509.jpg,61
./balancer/uniform/uniform100real\61\1510.jpg,61
./balancer/uniform/uniform100real\61\1528.jpg,61
./balancer/uniform/uniform100real\61\1533.jpg,61
./balancer/uniform/uniform100real\61\1539.jpg,61
./balancer/uniform/uniform100real\61\1552.jpg,61
./balancer/uniform/uniform100real\61\1555.jpg,61
./balancer/uniform/uniform100real\61\1562.jpg,61
./balancer/uniform/uniform100real\61\1577.jpg,61
./balancer/uniform/uniform100real\61\1581.JPG,61
./balancer/uniform/uniform100real\61\1612.jpg,61
./balancer/uniform/uniform100real\61\1615.jpg,61
./balancer/uniform/uniform100real\61\1619.jpg,61
./balancer/uniform/uniform100real\61\1620.jpg,61
./balancer/uniform/uniform100real\61\1629.jpg,61
./balancer/uniform/uniform100real\61\1643.jpg,61
./balancer/uniform/uniform100real\61\1665.jpg,61
./balancer/uniform/uniform100real\61\1670.jpg,61
./balancer/uniform/uniform100real\61\1697.jpg,61
./balancer/uniform/uniform100real\61\1704.jpg,61
./balancer/uniform/uniform100real\61\1707.jpg,61
./balancer/uniform/uniform100real\61\1716.jpg,61
./balancer/uniform/uniform100real\61\1723.jpg,61
./balancer/uniform/uniform100real\61\1729.jpg,61
./balancer/uniform/uniform100real\61\1744.jpg,61
./balancer/uniform/uniform100real\61\1748.jpg,61
./balancer/uniform/uniform100real\61\1754.jpg,61
./balancer/uniform/uniform100real\61\1764.jpg,61
./balancer/uniform/uniform100real\61\1766.jpg,61
./balancer/uniform/uniform100real\61\1768.jpg,61
./balancer/uniform/uniform100real\61\1769.jpg,61
./balancer/uniform/uniform100real\61\1787.jpg,61
./balancer/uniform/uniform100real\61\1801.jpg,61
./balancer/uniform/uniform100real\61\1808.jpg,61
./balancer/uniform/uniform100real\61\1831.jpg,61
./balancer/uniform/uniform100real\61\1837.jpg,61
./balancer/uniform/uniform100real\61\1838.jpg,61
./balancer/uniform/uniform100real\61\1844.jpg,61
./balancer/uniform/uniform100real\61\1846.jpg,61
./balancer/uniform/uniform100real\61\1865.jpg,61
./balancer/uniform/uniform100real\61\1879.jpg,61
./balancer/uniform/uniform100real\61\1898.jpg,61
./balancer/uniform/uniform100real\61\19.jpg,61
./balancer/uniform/uniform100real\61\1908.jpg,61
./balancer/uniform/uniform100real\61\1916.jpg,61
./balancer/uniform/uniform100real\61\1925.jpg,61
./balancer/uniform/uniform100real\61\1947.jpg,61
./balancer/uniform/uniform100real\61\1961.jpg,61
./balancer/uniform/uniform100real\61\197.jpg,61
./balancer/uniform/uniform100real\61\1997.jpg,61
./balancer/uniform/uniform100real\61\2002.jpg,61
./balancer/uniform/uniform100real\61\2008.jpg,61
./balancer/uniform/uniform100real\61\2034.jpg,61
./balancer/uniform/uniform100real\61\2047.jpg,61
./balancer/uniform/uniform100real\61\205.jpg,61
./balancer/uniform/uniform100real\61\2052.jpg,61
./balancer/uniform/uniform100real\61\2056.jpg,61
./balancer/uniform/uniform100real\61\2073.jpg,61
./balancer/uniform/uniform100real\61\2094.jpg,61
./balancer/uniform/uniform100real\61\2110.jpg,61
./balancer/uniform/uniform100real\61\2114.jpg,61
./balancer/uniform/uniform100real\61\2139.jpg,61
./balancer/uniform/uniform100real\61\2142.jpg,61
./balancer/uniform/uniform100real\61\2160.jpg,61
./balancer/uniform/uniform100real\61\2171.jpg,61
./balancer/uniform/uniform100real\61\2173.jpg,61
./balancer/uniform/uniform100real\61\2175.jpg,61
./balancer/uniform/uniform100real\61\2176.jpg,61
./balancer/uniform/uniform100real\61\218.jpg,61
./balancer/uniform/uniform100real\61\2185.jpg,61
./balancer/uniform/uniform100real\61\2202.jpg,61
./balancer/uniform/uniform100real\61\2234.jpg,61
./balancer/uniform/uniform100real\61\2239.jpg,61
./balancer/uniform/uniform100real\61\2241.jpg,61
./balancer/uniform/uniform100real\61\226.jpg,61
./balancer/uniform/uniform100real\61\2273.jpg,61
./balancer/uniform/uniform100real\61\2274.jpg,61
./balancer/uniform/uniform100real\61\2281.jpg,61
./balancer/uniform/uniform100real\61\2298.jpg,61
./balancer/uniform/uniform100real\61\2313.jpg,61
./balancer/uniform/uniform100real\61\2317.jpg,61
./balancer/uniform/uniform100real\61\2340.jpg,61
./balancer/uniform/uniform100real\61\2345.jpg,61
./balancer/uniform/uniform100real\61\2352.jpg,61
./balancer/uniform/uniform100real\61\2354.jpg,61
./balancer/uniform/uniform100real\61\2357.jpg,61
./balancer/uniform/uniform100real\61\2361.jpg,61
./balancer/uniform/uniform100real\61\237.jpg,61
./balancer/uniform/uniform100real\61\2393.jpg,61
./balancer/uniform/uniform100real\61\2403.jpg,61
./balancer/uniform/uniform100real\61\2406.jpg,61
./balancer/uniform/uniform100real\61\2407.jpg,61
./balancer/uniform/uniform100real\61\2415.jpg,61
./balancer/uniform/uniform100real\61\2419.jpg,61
./balancer/uniform/uniform100real\61\2421.jpg,61
./balancer/uniform/uniform100real\61\2422.jpg,61
./balancer/uniform/uniform100real\61\271.jpg,61
./balancer/uniform/uniform100real\61\292.jpg,61
./balancer/uniform/uniform100real\61\32.jpg,61
./balancer/uniform/uniform100real\61\323.jpg,61
./balancer/uniform/uniform100real\61\325.jpg,61
./balancer/uniform/uniform100real\61\340.jpg,61
./balancer/uniform/uniform100real\61\356.jpg,61
./balancer/uniform/uniform100real\61\41.jpg,61
./balancer/uniform/uniform100real\61\416.jpg,61
./balancer/uniform/uniform100real\61\428.jpg,61
./balancer/uniform/uniform100real\61\467.jpg,61
./balancer/uniform/uniform100real\61\470.jpg,61
./balancer/uniform/uniform100real\61\474.jpg,61
./balancer/uniform/uniform100real\61\485.jpg,61
./balancer/uniform/uniform100real\61\504.jpg,61
./balancer/uniform/uniform100real\61\509.jpg,61
./balancer/uniform/uniform100real\61\523.jpg,61
./balancer/uniform/uniform100real\61\556.jpg,61
./balancer/uniform/uniform100real\61\58.jpg,61
./balancer/uniform/uniform100real\61\603.jpg,61
./balancer/uniform/uniform100real\61\61.jpg,61
./balancer/uniform/uniform100real\61\619.jpg,61
./balancer/uniform/uniform100real\61\645.jpg,61
./balancer/uniform/uniform100real\61\663.jpg,61
./balancer/uniform/uniform100real\61\683.jpg,61
./balancer/uniform/uniform100real\61\717.jpg,61
./balancer/uniform/uniform100real\61\727.jpg,61
./balancer/uniform/uniform100real\61\73.jpg,61
./balancer/uniform/uniform100real\61\730.jpg,61
./balancer/uniform/uniform100real\61\738.jpg,61
./balancer/uniform/uniform100real\61\742.jpg,61
./balancer/uniform/uniform100real\61\745.jpg,61
./balancer/uniform/uniform100real\61\754.jpg,61
./balancer/uniform/uniform100real\61\757.jpg,61
./balancer/uniform/uniform100real\61\775.jpg,61
./balancer/uniform/uniform100real\61\779.jpg,61
./balancer/uniform/uniform100real\61\79.jpg,61
./balancer/uniform/uniform100real\61\798.jpg,61
./balancer/uniform/uniform100real\61\806.jpg,61
./balancer/uniform/uniform100real\61\844.jpg,61
./balancer/uniform/uniform100real\61\85.jpg,61
./balancer/uniform/uniform100real\61\878.jpg,61
./balancer/uniform/uniform100real\61\895.jpg,61
./balancer/uniform/uniform100real\61\910.jpg,61
./balancer/uniform/uniform100real\61\912.jpg,61
./balancer/uniform/uniform100real\61\923.jpg,61
./balancer/uniform/uniform100real\61\924.JPG,61
./balancer/uniform/uniform100real\61\926.jpg,61
./balancer/uniform/uniform100real\61\928.jpg,61
./balancer/uniform/uniform100real\61\936.jpg,61
./balancer/uniform/uniform100real\61\945.jpg,61
./balancer/uniform/uniform100real\61\947.jpg,61
./balancer/uniform/uniform100real\61\95.jpg,61
./balancer/uniform/uniform100real\61\951.jpg,61
./balancer/uniform/uniform100real\61\954.jpg,61
./balancer/uniform/uniform100real\61\987.jpg,61
./balancer/uniform/uniform100real\61\997.jpg,61
./balancer/uniform/uniform100real\62\1013.jpg,62
./balancer/uniform/uniform100real\62\1019.jpg,62
./balancer/uniform/uniform100real\62\1059.jpg,62
./balancer/uniform/uniform100real\62\1066.jpg,62
./balancer/uniform/uniform100real\62\1070.jpg,62
./balancer/uniform/uniform100real\62\109.jpg,62
./balancer/uniform/uniform100real\62\1122.jpg,62
./balancer/uniform/uniform100real\62\1125.jpg,62
./balancer/uniform/uniform100real\62\114.jpg,62
./balancer/uniform/uniform100real\62\1140.JPG,62
./balancer/uniform/uniform100real\62\1149.jpg,62
./balancer/uniform/uniform100real\62\1152.jpg,62
./balancer/uniform/uniform100real\62\1156.jpg,62
./balancer/uniform/uniform100real\62\1184.jpg,62
./balancer/uniform/uniform100real\62\1187.jpg,62
./balancer/uniform/uniform100real\62\1196.jpg,62
./balancer/uniform/uniform100real\62\1198.jpg,62
./balancer/uniform/uniform100real\62\1203.jpg,62
./balancer/uniform/uniform100real\62\121.jpg,62
./balancer/uniform/uniform100real\62\1213.jpg,62
./balancer/uniform/uniform100real\62\1218.jpg,62
./balancer/uniform/uniform100real\62\1227.jpg,62
./balancer/uniform/uniform100real\62\1243.jpg,62
./balancer/uniform/uniform100real\62\1248.jpg,62
./balancer/uniform/uniform100real\62\1254.jpg,62
./balancer/uniform/uniform100real\62\1258.jpg,62
./balancer/uniform/uniform100real\62\1259.jpg,62
./balancer/uniform/uniform100real\62\1273.jpg,62
./balancer/uniform/uniform100real\62\1285.jpg,62
./balancer/uniform/uniform100real\62\1287.jpg,62
./balancer/uniform/uniform100real\62\1291.jpg,62
./balancer/uniform/uniform100real\62\1295.jpg,62
./balancer/uniform/uniform100real\62\1309.jpg,62
./balancer/uniform/uniform100real\62\1312.jpg,62
./balancer/uniform/uniform100real\62\1322.jpg,62
./balancer/uniform/uniform100real\62\1353.jpg,62
./balancer/uniform/uniform100real\62\1355.jpg,62
./balancer/uniform/uniform100real\62\1376.jpg,62
./balancer/uniform/uniform100real\62\1377.jpg,62
./balancer/uniform/uniform100real\62\1383.jpg,62
./balancer/uniform/uniform100real\62\1386.jpg,62
./balancer/uniform/uniform100real\62\1389.jpg,62
./balancer/uniform/uniform100real\62\1390.jpg,62
./balancer/uniform/uniform100real\62\1393.jpg,62
./balancer/uniform/uniform100real\62\1406.jpg,62
./balancer/uniform/uniform100real\62\1412.jpg,62
./balancer/uniform/uniform100real\62\1424.jpg,62
./balancer/uniform/uniform100real\62\143.jpg,62
./balancer/uniform/uniform100real\62\1430.jpg,62
./balancer/uniform/uniform100real\62\1438.jpg,62
./balancer/uniform/uniform100real\62\1457.jpg,62
./balancer/uniform/uniform100real\62\1465.jpg,62
./balancer/uniform/uniform100real\62\1473.jpg,62
./balancer/uniform/uniform100real\62\1491.jpg,62
./balancer/uniform/uniform100real\62\1503.jpg,62
./balancer/uniform/uniform100real\62\1511.jpg,62
./balancer/uniform/uniform100real\62\1518.jpg,62
./balancer/uniform/uniform100real\62\1524.jpg,62
./balancer/uniform/uniform100real\62\1534.jpg,62
./balancer/uniform/uniform100real\62\1535.jpg,62
./balancer/uniform/uniform100real\62\1568.jpg,62
./balancer/uniform/uniform100real\62\1586.jpg,62
./balancer/uniform/uniform100real\62\1600.JPG,62
./balancer/uniform/uniform100real\62\1646.jpg,62
./balancer/uniform/uniform100real\62\1648.jpg,62
./balancer/uniform/uniform100real\62\1652.jpg,62
./balancer/uniform/uniform100real\62\1656.jpg,62
./balancer/uniform/uniform100real\62\1660.jpg,62
./balancer/uniform/uniform100real\62\1686.jpg,62
./balancer/uniform/uniform100real\62\1693.jpg,62
./balancer/uniform/uniform100real\62\1695.jpg,62
./balancer/uniform/uniform100real\62\1697.jpg,62
./balancer/uniform/uniform100real\62\17.jpg,62
./balancer/uniform/uniform100real\62\170.jpg,62
./balancer/uniform/uniform100real\62\1702.jpg,62
./balancer/uniform/uniform100real\62\1736.jpg,62
./balancer/uniform/uniform100real\62\1749.jpg,62
./balancer/uniform/uniform100real\62\1752.jpg,62
./balancer/uniform/uniform100real\62\1756.jpg,62
./balancer/uniform/uniform100real\62\176.jpg,62
./balancer/uniform/uniform100real\62\1763.jpg,62
./balancer/uniform/uniform100real\62\1785.jpg,62
./balancer/uniform/uniform100real\62\1786.jpg,62
./balancer/uniform/uniform100real\62\179.jpg,62
./balancer/uniform/uniform100real\62\1805.jpg,62
./balancer/uniform/uniform100real\62\1820.jpg,62
./balancer/uniform/uniform100real\62\1836.jpg,62
./balancer/uniform/uniform100real\62\1842.jpg,62
./balancer/uniform/uniform100real\62\1845.jpg,62
./balancer/uniform/uniform100real\62\1846.jpg,62
./balancer/uniform/uniform100real\62\1847.jpg,62
./balancer/uniform/uniform100real\62\1874.jpg,62
./balancer/uniform/uniform100real\62\189.jpg,62
./balancer/uniform/uniform100real\62\1892.jpg,62
./balancer/uniform/uniform100real\62\1899.jpg,62
./balancer/uniform/uniform100real\62\1903.jpg,62
./balancer/uniform/uniform100real\62\1912.jpg,62
./balancer/uniform/uniform100real\62\1924.jpg,62
./balancer/uniform/uniform100real\62\1930.jpg,62
./balancer/uniform/uniform100real\62\1969.jpg,62
./balancer/uniform/uniform100real\62\1977.jpg,62
./balancer/uniform/uniform100real\62\1990.jpg,62
./balancer/uniform/uniform100real\62\2015.jpg,62
./balancer/uniform/uniform100real\62\2022.jpg,62
./balancer/uniform/uniform100real\62\2026.jpg,62
./balancer/uniform/uniform100real\62\2027.jpg,62
./balancer/uniform/uniform100real\62\2040.jpg,62
./balancer/uniform/uniform100real\62\2044.jpg,62
./balancer/uniform/uniform100real\62\2045.jpg,62
./balancer/uniform/uniform100real\62\2047.jpg,62
./balancer/uniform/uniform100real\62\2069.jpg,62
./balancer/uniform/uniform100real\62\207.jpg,62
./balancer/uniform/uniform100real\62\2089.jpg,62
./balancer/uniform/uniform100real\62\2091.jpg,62
./balancer/uniform/uniform100real\62\2092.jpg,62
./balancer/uniform/uniform100real\62\2106.jpg,62
./balancer/uniform/uniform100real\62\2116.jpg,62
./balancer/uniform/uniform100real\62\2128.jpg,62
./balancer/uniform/uniform100real\62\2131.jpg,62
./balancer/uniform/uniform100real\62\2141.jpg,62
./balancer/uniform/uniform100real\62\2150.jpg,62
./balancer/uniform/uniform100real\62\2153.jpg,62
./balancer/uniform/uniform100real\62\2168.jpg,62
./balancer/uniform/uniform100real\62\2197.JPG,62
./balancer/uniform/uniform100real\62\2201.jpg,62
./balancer/uniform/uniform100real\62\2211.jpg,62
./balancer/uniform/uniform100real\62\222.jpg,62
./balancer/uniform/uniform100real\62\2241.jpg,62
./balancer/uniform/uniform100real\62\225.jpg,62
./balancer/uniform/uniform100real\62\2263.jpg,62
./balancer/uniform/uniform100real\62\2264.jpg,62
./balancer/uniform/uniform100real\62\2269.jpg,62
./balancer/uniform/uniform100real\62\2285.jpg,62
./balancer/uniform/uniform100real\62\2287.jpg,62
./balancer/uniform/uniform100real\62\2307.jpg,62
./balancer/uniform/uniform100real\62\2312.jpg,62
./balancer/uniform/uniform100real\62\2317.jpg,62
./balancer/uniform/uniform100real\62\2329.jpg,62
./balancer/uniform/uniform100real\62\239.jpg,62
./balancer/uniform/uniform100real\62\25.jpg,62
./balancer/uniform/uniform100real\62\253.jpg,62
./balancer/uniform/uniform100real\62\274.jpg,62
./balancer/uniform/uniform100real\62\301.jpg,62
./balancer/uniform/uniform100real\62\305.jpg,62
./balancer/uniform/uniform100real\62\32.jpg,62
./balancer/uniform/uniform100real\62\320.jpg,62
./balancer/uniform/uniform100real\62\343.jpg,62
./balancer/uniform/uniform100real\62\353.jpg,62
./balancer/uniform/uniform100real\62\362.jpg,62
./balancer/uniform/uniform100real\62\374.jpg,62
./balancer/uniform/uniform100real\62\384.jpg,62
./balancer/uniform/uniform100real\62\387.JPG,62
./balancer/uniform/uniform100real\62\389.jpg,62
./balancer/uniform/uniform100real\62\392.jpg,62
./balancer/uniform/uniform100real\62\396.jpg,62
./balancer/uniform/uniform100real\62\404.jpg,62
./balancer/uniform/uniform100real\62\406.jpg,62
./balancer/uniform/uniform100real\62\42.jpg,62
./balancer/uniform/uniform100real\62\420.jpg,62
./balancer/uniform/uniform100real\62\427.jpg,62
./balancer/uniform/uniform100real\62\483.jpg,62
./balancer/uniform/uniform100real\62\497.jpg,62
./balancer/uniform/uniform100real\62\499.jpg,62
./balancer/uniform/uniform100real\62\543.jpg,62
./balancer/uniform/uniform100real\62\595.jpg,62
./balancer/uniform/uniform100real\62\613.jpg,62
./balancer/uniform/uniform100real\62\628.jpg,62
./balancer/uniform/uniform100real\62\647.jpg,62
./balancer/uniform/uniform100real\62\665.jpg,62
./balancer/uniform/uniform100real\62\681.jpg,62
./balancer/uniform/uniform100real\62\683.jpg,62
./balancer/uniform/uniform100real\62\692.jpg,62
./balancer/uniform/uniform100real\62\694.JPG,62
./balancer/uniform/uniform100real\62\715.jpg,62
./balancer/uniform/uniform100real\62\719.jpg,62
./balancer/uniform/uniform100real\62\723.jpg,62
./balancer/uniform/uniform100real\62\729.jpg,62
./balancer/uniform/uniform100real\62\763.jpg,62
./balancer/uniform/uniform100real\62\765.jpg,62
./balancer/uniform/uniform100real\62\788.jpg,62
./balancer/uniform/uniform100real\62\792.jpg,62
./balancer/uniform/uniform100real\62\803.jpg,62
./balancer/uniform/uniform100real\62\809.jpg,62
./balancer/uniform/uniform100real\62\814.jpg,62
./balancer/uniform/uniform100real\62\835.jpg,62
./balancer/uniform/uniform100real\62\852.jpg,62
./balancer/uniform/uniform100real\62\860.jpg,62
./balancer/uniform/uniform100real\62\869.jpg,62
./balancer/uniform/uniform100real\62\91.jpg,62
./balancer/uniform/uniform100real\62\912.jpg,62
./balancer/uniform/uniform100real\62\913.jpg,62
./balancer/uniform/uniform100real\62\920.jpg,62
./balancer/uniform/uniform100real\62\938.jpg,62
./balancer/uniform/uniform100real\62\939.jpg,62
./balancer/uniform/uniform100real\62\949.jpg,62
./balancer/uniform/uniform100real\62\951.jpg,62
./balancer/uniform/uniform100real\62\957.jpg,62
./balancer/uniform/uniform100real\62\958.jpg,62
./balancer/uniform/uniform100real\62\963.jpg,62
./balancer/uniform/uniform100real\62\967.jpg,62
./balancer/uniform/uniform100real\62\970.jpg,62
./balancer/uniform/uniform100real\62\972.jpg,62
./balancer/uniform/uniform100real\62\995.jpg,62
./balancer/uniform/uniform100real\63\1014.jpg,63
./balancer/uniform/uniform100real\63\102.jpg,63
./balancer/uniform/uniform100real\63\1023.jpg,63
./balancer/uniform/uniform100real\63\1024.jpg,63
./balancer/uniform/uniform100real\63\1026.jpg,63
./balancer/uniform/uniform100real\63\1037.jpg,63
./balancer/uniform/uniform100real\63\1044.jpg,63
./balancer/uniform/uniform100real\63\1045.jpg,63
./balancer/uniform/uniform100real\63\1049.jpg,63
./balancer/uniform/uniform100real\63\1054.jpg,63
./balancer/uniform/uniform100real\63\1060.jpg,63
./balancer/uniform/uniform100real\63\1081.jpg,63
./balancer/uniform/uniform100real\63\1083.jpg,63
./balancer/uniform/uniform100real\63\1087.jpg,63
./balancer/uniform/uniform100real\63\110.jpg,63
./balancer/uniform/uniform100real\63\1108.jpg,63
./balancer/uniform/uniform100real\63\1111.jpg,63
./balancer/uniform/uniform100real\63\1117.jpg,63
./balancer/uniform/uniform100real\63\1150.jpg,63
./balancer/uniform/uniform100real\63\1161.jpg,63
./balancer/uniform/uniform100real\63\1172.jpg,63
./balancer/uniform/uniform100real\63\1177.jpg,63
./balancer/uniform/uniform100real\63\1189.jpg,63
./balancer/uniform/uniform100real\63\1190.jpg,63
./balancer/uniform/uniform100real\63\1191.jpg,63
./balancer/uniform/uniform100real\63\1195.jpg,63
./balancer/uniform/uniform100real\63\1200.jpg,63
./balancer/uniform/uniform100real\63\1220.jpg,63
./balancer/uniform/uniform100real\63\1222.jpg,63
./balancer/uniform/uniform100real\63\1224.jpg,63
./balancer/uniform/uniform100real\63\1225.jpg,63
./balancer/uniform/uniform100real\63\1241.jpg,63
./balancer/uniform/uniform100real\63\1265.jpg,63
./balancer/uniform/uniform100real\63\1270.jpg,63
./balancer/uniform/uniform100real\63\1271.jpg,63
./balancer/uniform/uniform100real\63\1288.jpg,63
./balancer/uniform/uniform100real\63\1292.jpg,63
./balancer/uniform/uniform100real\63\131.jpg,63
./balancer/uniform/uniform100real\63\1320.jpg,63
./balancer/uniform/uniform100real\63\1327.jpg,63
./balancer/uniform/uniform100real\63\1328.jpg,63
./balancer/uniform/uniform100real\63\1335.jpg,63
./balancer/uniform/uniform100real\63\1341.jpg,63
./balancer/uniform/uniform100real\63\1353.jpg,63
./balancer/uniform/uniform100real\63\1378.jpg,63
./balancer/uniform/uniform100real\63\1392.jpg,63
./balancer/uniform/uniform100real\63\1407.jpg,63
./balancer/uniform/uniform100real\63\1417.jpg,63
./balancer/uniform/uniform100real\63\1419.jpg,63
./balancer/uniform/uniform100real\63\1424.jpg,63
./balancer/uniform/uniform100real\63\1427.jpg,63
./balancer/uniform/uniform100real\63\1441.jpg,63
./balancer/uniform/uniform100real\63\1448.jpg,63
./balancer/uniform/uniform100real\63\1473.jpg,63
./balancer/uniform/uniform100real\63\1482.jpg,63
./balancer/uniform/uniform100real\63\153.jpg,63
./balancer/uniform/uniform100real\63\1536.jpg,63
./balancer/uniform/uniform100real\63\1543.jpg,63
./balancer/uniform/uniform100real\63\1551.jpg,63
./balancer/uniform/uniform100real\63\1555.jpg,63
./balancer/uniform/uniform100real\63\1557.jpg,63
./balancer/uniform/uniform100real\63\1561.jpg,63
./balancer/uniform/uniform100real\63\1566.jpg,63
./balancer/uniform/uniform100real\63\1577.jpg,63
./balancer/uniform/uniform100real\63\1586.jpg,63
./balancer/uniform/uniform100real\63\159.jpg,63
./balancer/uniform/uniform100real\63\1631.jpg,63
./balancer/uniform/uniform100real\63\1647.jpg,63
./balancer/uniform/uniform100real\63\1652.jpg,63
./balancer/uniform/uniform100real\63\1666.jpg,63
./balancer/uniform/uniform100real\63\1670.jpg,63
./balancer/uniform/uniform100real\63\1672.jpg,63
./balancer/uniform/uniform100real\63\1676.jpg,63
./balancer/uniform/uniform100real\63\1687.jpg,63
./balancer/uniform/uniform100real\63\1696.jpg,63
./balancer/uniform/uniform100real\63\1714.jpg,63
./balancer/uniform/uniform100real\63\1715.jpg,63
./balancer/uniform/uniform100real\63\1719.jpg,63
./balancer/uniform/uniform100real\63\1746.jpg,63
./balancer/uniform/uniform100real\63\1749.jpg,63
./balancer/uniform/uniform100real\63\1765.jpg,63
./balancer/uniform/uniform100real\63\1768.jpg,63
./balancer/uniform/uniform100real\63\1773.jpg,63
./balancer/uniform/uniform100real\63\1778.jpg,63
./balancer/uniform/uniform100real\63\1779.jpg,63
./balancer/uniform/uniform100real\63\1791.jpg,63
./balancer/uniform/uniform100real\63\1811.jpg,63
./balancer/uniform/uniform100real\63\1824.jpg,63
./balancer/uniform/uniform100real\63\1831.jpg,63
./balancer/uniform/uniform100real\63\1837.jpg,63
./balancer/uniform/uniform100real\63\1845.jpg,63
./balancer/uniform/uniform100real\63\1849.jpg,63
./balancer/uniform/uniform100real\63\1852.jpg,63
./balancer/uniform/uniform100real\63\1860.jpg,63
./balancer/uniform/uniform100real\63\1865.jpg,63
./balancer/uniform/uniform100real\63\1875.jpg,63
./balancer/uniform/uniform100real\63\1884.jpg,63
./balancer/uniform/uniform100real\63\190.jpg,63
./balancer/uniform/uniform100real\63\1902.jpg,63
./balancer/uniform/uniform100real\63\1904.jpg,63
./balancer/uniform/uniform100real\63\1905.jpg,63
./balancer/uniform/uniform100real\63\1907.jpg,63
./balancer/uniform/uniform100real\63\1909.jpg,63
./balancer/uniform/uniform100real\63\1910.jpg,63
./balancer/uniform/uniform100real\63\1914.jpg,63
./balancer/uniform/uniform100real\63\1925.jpg,63
./balancer/uniform/uniform100real\63\1937.jpg,63
./balancer/uniform/uniform100real\63\1943.jpg,63
./balancer/uniform/uniform100real\63\2.jpg,63
./balancer/uniform/uniform100real\63\201.jpg,63
./balancer/uniform/uniform100real\63\218.jpg,63
./balancer/uniform/uniform100real\63\22.jpg,63
./balancer/uniform/uniform100real\63\226.jpg,63
./balancer/uniform/uniform100real\63\230.jpg,63
./balancer/uniform/uniform100real\63\263.jpg,63
./balancer/uniform/uniform100real\63\266.jpg,63
./balancer/uniform/uniform100real\63\27.jpg,63
./balancer/uniform/uniform100real\63\272.jpg,63
./balancer/uniform/uniform100real\63\273.jpg,63
./balancer/uniform/uniform100real\63\277.jpg,63
./balancer/uniform/uniform100real\63\278.jpg,63
./balancer/uniform/uniform100real\63\293.jpg,63
./balancer/uniform/uniform100real\63\296.jpg,63
./balancer/uniform/uniform100real\63\298.jpg,63
./balancer/uniform/uniform100real\63\313.jpg,63
./balancer/uniform/uniform100real\63\32.jpg,63
./balancer/uniform/uniform100real\63\320.jpg,63
./balancer/uniform/uniform100real\63\323.jpg,63
./balancer/uniform/uniform100real\63\336.jpg,63
./balancer/uniform/uniform100real\63\344.jpg,63
./balancer/uniform/uniform100real\63\354.jpg,63
./balancer/uniform/uniform100real\63\357.jpg,63
./balancer/uniform/uniform100real\63\359.jpg,63
./balancer/uniform/uniform100real\63\380.jpg,63
./balancer/uniform/uniform100real\63\383.jpg,63
./balancer/uniform/uniform100real\63\386.jpg,63
./balancer/uniform/uniform100real\63\389.jpg,63
./balancer/uniform/uniform100real\63\395.jpg,63
./balancer/uniform/uniform100real\63\417.jpg,63
./balancer/uniform/uniform100real\63\421.jpg,63
./balancer/uniform/uniform100real\63\425.jpg,63
./balancer/uniform/uniform100real\63\434.jpg,63
./balancer/uniform/uniform100real\63\436.jpg,63
./balancer/uniform/uniform100real\63\464.jpg,63
./balancer/uniform/uniform100real\63\467.jpg,63
./balancer/uniform/uniform100real\63\481.jpg,63
./balancer/uniform/uniform100real\63\482.jpg,63
./balancer/uniform/uniform100real\63\486.jpg,63
./balancer/uniform/uniform100real\63\49.jpg,63
./balancer/uniform/uniform100real\63\508.jpg,63
./balancer/uniform/uniform100real\63\522.jpg,63
./balancer/uniform/uniform100real\63\525.JPG,63
./balancer/uniform/uniform100real\63\529.jpg,63
./balancer/uniform/uniform100real\63\532.jpg,63
./balancer/uniform/uniform100real\63\540.jpg,63
./balancer/uniform/uniform100real\63\541.jpg,63
./balancer/uniform/uniform100real\63\545.jpg,63
./balancer/uniform/uniform100real\63\546.jpg,63
./balancer/uniform/uniform100real\63\574.jpg,63
./balancer/uniform/uniform100real\63\579.jpg,63
./balancer/uniform/uniform100real\63\585.jpg,63
./balancer/uniform/uniform100real\63\592.jpg,63
./balancer/uniform/uniform100real\63\601.jpg,63
./balancer/uniform/uniform100real\63\623.jpg,63
./balancer/uniform/uniform100real\63\630.jpg,63
./balancer/uniform/uniform100real\63\631.jpg,63
./balancer/uniform/uniform100real\63\640.jpg,63
./balancer/uniform/uniform100real\63\644.jpg,63
./balancer/uniform/uniform100real\63\674.jpg,63
./balancer/uniform/uniform100real\63\675.jpg,63
./balancer/uniform/uniform100real\63\677.jpg,63
./balancer/uniform/uniform100real\63\679.jpg,63
./balancer/uniform/uniform100real\63\736.jpg,63
./balancer/uniform/uniform100real\63\742.jpg,63
./balancer/uniform/uniform100real\63\753.jpg,63
./balancer/uniform/uniform100real\63\77.jpg,63
./balancer/uniform/uniform100real\63\770.jpg,63
./balancer/uniform/uniform100real\63\773.jpg,63
./balancer/uniform/uniform100real\63\777.jpg,63
./balancer/uniform/uniform100real\63\782.jpg,63
./balancer/uniform/uniform100real\63\783.jpg,63
./balancer/uniform/uniform100real\63\809.jpg,63
./balancer/uniform/uniform100real\63\816.jpg,63
./balancer/uniform/uniform100real\63\828.jpg,63
./balancer/uniform/uniform100real\63\830.jpg,63
./balancer/uniform/uniform100real\63\841.jpg,63
./balancer/uniform/uniform100real\63\842.jpg,63
./balancer/uniform/uniform100real\63\845.jpg,63
./balancer/uniform/uniform100real\63\854.jpg,63
./balancer/uniform/uniform100real\63\855.jpg,63
./balancer/uniform/uniform100real\63\86.jpg,63
./balancer/uniform/uniform100real\63\863.jpg,63
./balancer/uniform/uniform100real\63\875.jpg,63
./balancer/uniform/uniform100real\63\89.jpg,63
./balancer/uniform/uniform100real\63\890.jpg,63
./balancer/uniform/uniform100real\63\926.jpg,63
./balancer/uniform/uniform100real\63\940.jpg,63
./balancer/uniform/uniform100real\63\945.jpg,63
./balancer/uniform/uniform100real\63\960.jpg,63
./balancer/uniform/uniform100real\63\961.jpg,63
./balancer/uniform/uniform100real\63\980.jpg,63
./balancer/uniform/uniform100real\63\987.jpg,63
./balancer/uniform/uniform100real\63\989.JPG,63
./balancer/uniform/uniform100real\64\1003.jpg,64
./balancer/uniform/uniform100real\64\1006.jpg,64
./balancer/uniform/uniform100real\64\1008.jpg,64
./balancer/uniform/uniform100real\64\1011.jpg,64
./balancer/uniform/uniform100real\64\102.jpg,64
./balancer/uniform/uniform100real\64\1020.jpg,64
./balancer/uniform/uniform100real\64\103.jpg,64
./balancer/uniform/uniform100real\64\1039.jpg,64
./balancer/uniform/uniform100real\64\1049.jpg,64
./balancer/uniform/uniform100real\64\105.jpg,64
./balancer/uniform/uniform100real\64\1052.jpg,64
./balancer/uniform/uniform100real\64\1055.jpg,64
./balancer/uniform/uniform100real\64\1057.jpg,64
./balancer/uniform/uniform100real\64\1058.jpg,64
./balancer/uniform/uniform100real\64\1068.jpg,64
./balancer/uniform/uniform100real\64\1113.jpg,64
./balancer/uniform/uniform100real\64\1115.jpg,64
./balancer/uniform/uniform100real\64\1120.jpg,64
./balancer/uniform/uniform100real\64\1134.jpg,64
./balancer/uniform/uniform100real\64\1138.jpg,64
./balancer/uniform/uniform100real\64\114.jpg,64
./balancer/uniform/uniform100real\64\1142.jpg,64
./balancer/uniform/uniform100real\64\1161.jpg,64
./balancer/uniform/uniform100real\64\1165.jpg,64
./balancer/uniform/uniform100real\64\1170.jpg,64
./balancer/uniform/uniform100real\64\1174.jpg,64
./balancer/uniform/uniform100real\64\1198.jpg,64
./balancer/uniform/uniform100real\64\1222.jpg,64
./balancer/uniform/uniform100real\64\1231.jpg,64
./balancer/uniform/uniform100real\64\1235.jpg,64
./balancer/uniform/uniform100real\64\1246.jpg,64
./balancer/uniform/uniform100real\64\1252.jpg,64
./balancer/uniform/uniform100real\64\1253.jpg,64
./balancer/uniform/uniform100real\64\1257.jpg,64
./balancer/uniform/uniform100real\64\1262.jpg,64
./balancer/uniform/uniform100real\64\1268.jpg,64
./balancer/uniform/uniform100real\64\1270.jpg,64
./balancer/uniform/uniform100real\64\1285.jpg,64
./balancer/uniform/uniform100real\64\1287.jpg,64
./balancer/uniform/uniform100real\64\1290.jpg,64
./balancer/uniform/uniform100real\64\1292.jpg,64
./balancer/uniform/uniform100real\64\1305.jpg,64
./balancer/uniform/uniform100real\64\1306.jpg,64
./balancer/uniform/uniform100real\64\1307.jpg,64
./balancer/uniform/uniform100real\64\1318.jpg,64
./balancer/uniform/uniform100real\64\133.jpg,64
./balancer/uniform/uniform100real\64\1330.jpg,64
./balancer/uniform/uniform100real\64\1344.jpg,64
./balancer/uniform/uniform100real\64\1375.jpg,64
./balancer/uniform/uniform100real\64\1378.jpg,64
./balancer/uniform/uniform100real\64\1379.JPG,64
./balancer/uniform/uniform100real\64\1381.jpg,64
./balancer/uniform/uniform100real\64\1382.jpg,64
./balancer/uniform/uniform100real\64\1384.jpg,64
./balancer/uniform/uniform100real\64\1385.jpg,64
./balancer/uniform/uniform100real\64\1387.jpg,64
./balancer/uniform/uniform100real\64\139.jpg,64
./balancer/uniform/uniform100real\64\1396.jpg,64
./balancer/uniform/uniform100real\64\1423.jpg,64
./balancer/uniform/uniform100real\64\1437.jpg,64
./balancer/uniform/uniform100real\64\1468.jpg,64
./balancer/uniform/uniform100real\64\1470.jpg,64
./balancer/uniform/uniform100real\64\1477.jpg,64
./balancer/uniform/uniform100real\64\1501.jpg,64
./balancer/uniform/uniform100real\64\1504.jpg,64
./balancer/uniform/uniform100real\64\153.jpg,64
./balancer/uniform/uniform100real\64\1536.jpg,64
./balancer/uniform/uniform100real\64\1540.jpg,64
./balancer/uniform/uniform100real\64\1549.JPG,64
./balancer/uniform/uniform100real\64\1559.jpg,64
./balancer/uniform/uniform100real\64\1566.jpg,64
./balancer/uniform/uniform100real\64\1575.jpg,64
./balancer/uniform/uniform100real\64\1585.jpg,64
./balancer/uniform/uniform100real\64\1592.jpg,64
./balancer/uniform/uniform100real\64\1593.jpg,64
./balancer/uniform/uniform100real\64\1603.jpg,64
./balancer/uniform/uniform100real\64\1615.jpg,64
./balancer/uniform/uniform100real\64\162.jpg,64
./balancer/uniform/uniform100real\64\1622.jpg,64
./balancer/uniform/uniform100real\64\1627.jpg,64
./balancer/uniform/uniform100real\64\1630.jpg,64
./balancer/uniform/uniform100real\64\1631.jpg,64
./balancer/uniform/uniform100real\64\1639.jpg,64
./balancer/uniform/uniform100real\64\1641.jpg,64
./balancer/uniform/uniform100real\64\1653.jpg,64
./balancer/uniform/uniform100real\64\1667.jpg,64
./balancer/uniform/uniform100real\64\1674.jpg,64
./balancer/uniform/uniform100real\64\1679.jpg,64
./balancer/uniform/uniform100real\64\1681.jpg,64
./balancer/uniform/uniform100real\64\1689.jpg,64
./balancer/uniform/uniform100real\64\1700.jpg,64
./balancer/uniform/uniform100real\64\1709.jpg,64
./balancer/uniform/uniform100real\64\1716.jpg,64
./balancer/uniform/uniform100real\64\1739.jpg,64
./balancer/uniform/uniform100real\64\174.jpg,64
./balancer/uniform/uniform100real\64\1747.jpg,64
./balancer/uniform/uniform100real\64\1751.jpg,64
./balancer/uniform/uniform100real\64\1768.jpg,64
./balancer/uniform/uniform100real\64\1794.jpg,64
./balancer/uniform/uniform100real\64\1796.jpg,64
./balancer/uniform/uniform100real\64\182.jpg,64
./balancer/uniform/uniform100real\64\184.jpg,64
./balancer/uniform/uniform100real\64\190.jpg,64
./balancer/uniform/uniform100real\64\203.jpg,64
./balancer/uniform/uniform100real\64\207.jpg,64
./balancer/uniform/uniform100real\64\208.jpg,64
./balancer/uniform/uniform100real\64\220.jpg,64
./balancer/uniform/uniform100real\64\225.jpg,64
./balancer/uniform/uniform100real\64\235.jpg,64
./balancer/uniform/uniform100real\64\25.jpg,64
./balancer/uniform/uniform100real\64\258.jpg,64
./balancer/uniform/uniform100real\64\267.jpg,64
./balancer/uniform/uniform100real\64\274.jpg,64
./balancer/uniform/uniform100real\64\280.jpg,64
./balancer/uniform/uniform100real\64\293.jpg,64
./balancer/uniform/uniform100real\64\303.jpg,64
./balancer/uniform/uniform100real\64\306.jpg,64
./balancer/uniform/uniform100real\64\315.jpg,64
./balancer/uniform/uniform100real\64\32.jpg,64
./balancer/uniform/uniform100real\64\322.jpg,64
./balancer/uniform/uniform100real\64\330.jpg,64
./balancer/uniform/uniform100real\64\334.jpg,64
./balancer/uniform/uniform100real\64\339.jpg,64
./balancer/uniform/uniform100real\64\346.jpg,64
./balancer/uniform/uniform100real\64\348.jpg,64
./balancer/uniform/uniform100real\64\360.jpg,64
./balancer/uniform/uniform100real\64\366.jpg,64
./balancer/uniform/uniform100real\64\370.jpg,64
./balancer/uniform/uniform100real\64\380.jpg,64
./balancer/uniform/uniform100real\64\381.jpg,64
./balancer/uniform/uniform100real\64\388.jpg,64
./balancer/uniform/uniform100real\64\400.jpg,64
./balancer/uniform/uniform100real\64\422.jpg,64
./balancer/uniform/uniform100real\64\427.jpg,64
./balancer/uniform/uniform100real\64\438.jpg,64
./balancer/uniform/uniform100real\64\447.jpg,64
./balancer/uniform/uniform100real\64\466.jpg,64
./balancer/uniform/uniform100real\64\476.jpg,64
./balancer/uniform/uniform100real\64\496.jpg,64
./balancer/uniform/uniform100real\64\5.jpg,64
./balancer/uniform/uniform100real\64\509.jpg,64
./balancer/uniform/uniform100real\64\511.jpg,64
./balancer/uniform/uniform100real\64\512.jpg,64
./balancer/uniform/uniform100real\64\513.jpg,64
./balancer/uniform/uniform100real\64\526.jpg,64
./balancer/uniform/uniform100real\64\529.jpg,64
./balancer/uniform/uniform100real\64\532.jpg,64
./balancer/uniform/uniform100real\64\573.jpg,64
./balancer/uniform/uniform100real\64\586.jpg,64
./balancer/uniform/uniform100real\64\591.jpg,64
./balancer/uniform/uniform100real\64\592.jpg,64
./balancer/uniform/uniform100real\64\60.jpg,64
./balancer/uniform/uniform100real\64\600.jpg,64
./balancer/uniform/uniform100real\64\61.jpg,64
./balancer/uniform/uniform100real\64\616.jpg,64
./balancer/uniform/uniform100real\64\619.jpg,64
./balancer/uniform/uniform100real\64\627.jpg,64
./balancer/uniform/uniform100real\64\638.jpg,64
./balancer/uniform/uniform100real\64\646.jpg,64
./balancer/uniform/uniform100real\64\648.jpg,64
./balancer/uniform/uniform100real\64\649.jpg,64
./balancer/uniform/uniform100real\64\663.jpg,64
./balancer/uniform/uniform100real\64\667.jpg,64
./balancer/uniform/uniform100real\64\670.jpg,64
./balancer/uniform/uniform100real\64\684.jpg,64
./balancer/uniform/uniform100real\64\689.jpg,64
./balancer/uniform/uniform100real\64\701.jpg,64
./balancer/uniform/uniform100real\64\703.jpg,64
./balancer/uniform/uniform100real\64\713.jpg,64
./balancer/uniform/uniform100real\64\714.jpg,64
./balancer/uniform/uniform100real\64\718.jpg,64
./balancer/uniform/uniform100real\64\72.jpg,64
./balancer/uniform/uniform100real\64\725.jpg,64
./balancer/uniform/uniform100real\64\729.jpg,64
./balancer/uniform/uniform100real\64\74.jpg,64
./balancer/uniform/uniform100real\64\742.JPG,64
./balancer/uniform/uniform100real\64\743.jpg,64
./balancer/uniform/uniform100real\64\744.jpg,64
./balancer/uniform/uniform100real\64\748.jpg,64
./balancer/uniform/uniform100real\64\765.jpg,64
./balancer/uniform/uniform100real\64\774.jpg,64
./balancer/uniform/uniform100real\64\778.jpg,64
./balancer/uniform/uniform100real\64\790.jpg,64
./balancer/uniform/uniform100real\64\800.jpg,64
./balancer/uniform/uniform100real\64\801.jpg,64
./balancer/uniform/uniform100real\64\805.jpg,64
./balancer/uniform/uniform100real\64\814.jpg,64
./balancer/uniform/uniform100real\64\83.jpg,64
./balancer/uniform/uniform100real\64\834.jpg,64
./balancer/uniform/uniform100real\64\839.jpg,64
./balancer/uniform/uniform100real\64\855.jpg,64
./balancer/uniform/uniform100real\64\895.jpg,64
./balancer/uniform/uniform100real\64\898.jpg,64
./balancer/uniform/uniform100real\64\923.jpg,64
./balancer/uniform/uniform100real\64\924.jpg,64
./balancer/uniform/uniform100real\64\931.jpg,64
./balancer/uniform/uniform100real\64\934.jpg,64
./balancer/uniform/uniform100real\64\937.jpg,64
./balancer/uniform/uniform100real\64\951.jpg,64
./balancer/uniform/uniform100real\64\954.jpg,64
./balancer/uniform/uniform100real\64\958.jpg,64
./balancer/uniform/uniform100real\64\970.jpg,64
./balancer/uniform/uniform100real\64\982.jpg,64
./balancer/uniform/uniform100real\65\1008.jpg,65
./balancer/uniform/uniform100real\65\1018.jpg,65
./balancer/uniform/uniform100real\65\1032.jpg,65
./balancer/uniform/uniform100real\65\1039.jpg,65
./balancer/uniform/uniform100real\65\1046.jpg,65
./balancer/uniform/uniform100real\65\105.jpg,65
./balancer/uniform/uniform100real\65\1060.jpg,65
./balancer/uniform/uniform100real\65\1061.jpg,65
./balancer/uniform/uniform100real\65\1064.jpg,65
./balancer/uniform/uniform100real\65\1069.jpg,65
./balancer/uniform/uniform100real\65\107.jpg,65
./balancer/uniform/uniform100real\65\1088.jpg,65
./balancer/uniform/uniform100real\65\1091.jpg,65
./balancer/uniform/uniform100real\65\1102.jpg,65
./balancer/uniform/uniform100real\65\1103.jpg,65
./balancer/uniform/uniform100real\65\1129.jpg,65
./balancer/uniform/uniform100real\65\1131.jpg,65
./balancer/uniform/uniform100real\65\1139.jpg,65
./balancer/uniform/uniform100real\65\1143.jpg,65
./balancer/uniform/uniform100real\65\1146.jpg,65
./balancer/uniform/uniform100real\65\1147.jpg,65
./balancer/uniform/uniform100real\65\1149.jpg,65
./balancer/uniform/uniform100real\65\1195.jpg,65
./balancer/uniform/uniform100real\65\1197.jpg,65
./balancer/uniform/uniform100real\65\12.jpg,65
./balancer/uniform/uniform100real\65\1206.jpg,65
./balancer/uniform/uniform100real\65\1209.jpg,65
./balancer/uniform/uniform100real\65\1214.jpg,65
./balancer/uniform/uniform100real\65\1218.jpg,65
./balancer/uniform/uniform100real\65\1219.jpg,65
./balancer/uniform/uniform100real\65\1229.jpg,65
./balancer/uniform/uniform100real\65\1233.jpg,65
./balancer/uniform/uniform100real\65\1236.jpg,65
./balancer/uniform/uniform100real\65\1252.jpg,65
./balancer/uniform/uniform100real\65\1254.jpg,65
./balancer/uniform/uniform100real\65\1274.jpg,65
./balancer/uniform/uniform100real\65\1290.jpg,65
./balancer/uniform/uniform100real\65\130.jpg,65
./balancer/uniform/uniform100real\65\1308.jpg,65
./balancer/uniform/uniform100real\65\1331.jpg,65
./balancer/uniform/uniform100real\65\1335.jpg,65
./balancer/uniform/uniform100real\65\135.jpg,65
./balancer/uniform/uniform100real\65\1392.jpg,65
./balancer/uniform/uniform100real\65\1411.jpg,65
./balancer/uniform/uniform100real\65\1412.jpg,65
./balancer/uniform/uniform100real\65\1440.jpg,65
./balancer/uniform/uniform100real\65\1441.jpg,65
./balancer/uniform/uniform100real\65\1444.jpg,65
./balancer/uniform/uniform100real\65\1451.jpg,65
./balancer/uniform/uniform100real\65\1458.jpg,65
./balancer/uniform/uniform100real\65\1461.jpg,65
./balancer/uniform/uniform100real\65\1463.jpg,65
./balancer/uniform/uniform100real\65\1469.jpg,65
./balancer/uniform/uniform100real\65\1476.jpg,65
./balancer/uniform/uniform100real\65\1481.jpg,65
./balancer/uniform/uniform100real\65\1493.jpg,65
./balancer/uniform/uniform100real\65\1509.jpg,65
./balancer/uniform/uniform100real\65\1511.jpg,65
./balancer/uniform/uniform100real\65\1520.jpg,65
./balancer/uniform/uniform100real\65\1533.jpg,65
./balancer/uniform/uniform100real\65\1534.jpg,65
./balancer/uniform/uniform100real\65\1536.jpg,65
./balancer/uniform/uniform100real\65\1570.jpg,65
./balancer/uniform/uniform100real\65\1593.jpg,65
./balancer/uniform/uniform100real\65\1648.jpg,65
./balancer/uniform/uniform100real\65\1650.jpg,65
./balancer/uniform/uniform100real\65\1664.jpg,65
./balancer/uniform/uniform100real\65\1665.jpg,65
./balancer/uniform/uniform100real\65\1682.jpg,65
./balancer/uniform/uniform100real\65\1684.jpg,65
./balancer/uniform/uniform100real\65\1704.jpg,65
./balancer/uniform/uniform100real\65\1719.jpg,65
./balancer/uniform/uniform100real\65\1730.jpg,65
./balancer/uniform/uniform100real\65\1740.jpg,65
./balancer/uniform/uniform100real\65\1775.jpg,65
./balancer/uniform/uniform100real\65\1800.jpg,65
./balancer/uniform/uniform100real\65\1803.jpg,65
./balancer/uniform/uniform100real\65\1823.jpg,65
./balancer/uniform/uniform100real\65\184.jpg,65
./balancer/uniform/uniform100real\65\1843.jpg,65
./balancer/uniform/uniform100real\65\1845.jpg,65
./balancer/uniform/uniform100real\65\1846.jpg,65
./balancer/uniform/uniform100real\65\1858.jpg,65
./balancer/uniform/uniform100real\65\1869.jpg,65
./balancer/uniform/uniform100real\65\1876.jpg,65
./balancer/uniform/uniform100real\65\1878.jpg,65
./balancer/uniform/uniform100real\65\1879.jpg,65
./balancer/uniform/uniform100real\65\189.jpg,65
./balancer/uniform/uniform100real\65\1895.jpg,65
./balancer/uniform/uniform100real\65\1905.jpg,65
./balancer/uniform/uniform100real\65\1915.jpg,65
./balancer/uniform/uniform100real\65\1919.jpg,65
./balancer/uniform/uniform100real\65\192.jpg,65
./balancer/uniform/uniform100real\65\1924.jpg,65
./balancer/uniform/uniform100real\65\1925.jpg,65
./balancer/uniform/uniform100real\65\1926.jpg,65
./balancer/uniform/uniform100real\65\193.jpg,65
./balancer/uniform/uniform100real\65\20.JPG,65
./balancer/uniform/uniform100real\65\21.jpg,65
./balancer/uniform/uniform100real\65\226.jpg,65
./balancer/uniform/uniform100real\65\233.jpg,65
./balancer/uniform/uniform100real\65\248.jpg,65
./balancer/uniform/uniform100real\65\259.jpg,65
./balancer/uniform/uniform100real\65\26.jpg,65
./balancer/uniform/uniform100real\65\265.jpg,65
./balancer/uniform/uniform100real\65\270.jpg,65
./balancer/uniform/uniform100real\65\275.jpg,65
./balancer/uniform/uniform100real\65\283.jpg,65
./balancer/uniform/uniform100real\65\285.jpg,65
./balancer/uniform/uniform100real\65\288.jpg,65
./balancer/uniform/uniform100real\65\293.jpg,65
./balancer/uniform/uniform100real\65\297.jpg,65
./balancer/uniform/uniform100real\65\30.jpg,65
./balancer/uniform/uniform100real\65\300.JPG,65
./balancer/uniform/uniform100real\65\308.jpg,65
./balancer/uniform/uniform100real\65\309.jpg,65
./balancer/uniform/uniform100real\65\310.jpg,65
./balancer/uniform/uniform100real\65\313.jpg,65
./balancer/uniform/uniform100real\65\323.jpg,65
./balancer/uniform/uniform100real\65\325.jpg,65
./balancer/uniform/uniform100real\65\340.jpg,65
./balancer/uniform/uniform100real\65\364.jpg,65
./balancer/uniform/uniform100real\65\37.jpg,65
./balancer/uniform/uniform100real\65\399.jpg,65
./balancer/uniform/uniform100real\65\4.jpg,65
./balancer/uniform/uniform100real\65\405.jpg,65
./balancer/uniform/uniform100real\65\422.jpg,65
./balancer/uniform/uniform100real\65\437.jpg,65
./balancer/uniform/uniform100real\65\441.jpg,65
./balancer/uniform/uniform100real\65\444.jpg,65
./balancer/uniform/uniform100real\65\449.jpg,65
./balancer/uniform/uniform100real\65\465.jpg,65
./balancer/uniform/uniform100real\65\476.jpg,65
./balancer/uniform/uniform100real\65\485.jpg,65
./balancer/uniform/uniform100real\65\488.jpg,65
./balancer/uniform/uniform100real\65\495.jpg,65
./balancer/uniform/uniform100real\65\496.jpg,65
./balancer/uniform/uniform100real\65\504.jpg,65
./balancer/uniform/uniform100real\65\515.jpg,65
./balancer/uniform/uniform100real\65\517.jpg,65
./balancer/uniform/uniform100real\65\538.jpg,65
./balancer/uniform/uniform100real\65\539.jpg,65
./balancer/uniform/uniform100real\65\546.jpg,65
./balancer/uniform/uniform100real\65\55.JPG,65
./balancer/uniform/uniform100real\65\564.jpg,65
./balancer/uniform/uniform100real\65\568.jpg,65
./balancer/uniform/uniform100real\65\579.jpg,65
./balancer/uniform/uniform100real\65\589.jpg,65
./balancer/uniform/uniform100real\65\590.jpg,65
./balancer/uniform/uniform100real\65\598.jpg,65
./balancer/uniform/uniform100real\65\600.jpg,65
./balancer/uniform/uniform100real\65\606.jpg,65
./balancer/uniform/uniform100real\65\63.jpg,65
./balancer/uniform/uniform100real\65\635.jpg,65
./balancer/uniform/uniform100real\65\643.jpg,65
./balancer/uniform/uniform100real\65\644.jpg,65
./balancer/uniform/uniform100real\65\647.jpg,65
./balancer/uniform/uniform100real\65\648.jpg,65
./balancer/uniform/uniform100real\65\651.jpg,65
./balancer/uniform/uniform100real\65\655.jpg,65
./balancer/uniform/uniform100real\65\666.jpg,65
./balancer/uniform/uniform100real\65\668.jpg,65
./balancer/uniform/uniform100real\65\680.jpg,65
./balancer/uniform/uniform100real\65\69.jpg,65
./balancer/uniform/uniform100real\65\694.jpg,65
./balancer/uniform/uniform100real\65\71.jpg,65
./balancer/uniform/uniform100real\65\711.jpg,65
./balancer/uniform/uniform100real\65\714.jpg,65
./balancer/uniform/uniform100real\65\720.jpg,65
./balancer/uniform/uniform100real\65\724.jpg,65
./balancer/uniform/uniform100real\65\730.jpg,65
./balancer/uniform/uniform100real\65\732.jpg,65
./balancer/uniform/uniform100real\65\737.jpg,65
./balancer/uniform/uniform100real\65\740.jpg,65
./balancer/uniform/uniform100real\65\746.jpg,65
./balancer/uniform/uniform100real\65\776.jpg,65
./balancer/uniform/uniform100real\65\779.jpg,65
./balancer/uniform/uniform100real\65\798.jpg,65
./balancer/uniform/uniform100real\65\82.jpg,65
./balancer/uniform/uniform100real\65\824.jpg,65
./balancer/uniform/uniform100real\65\837.jpg,65
./balancer/uniform/uniform100real\65\861.jpg,65
./balancer/uniform/uniform100real\65\885.jpg,65
./balancer/uniform/uniform100real\65\886.jpg,65
./balancer/uniform/uniform100real\65\896.jpg,65
./balancer/uniform/uniform100real\65\897.jpg,65
./balancer/uniform/uniform100real\65\899.jpg,65
./balancer/uniform/uniform100real\65\90.jpg,65
./balancer/uniform/uniform100real\65\904.JPG,65
./balancer/uniform/uniform100real\65\906.jpg,65
./balancer/uniform/uniform100real\65\91.jpg,65
./balancer/uniform/uniform100real\65\910.jpg,65
./balancer/uniform/uniform100real\65\92.jpg,65
./balancer/uniform/uniform100real\65\930.jpg,65
./balancer/uniform/uniform100real\65\935.jpg,65
./balancer/uniform/uniform100real\65\955.jpg,65
./balancer/uniform/uniform100real\65\962.jpg,65
./balancer/uniform/uniform100real\65\963.jpg,65
./balancer/uniform/uniform100real\65\967.jpg,65
./balancer/uniform/uniform100real\65\986.jpg,65
./balancer/uniform/uniform100real\65\992.jpg,65
./balancer/uniform/uniform100real\65\995.jpg,65
./balancer/uniform/uniform100real\65\997.jpg,65
./balancer/uniform/uniform100real\66\1006.jpg,66
./balancer/uniform/uniform100real\66\1010.jpg,66
./balancer/uniform/uniform100real\66\1013.jpg,66
./balancer/uniform/uniform100real\66\1014.jpg,66
./balancer/uniform/uniform100real\66\1020.jpg,66
./balancer/uniform/uniform100real\66\1024.jpg,66
./balancer/uniform/uniform100real\66\1029.jpg,66
./balancer/uniform/uniform100real\66\1036.JPG,66
./balancer/uniform/uniform100real\66\1042.jpg,66
./balancer/uniform/uniform100real\66\1063.jpg,66
./balancer/uniform/uniform100real\66\1068.jpg,66
./balancer/uniform/uniform100real\66\1099.jpg,66
./balancer/uniform/uniform100real\66\111.jpg,66
./balancer/uniform/uniform100real\66\1112.jpg,66
./balancer/uniform/uniform100real\66\1116.jpg,66
./balancer/uniform/uniform100real\66\1121.jpg,66
./balancer/uniform/uniform100real\66\113.jpg,66
./balancer/uniform/uniform100real\66\1131.jpg,66
./balancer/uniform/uniform100real\66\1141.jpg,66
./balancer/uniform/uniform100real\66\1145.jpg,66
./balancer/uniform/uniform100real\66\1146.jpg,66
./balancer/uniform/uniform100real\66\1150.jpg,66
./balancer/uniform/uniform100real\66\1151.jpg,66
./balancer/uniform/uniform100real\66\1161.jpg,66
./balancer/uniform/uniform100real\66\118.jpg,66
./balancer/uniform/uniform100real\66\1196.jpg,66
./balancer/uniform/uniform100real\66\1204.jpg,66
./balancer/uniform/uniform100real\66\1213.jpg,66
./balancer/uniform/uniform100real\66\1217.jpg,66
./balancer/uniform/uniform100real\66\1230.jpg,66
./balancer/uniform/uniform100real\66\1237.jpg,66
./balancer/uniform/uniform100real\66\1240.jpg,66
./balancer/uniform/uniform100real\66\1241.jpg,66
./balancer/uniform/uniform100real\66\125.jpg,66
./balancer/uniform/uniform100real\66\1252.jpg,66
./balancer/uniform/uniform100real\66\1261.jpg,66
./balancer/uniform/uniform100real\66\1295.jpg,66
./balancer/uniform/uniform100real\66\131.jpg,66
./balancer/uniform/uniform100real\66\1323.jpg,66
./balancer/uniform/uniform100real\66\1327.jpg,66
./balancer/uniform/uniform100real\66\1330.jpg,66
./balancer/uniform/uniform100real\66\1343.jpg,66
./balancer/uniform/uniform100real\66\135.jpg,66
./balancer/uniform/uniform100real\66\1363.jpg,66
./balancer/uniform/uniform100real\66\1372.jpg,66
./balancer/uniform/uniform100real\66\1387.jpg,66
./balancer/uniform/uniform100real\66\14.jpg,66
./balancer/uniform/uniform100real\66\1407.jpg,66
./balancer/uniform/uniform100real\66\1408.jpg,66
./balancer/uniform/uniform100real\66\1413.jpg,66
./balancer/uniform/uniform100real\66\1414.jpg,66
./balancer/uniform/uniform100real\66\1422.jpg,66
./balancer/uniform/uniform100real\66\1432.jpg,66
./balancer/uniform/uniform100real\66\1435.jpg,66
./balancer/uniform/uniform100real\66\1441.jpg,66
./balancer/uniform/uniform100real\66\1442.jpg,66
./balancer/uniform/uniform100real\66\1448.jpg,66
./balancer/uniform/uniform100real\66\1450.jpg,66
./balancer/uniform/uniform100real\66\1473.jpg,66
./balancer/uniform/uniform100real\66\148.jpg,66
./balancer/uniform/uniform100real\66\1495.jpg,66
./balancer/uniform/uniform100real\66\1497.jpg,66
./balancer/uniform/uniform100real\66\1498.jpg,66
./balancer/uniform/uniform100real\66\1510.jpg,66
./balancer/uniform/uniform100real\66\1511.jpg,66
./balancer/uniform/uniform100real\66\1513.jpg,66
./balancer/uniform/uniform100real\66\154.jpg,66
./balancer/uniform/uniform100real\66\156.jpg,66
./balancer/uniform/uniform100real\66\172.jpg,66
./balancer/uniform/uniform100real\66\173.jpg,66
./balancer/uniform/uniform100real\66\175.jpg,66
./balancer/uniform/uniform100real\66\185.jpg,66
./balancer/uniform/uniform100real\66\193.jpg,66
./balancer/uniform/uniform100real\66\205.jpg,66
./balancer/uniform/uniform100real\66\208.jpg,66
./balancer/uniform/uniform100real\66\212.jpg,66
./balancer/uniform/uniform100real\66\215.jpg,66
./balancer/uniform/uniform100real\66\219.jpg,66
./balancer/uniform/uniform100real\66\224.jpg,66
./balancer/uniform/uniform100real\66\24.jpg,66
./balancer/uniform/uniform100real\66\240.jpg,66
./balancer/uniform/uniform100real\66\242.jpg,66
./balancer/uniform/uniform100real\66\249.jpg,66
./balancer/uniform/uniform100real\66\250.jpg,66
./balancer/uniform/uniform100real\66\254.jpg,66
./balancer/uniform/uniform100real\66\260.jpg,66
./balancer/uniform/uniform100real\66\267.jpg,66
./balancer/uniform/uniform100real\66\27.jpg,66
./balancer/uniform/uniform100real\66\277.jpg,66
./balancer/uniform/uniform100real\66\280.jpg,66
./balancer/uniform/uniform100real\66\288.jpg,66
./balancer/uniform/uniform100real\66\29.jpg,66
./balancer/uniform/uniform100real\66\298.jpg,66
./balancer/uniform/uniform100real\66\311.jpg,66
./balancer/uniform/uniform100real\66\312.jpg,66
./balancer/uniform/uniform100real\66\32.jpg,66
./balancer/uniform/uniform100real\66\325.jpg,66
./balancer/uniform/uniform100real\66\33.jpg,66
./balancer/uniform/uniform100real\66\331.jpg,66
./balancer/uniform/uniform100real\66\333.jpg,66
./balancer/uniform/uniform100real\66\335.jpg,66
./balancer/uniform/uniform100real\66\337.jpg,66
./balancer/uniform/uniform100real\66\338.jpg,66
./balancer/uniform/uniform100real\66\360.jpg,66
./balancer/uniform/uniform100real\66\363.jpg,66
./balancer/uniform/uniform100real\66\364.jpg,66
./balancer/uniform/uniform100real\66\367.jpg,66
./balancer/uniform/uniform100real\66\371.jpg,66
./balancer/uniform/uniform100real\66\372.jpg,66
./balancer/uniform/uniform100real\66\377.jpg,66
./balancer/uniform/uniform100real\66\398.jpg,66
./balancer/uniform/uniform100real\66\414.jpg,66
./balancer/uniform/uniform100real\66\419.jpg,66
./balancer/uniform/uniform100real\66\437.jpg,66
./balancer/uniform/uniform100real\66\443.jpg,66
./balancer/uniform/uniform100real\66\45.jpg,66
./balancer/uniform/uniform100real\66\464.jpg,66
./balancer/uniform/uniform100real\66\471.jpg,66
./balancer/uniform/uniform100real\66\473.jpg,66
./balancer/uniform/uniform100real\66\483.jpg,66
./balancer/uniform/uniform100real\66\498.jpg,66
./balancer/uniform/uniform100real\66\500.jpg,66
./balancer/uniform/uniform100real\66\501.jpg,66
./balancer/uniform/uniform100real\66\515.jpg,66
./balancer/uniform/uniform100real\66\532.jpg,66
./balancer/uniform/uniform100real\66\536.jpg,66
./balancer/uniform/uniform100real\66\539.jpg,66
./balancer/uniform/uniform100real\66\540.jpg,66
./balancer/uniform/uniform100real\66\541.jpg,66
./balancer/uniform/uniform100real\66\55.jpg,66
./balancer/uniform/uniform100real\66\551.jpg,66
./balancer/uniform/uniform100real\66\557.jpg,66
./balancer/uniform/uniform100real\66\561.jpg,66
./balancer/uniform/uniform100real\66\57.jpg,66
./balancer/uniform/uniform100real\66\579.jpg,66
./balancer/uniform/uniform100real\66\580.jpg,66
./balancer/uniform/uniform100real\66\583.JPG,66
./balancer/uniform/uniform100real\66\586.jpg,66
./balancer/uniform/uniform100real\66\590.jpg,66
./balancer/uniform/uniform100real\66\60.jpg,66
./balancer/uniform/uniform100real\66\619.jpg,66
./balancer/uniform/uniform100real\66\622.jpg,66
./balancer/uniform/uniform100real\66\625.jpg,66
./balancer/uniform/uniform100real\66\644.jpg,66
./balancer/uniform/uniform100real\66\645.jpg,66
./balancer/uniform/uniform100real\66\647.jpg,66
./balancer/uniform/uniform100real\66\649.jpg,66
./balancer/uniform/uniform100real\66\65.jpg,66
./balancer/uniform/uniform100real\66\652.jpg,66
./balancer/uniform/uniform100real\66\653.jpg,66
./balancer/uniform/uniform100real\66\660.jpg,66
./balancer/uniform/uniform100real\66\669.jpg,66
./balancer/uniform/uniform100real\66\671.jpg,66
./balancer/uniform/uniform100real\66\675.jpg,66
./balancer/uniform/uniform100real\66\686.jpg,66
./balancer/uniform/uniform100real\66\698.jpg,66
./balancer/uniform/uniform100real\66\700.jpg,66
./balancer/uniform/uniform100real\66\702.jpg,66
./balancer/uniform/uniform100real\66\709.jpg,66
./balancer/uniform/uniform100real\66\710.jpg,66
./balancer/uniform/uniform100real\66\750.jpg,66
./balancer/uniform/uniform100real\66\751.jpg,66
./balancer/uniform/uniform100real\66\760.jpg,66
./balancer/uniform/uniform100real\66\770.jpg,66
./balancer/uniform/uniform100real\66\773.jpg,66
./balancer/uniform/uniform100real\66\783.jpg,66
./balancer/uniform/uniform100real\66\787.jpg,66
./balancer/uniform/uniform100real\66\792.jpg,66
./balancer/uniform/uniform100real\66\803.jpg,66
./balancer/uniform/uniform100real\66\809.jpg,66
./balancer/uniform/uniform100real\66\814.jpg,66
./balancer/uniform/uniform100real\66\815.jpg,66
./balancer/uniform/uniform100real\66\830.jpg,66
./balancer/uniform/uniform100real\66\834.jpg,66
./balancer/uniform/uniform100real\66\840.jpg,66
./balancer/uniform/uniform100real\66\841.jpg,66
./balancer/uniform/uniform100real\66\842.jpg,66
./balancer/uniform/uniform100real\66\843.jpg,66
./balancer/uniform/uniform100real\66\845.jpg,66
./balancer/uniform/uniform100real\66\846.jpg,66
./balancer/uniform/uniform100real\66\849.jpg,66
./balancer/uniform/uniform100real\66\85.jpg,66
./balancer/uniform/uniform100real\66\853.jpg,66
./balancer/uniform/uniform100real\66\857.jpg,66
./balancer/uniform/uniform100real\66\859.jpg,66
./balancer/uniform/uniform100real\66\864.jpg,66
./balancer/uniform/uniform100real\66\866.jpg,66
./balancer/uniform/uniform100real\66\872.jpg,66
./balancer/uniform/uniform100real\66\874.jpg,66
./balancer/uniform/uniform100real\66\875.jpg,66
./balancer/uniform/uniform100real\66\901.jpg,66
./balancer/uniform/uniform100real\66\902.jpg,66
./balancer/uniform/uniform100real\66\905.jpg,66
./balancer/uniform/uniform100real\66\907.jpg,66
./balancer/uniform/uniform100real\66\909.jpg,66
./balancer/uniform/uniform100real\66\912.jpg,66
./balancer/uniform/uniform100real\66\921.jpg,66
./balancer/uniform/uniform100real\66\928.jpg,66
./balancer/uniform/uniform100real\66\943.jpg,66
./balancer/uniform/uniform100real\66\944.jpg,66
./balancer/uniform/uniform100real\66\957.jpg,66
./balancer/uniform/uniform100real\66\98.jpg,66
./balancer/uniform/uniform100real\66\991.jpg,66
./balancer/uniform/uniform100real\67\10.jpg,67
./balancer/uniform/uniform100real\67\1000.jpg,67
./balancer/uniform/uniform100real\67\1009.jpg,67
./balancer/uniform/uniform100real\67\1028.jpg,67
./balancer/uniform/uniform100real\67\1054.jpg,67
./balancer/uniform/uniform100real\67\1058.jpg,67
./balancer/uniform/uniform100real\67\1062.jpg,67
./balancer/uniform/uniform100real\67\1064.jpg,67
./balancer/uniform/uniform100real\67\1065.jpg,67
./balancer/uniform/uniform100real\67\1067.jpg,67
./balancer/uniform/uniform100real\67\1069.jpg,67
./balancer/uniform/uniform100real\67\1071.jpg,67
./balancer/uniform/uniform100real\67\1072.jpg,67
./balancer/uniform/uniform100real\67\1081.jpg,67
./balancer/uniform/uniform100real\67\1105.jpg,67
./balancer/uniform/uniform100real\67\1110.jpg,67
./balancer/uniform/uniform100real\67\1121.jpg,67
./balancer/uniform/uniform100real\67\113.jpg,67
./balancer/uniform/uniform100real\67\1130.jpg,67
./balancer/uniform/uniform100real\67\1135.jpg,67
./balancer/uniform/uniform100real\67\1139.jpg,67
./balancer/uniform/uniform100real\67\1142.jpg,67
./balancer/uniform/uniform100real\67\1155.jpg,67
./balancer/uniform/uniform100real\67\1156.jpg,67
./balancer/uniform/uniform100real\67\116.jpg,67
./balancer/uniform/uniform100real\67\1161.jpg,67
./balancer/uniform/uniform100real\67\1188.jpg,67
./balancer/uniform/uniform100real\67\1195.jpg,67
./balancer/uniform/uniform100real\67\120.jpg,67
./balancer/uniform/uniform100real\67\1207.jpg,67
./balancer/uniform/uniform100real\67\1214.jpg,67
./balancer/uniform/uniform100real\67\1220.jpg,67
./balancer/uniform/uniform100real\67\1222.jpg,67
./balancer/uniform/uniform100real\67\1228.jpg,67
./balancer/uniform/uniform100real\67\1251.jpg,67
./balancer/uniform/uniform100real\67\1253.jpg,67
./balancer/uniform/uniform100real\67\1258.jpg,67
./balancer/uniform/uniform100real\67\1281.jpg,67
./balancer/uniform/uniform100real\67\1282.jpg,67
./balancer/uniform/uniform100real\67\1296.jpg,67
./balancer/uniform/uniform100real\67\1299.jpg,67
./balancer/uniform/uniform100real\67\1300.jpg,67
./balancer/uniform/uniform100real\67\1317.jpg,67
./balancer/uniform/uniform100real\67\1326.jpg,67
./balancer/uniform/uniform100real\67\1335.jpg,67
./balancer/uniform/uniform100real\67\1348.jpg,67
./balancer/uniform/uniform100real\67\1359.jpg,67
./balancer/uniform/uniform100real\67\1366.jpg,67
./balancer/uniform/uniform100real\67\1367.jpg,67
./balancer/uniform/uniform100real\67\1386.jpg,67
./balancer/uniform/uniform100real\67\1400.jpg,67
./balancer/uniform/uniform100real\67\1403.jpg,67
./balancer/uniform/uniform100real\67\141.jpg,67
./balancer/uniform/uniform100real\67\1410.jpg,67
./balancer/uniform/uniform100real\67\1419.jpg,67
./balancer/uniform/uniform100real\67\1420.jpg,67
./balancer/uniform/uniform100real\67\1422.jpg,67
./balancer/uniform/uniform100real\67\1427.jpg,67
./balancer/uniform/uniform100real\67\1429.jpg,67
./balancer/uniform/uniform100real\67\1431.jpg,67
./balancer/uniform/uniform100real\67\1434.jpg,67
./balancer/uniform/uniform100real\67\1440.jpg,67
./balancer/uniform/uniform100real\67\1446.jpg,67
./balancer/uniform/uniform100real\67\1469.jpg,67
./balancer/uniform/uniform100real\67\149.jpg,67
./balancer/uniform/uniform100real\67\163.jpg,67
./balancer/uniform/uniform100real\67\165.jpg,67
./balancer/uniform/uniform100real\67\174.jpg,67
./balancer/uniform/uniform100real\67\179.jpg,67
./balancer/uniform/uniform100real\67\187.jpg,67
./balancer/uniform/uniform100real\67\188.jpg,67
./balancer/uniform/uniform100real\67\19.jpg,67
./balancer/uniform/uniform100real\67\190.jpg,67
./balancer/uniform/uniform100real\67\203.jpg,67
./balancer/uniform/uniform100real\67\206.jpg,67
./balancer/uniform/uniform100real\67\209.jpg,67
./balancer/uniform/uniform100real\67\212.jpg,67
./balancer/uniform/uniform100real\67\221.jpg,67
./balancer/uniform/uniform100real\67\226.jpg,67
./balancer/uniform/uniform100real\67\237.jpg,67
./balancer/uniform/uniform100real\67\243.jpg,67
./balancer/uniform/uniform100real\67\25.jpg,67
./balancer/uniform/uniform100real\67\253.jpg,67
./balancer/uniform/uniform100real\67\256.jpg,67
./balancer/uniform/uniform100real\67\269.JPG,67
./balancer/uniform/uniform100real\67\272.jpg,67
./balancer/uniform/uniform100real\67\287.jpg,67
./balancer/uniform/uniform100real\67\303.jpg,67
./balancer/uniform/uniform100real\67\306.jpg,67
./balancer/uniform/uniform100real\67\310.jpg,67
./balancer/uniform/uniform100real\67\313.jpg,67
./balancer/uniform/uniform100real\67\319.jpg,67
./balancer/uniform/uniform100real\67\320.jpg,67
./balancer/uniform/uniform100real\67\329.jpg,67
./balancer/uniform/uniform100real\67\332.jpg,67
./balancer/uniform/uniform100real\67\333.jpg,67
./balancer/uniform/uniform100real\67\347.jpg,67
./balancer/uniform/uniform100real\67\353.jpg,67
./balancer/uniform/uniform100real\67\357.jpg,67
./balancer/uniform/uniform100real\67\359.jpg,67
./balancer/uniform/uniform100real\67\360.jpg,67
./balancer/uniform/uniform100real\67\368.jpg,67
./balancer/uniform/uniform100real\67\380.jpg,67
./balancer/uniform/uniform100real\67\395.jpg,67
./balancer/uniform/uniform100real\67\401.jpg,67
./balancer/uniform/uniform100real\67\402.jpg,67
./balancer/uniform/uniform100real\67\405.jpg,67
./balancer/uniform/uniform100real\67\410.jpg,67
./balancer/uniform/uniform100real\67\411.jpg,67
./balancer/uniform/uniform100real\67\42.jpg,67
./balancer/uniform/uniform100real\67\420.jpg,67
./balancer/uniform/uniform100real\67\422.jpg,67
./balancer/uniform/uniform100real\67\43.jpg,67
./balancer/uniform/uniform100real\67\437.jpg,67
./balancer/uniform/uniform100real\67\445.jpg,67
./balancer/uniform/uniform100real\67\456.jpg,67
./balancer/uniform/uniform100real\67\460.jpg,67
./balancer/uniform/uniform100real\67\467.jpg,67
./balancer/uniform/uniform100real\67\469.jpg,67
./balancer/uniform/uniform100real\67\472.jpg,67
./balancer/uniform/uniform100real\67\5.jpg,67
./balancer/uniform/uniform100real\67\50.jpg,67
./balancer/uniform/uniform100real\67\500.jpg,67
./balancer/uniform/uniform100real\67\506.jpg,67
./balancer/uniform/uniform100real\67\510.jpg,67
./balancer/uniform/uniform100real\67\515.jpg,67
./balancer/uniform/uniform100real\67\519.jpg,67
./balancer/uniform/uniform100real\67\523.jpg,67
./balancer/uniform/uniform100real\67\530.jpg,67
./balancer/uniform/uniform100real\67\532.jpg,67
./balancer/uniform/uniform100real\67\543.jpg,67
./balancer/uniform/uniform100real\67\546.jpg,67
./balancer/uniform/uniform100real\67\552.jpg,67
./balancer/uniform/uniform100real\67\565.jpg,67
./balancer/uniform/uniform100real\67\574.jpg,67
./balancer/uniform/uniform100real\67\575.jpg,67
./balancer/uniform/uniform100real\67\584.jpg,67
./balancer/uniform/uniform100real\67\592.jpg,67
./balancer/uniform/uniform100real\67\601.jpg,67
./balancer/uniform/uniform100real\67\614.jpg,67
./balancer/uniform/uniform100real\67\632.jpg,67
./balancer/uniform/uniform100real\67\653.jpg,67
./balancer/uniform/uniform100real\67\654.jpg,67
./balancer/uniform/uniform100real\67\673.jpg,67
./balancer/uniform/uniform100real\67\692.jpg,67
./balancer/uniform/uniform100real\67\695.jpg,67
./balancer/uniform/uniform100real\67\696.jpg,67
./balancer/uniform/uniform100real\67\698.jpg,67
./balancer/uniform/uniform100real\67\699.jpg,67
./balancer/uniform/uniform100real\67\701.jpg,67
./balancer/uniform/uniform100real\67\708.jpg,67
./balancer/uniform/uniform100real\67\712.jpg,67
./balancer/uniform/uniform100real\67\713.jpg,67
./balancer/uniform/uniform100real\67\726.jpg,67
./balancer/uniform/uniform100real\67\745.jpg,67
./balancer/uniform/uniform100real\67\752.jpg,67
./balancer/uniform/uniform100real\67\756.jpg,67
./balancer/uniform/uniform100real\67\759.jpg,67
./balancer/uniform/uniform100real\67\763.jpg,67
./balancer/uniform/uniform100real\67\765.jpg,67
./balancer/uniform/uniform100real\67\767.jpg,67
./balancer/uniform/uniform100real\67\773.jpg,67
./balancer/uniform/uniform100real\67\776.jpg,67
./balancer/uniform/uniform100real\67\777.jpg,67
./balancer/uniform/uniform100real\67\778.jpg,67
./balancer/uniform/uniform100real\67\783.jpg,67
./balancer/uniform/uniform100real\67\789.jpg,67
./balancer/uniform/uniform100real\67\795.jpg,67
./balancer/uniform/uniform100real\67\807.jpg,67
./balancer/uniform/uniform100real\67\813.jpg,67
./balancer/uniform/uniform100real\67\822.jpg,67
./balancer/uniform/uniform100real\67\833.jpg,67
./balancer/uniform/uniform100real\67\838.jpg,67
./balancer/uniform/uniform100real\67\84.jpg,67
./balancer/uniform/uniform100real\67\843.jpg,67
./balancer/uniform/uniform100real\67\849.jpg,67
./balancer/uniform/uniform100real\67\853.jpg,67
./balancer/uniform/uniform100real\67\856.jpg,67
./balancer/uniform/uniform100real\67\863.jpg,67
./balancer/uniform/uniform100real\67\871.jpg,67
./balancer/uniform/uniform100real\67\873.jpg,67
./balancer/uniform/uniform100real\67\881.jpg,67
./balancer/uniform/uniform100real\67\884.jpg,67
./balancer/uniform/uniform100real\67\891.jpg,67
./balancer/uniform/uniform100real\67\895.jpg,67
./balancer/uniform/uniform100real\67\896.jpg,67
./balancer/uniform/uniform100real\67\90.jpg,67
./balancer/uniform/uniform100real\67\901.jpg,67
./balancer/uniform/uniform100real\67\907.jpg,67
./balancer/uniform/uniform100real\67\91.jpg,67
./balancer/uniform/uniform100real\67\912.jpg,67
./balancer/uniform/uniform100real\67\921.jpg,67
./balancer/uniform/uniform100real\67\923.JPG,67
./balancer/uniform/uniform100real\67\951.jpg,67
./balancer/uniform/uniform100real\67\959.jpg,67
./balancer/uniform/uniform100real\67\970.jpg,67
./balancer/uniform/uniform100real\67\971.jpg,67
./balancer/uniform/uniform100real\67\975.jpg,67
./balancer/uniform/uniform100real\67\979.jpg,67
./balancer/uniform/uniform100real\67\982.jpg,67
./balancer/uniform/uniform100real\67\985.jpg,67
./balancer/uniform/uniform100real\67\986.jpg,67
./balancer/uniform/uniform100real\67\998.jpg,67
./balancer/uniform/uniform100real\68\1.jpg,68
./balancer/uniform/uniform100real\68\1000.jpg,68
./balancer/uniform/uniform100real\68\1002.jpg,68
./balancer/uniform/uniform100real\68\1017.jpg,68
./balancer/uniform/uniform100real\68\1030.jpg,68
./balancer/uniform/uniform100real\68\1032.jpg,68
./balancer/uniform/uniform100real\68\1036.jpg,68
./balancer/uniform/uniform100real\68\1039.jpg,68
./balancer/uniform/uniform100real\68\1043.jpg,68
./balancer/uniform/uniform100real\68\105.jpg,68
./balancer/uniform/uniform100real\68\1061.jpg,68
./balancer/uniform/uniform100real\68\1072.jpg,68
./balancer/uniform/uniform100real\68\1086.jpg,68
./balancer/uniform/uniform100real\68\1089.jpg,68
./balancer/uniform/uniform100real\68\109.jpg,68
./balancer/uniform/uniform100real\68\1093.jpg,68
./balancer/uniform/uniform100real\68\1099.jpg,68
./balancer/uniform/uniform100real\68\1101.jpg,68
./balancer/uniform/uniform100real\68\1103.jpg,68
./balancer/uniform/uniform100real\68\112.jpg,68
./balancer/uniform/uniform100real\68\1120.jpg,68
./balancer/uniform/uniform100real\68\1123.jpg,68
./balancer/uniform/uniform100real\68\1124.jpg,68
./balancer/uniform/uniform100real\68\1126.jpg,68
./balancer/uniform/uniform100real\68\1131.jpg,68
./balancer/uniform/uniform100real\68\1135.jpg,68
./balancer/uniform/uniform100real\68\1144.jpg,68
./balancer/uniform/uniform100real\68\1147.jpg,68
./balancer/uniform/uniform100real\68\1152.jpg,68
./balancer/uniform/uniform100real\68\1153.jpg,68
./balancer/uniform/uniform100real\68\1158.jpg,68
./balancer/uniform/uniform100real\68\1172.jpg,68
./balancer/uniform/uniform100real\68\1174.jpg,68
./balancer/uniform/uniform100real\68\1186.jpg,68
./balancer/uniform/uniform100real\68\119.jpg,68
./balancer/uniform/uniform100real\68\1197.jpg,68
./balancer/uniform/uniform100real\68\120.jpg,68
./balancer/uniform/uniform100real\68\1208.jpg,68
./balancer/uniform/uniform100real\68\1230.jpg,68
./balancer/uniform/uniform100real\68\1233.jpg,68
./balancer/uniform/uniform100real\68\1253.jpg,68
./balancer/uniform/uniform100real\68\1260.jpg,68
./balancer/uniform/uniform100real\68\1263.jpg,68
./balancer/uniform/uniform100real\68\1267.jpg,68
./balancer/uniform/uniform100real\68\127.jpg,68
./balancer/uniform/uniform100real\68\1271.jpg,68
./balancer/uniform/uniform100real\68\1285.jpg,68
./balancer/uniform/uniform100real\68\1290.jpg,68
./balancer/uniform/uniform100real\68\1294.jpg,68
./balancer/uniform/uniform100real\68\1305.jpg,68
./balancer/uniform/uniform100real\68\1309.jpg,68
./balancer/uniform/uniform100real\68\1310.jpg,68
./balancer/uniform/uniform100real\68\1319.jpg,68
./balancer/uniform/uniform100real\68\1324.jpg,68
./balancer/uniform/uniform100real\68\1330.JPG,68
./balancer/uniform/uniform100real\68\1332.jpg,68
./balancer/uniform/uniform100real\68\1349.jpg,68
./balancer/uniform/uniform100real\68\1358.jpg,68
./balancer/uniform/uniform100real\68\1362.jpg,68
./balancer/uniform/uniform100real\68\137.jpg,68
./balancer/uniform/uniform100real\68\140.jpg,68
./balancer/uniform/uniform100real\68\147.jpg,68
./balancer/uniform/uniform100real\68\152.jpg,68
./balancer/uniform/uniform100real\68\157.jpg,68
./balancer/uniform/uniform100real\68\166.jpg,68
./balancer/uniform/uniform100real\68\171.jpg,68
./balancer/uniform/uniform100real\68\177.jpg,68
./balancer/uniform/uniform100real\68\178.jpg,68
./balancer/uniform/uniform100real\68\18.jpg,68
./balancer/uniform/uniform100real\68\188.jpg,68
./balancer/uniform/uniform100real\68\196.jpg,68
./balancer/uniform/uniform100real\68\208.jpg,68
./balancer/uniform/uniform100real\68\209.jpg,68
./balancer/uniform/uniform100real\68\218.jpg,68
./balancer/uniform/uniform100real\68\225.jpg,68
./balancer/uniform/uniform100real\68\228.jpg,68
./balancer/uniform/uniform100real\68\231.jpg,68
./balancer/uniform/uniform100real\68\233.jpg,68
./balancer/uniform/uniform100real\68\234.jpg,68
./balancer/uniform/uniform100real\68\248.jpg,68
./balancer/uniform/uniform100real\68\250.jpg,68
./balancer/uniform/uniform100real\68\253.jpg,68
./balancer/uniform/uniform100real\68\262.jpg,68
./balancer/uniform/uniform100real\68\269.jpg,68
./balancer/uniform/uniform100real\68\271.jpg,68
./balancer/uniform/uniform100real\68\273.jpg,68
./balancer/uniform/uniform100real\68\286.jpg,68
./balancer/uniform/uniform100real\68\287.jpg,68
./balancer/uniform/uniform100real\68\29.jpg,68
./balancer/uniform/uniform100real\68\291.jpg,68
./balancer/uniform/uniform100real\68\295.jpg,68
./balancer/uniform/uniform100real\68\298.jpg,68
./balancer/uniform/uniform100real\68\304.jpg,68
./balancer/uniform/uniform100real\68\311.jpg,68
./balancer/uniform/uniform100real\68\323.jpg,68
./balancer/uniform/uniform100real\68\330.jpg,68
./balancer/uniform/uniform100real\68\332.jpg,68
./balancer/uniform/uniform100real\68\337.jpg,68
./balancer/uniform/uniform100real\68\346.jpg,68
./balancer/uniform/uniform100real\68\349.jpg,68
./balancer/uniform/uniform100real\68\35.jpg,68
./balancer/uniform/uniform100real\68\350.jpg,68
./balancer/uniform/uniform100real\68\358.jpg,68
./balancer/uniform/uniform100real\68\362.jpg,68
./balancer/uniform/uniform100real\68\382.jpg,68
./balancer/uniform/uniform100real\68\39.jpg,68
./balancer/uniform/uniform100real\68\392.jpg,68
./balancer/uniform/uniform100real\68\40.jpg,68
./balancer/uniform/uniform100real\68\401.jpg,68
./balancer/uniform/uniform100real\68\416.jpg,68
./balancer/uniform/uniform100real\68\427.jpg,68
./balancer/uniform/uniform100real\68\433.jpg,68
./balancer/uniform/uniform100real\68\44.jpg,68
./balancer/uniform/uniform100real\68\445.jpg,68
./balancer/uniform/uniform100real\68\447.jpg,68
./balancer/uniform/uniform100real\68\448.jpg,68
./balancer/uniform/uniform100real\68\450.jpg,68
./balancer/uniform/uniform100real\68\465.jpg,68
./balancer/uniform/uniform100real\68\498.jpg,68
./balancer/uniform/uniform100real\68\501.jpg,68
./balancer/uniform/uniform100real\68\504.jpg,68
./balancer/uniform/uniform100real\68\513.jpg,68
./balancer/uniform/uniform100real\68\517.jpg,68
./balancer/uniform/uniform100real\68\523.jpg,68
./balancer/uniform/uniform100real\68\524.jpg,68
./balancer/uniform/uniform100real\68\531.jpg,68
./balancer/uniform/uniform100real\68\544.jpg,68
./balancer/uniform/uniform100real\68\55.jpg,68
./balancer/uniform/uniform100real\68\569.jpg,68
./balancer/uniform/uniform100real\68\573.jpg,68
./balancer/uniform/uniform100real\68\582.jpg,68
./balancer/uniform/uniform100real\68\590.jpg,68
./balancer/uniform/uniform100real\68\591.jpg,68
./balancer/uniform/uniform100real\68\593.jpg,68
./balancer/uniform/uniform100real\68\596.jpg,68
./balancer/uniform/uniform100real\68\598.jpg,68
./balancer/uniform/uniform100real\68\600.jpg,68
./balancer/uniform/uniform100real\68\602.jpg,68
./balancer/uniform/uniform100real\68\612.jpg,68
./balancer/uniform/uniform100real\68\613.jpg,68
./balancer/uniform/uniform100real\68\614.jpg,68
./balancer/uniform/uniform100real\68\617.jpg,68
./balancer/uniform/uniform100real\68\633.jpg,68
./balancer/uniform/uniform100real\68\640.jpg,68
./balancer/uniform/uniform100real\68\647.jpg,68
./balancer/uniform/uniform100real\68\649.jpg,68
./balancer/uniform/uniform100real\68\653.jpg,68
./balancer/uniform/uniform100real\68\659.jpg,68
./balancer/uniform/uniform100real\68\66.jpg,68
./balancer/uniform/uniform100real\68\676.jpg,68
./balancer/uniform/uniform100real\68\683.jpg,68
./balancer/uniform/uniform100real\68\687.jpg,68
./balancer/uniform/uniform100real\68\696.jpg,68
./balancer/uniform/uniform100real\68\698.jpg,68
./balancer/uniform/uniform100real\68\699.jpg,68
./balancer/uniform/uniform100real\68\706.jpg,68
./balancer/uniform/uniform100real\68\714.jpg,68
./balancer/uniform/uniform100real\68\719.jpg,68
./balancer/uniform/uniform100real\68\72.jpg,68
./balancer/uniform/uniform100real\68\726.jpg,68
./balancer/uniform/uniform100real\68\740.jpg,68
./balancer/uniform/uniform100real\68\742.jpg,68
./balancer/uniform/uniform100real\68\745.jpg,68
./balancer/uniform/uniform100real\68\751.jpg,68
./balancer/uniform/uniform100real\68\752.jpg,68
./balancer/uniform/uniform100real\68\761.jpg,68
./balancer/uniform/uniform100real\68\762.jpg,68
./balancer/uniform/uniform100real\68\77.jpg,68
./balancer/uniform/uniform100real\68\770.jpg,68
./balancer/uniform/uniform100real\68\779.jpg,68
./balancer/uniform/uniform100real\68\782.jpg,68
./balancer/uniform/uniform100real\68\793.jpg,68
./balancer/uniform/uniform100real\68\816.jpg,68
./balancer/uniform/uniform100real\68\82.jpg,68
./balancer/uniform/uniform100real\68\821.jpg,68
./balancer/uniform/uniform100real\68\825.jpg,68
./balancer/uniform/uniform100real\68\838.jpg,68
./balancer/uniform/uniform100real\68\840.jpg,68
./balancer/uniform/uniform100real\68\845.jpg,68
./balancer/uniform/uniform100real\68\849.jpg,68
./balancer/uniform/uniform100real\68\85.jpg,68
./balancer/uniform/uniform100real\68\855.jpg,68
./balancer/uniform/uniform100real\68\861.jpg,68
./balancer/uniform/uniform100real\68\875.jpg,68
./balancer/uniform/uniform100real\68\877.jpg,68
./balancer/uniform/uniform100real\68\878.jpg,68
./balancer/uniform/uniform100real\68\879.jpg,68
./balancer/uniform/uniform100real\68\881.jpg,68
./balancer/uniform/uniform100real\68\887.jpg,68
./balancer/uniform/uniform100real\68\89.jpg,68
./balancer/uniform/uniform100real\68\902.jpg,68
./balancer/uniform/uniform100real\68\911.jpg,68
./balancer/uniform/uniform100real\68\92.jpg,68
./balancer/uniform/uniform100real\68\925.jpg,68
./balancer/uniform/uniform100real\68\929.jpg,68
./balancer/uniform/uniform100real\68\934.jpg,68
./balancer/uniform/uniform100real\68\944.jpg,68
./balancer/uniform/uniform100real\68\95.jpg,68
./balancer/uniform/uniform100real\68\959.jpg,68
./balancer/uniform/uniform100real\68\97.jpg,68
./balancer/uniform/uniform100real\68\978.jpg,68
./balancer/uniform/uniform100real\68\99.jpg,68
./balancer/uniform/uniform100real\68\994.jpg,68
./balancer/uniform/uniform100real\69\10.jpg,69
./balancer/uniform/uniform100real\69\1007.jpg,69
./balancer/uniform/uniform100real\69\1013.jpg,69
./balancer/uniform/uniform100real\69\1023.jpg,69
./balancer/uniform/uniform100real\69\1024.jpg,69
./balancer/uniform/uniform100real\69\1028.jpg,69
./balancer/uniform/uniform100real\69\1030.jpg,69
./balancer/uniform/uniform100real\69\1036.jpg,69
./balancer/uniform/uniform100real\69\1048.jpg,69
./balancer/uniform/uniform100real\69\1050.jpg,69
./balancer/uniform/uniform100real\69\106.jpg,69
./balancer/uniform/uniform100real\69\1068.jpg,69
./balancer/uniform/uniform100real\69\1069.jpg,69
./balancer/uniform/uniform100real\69\1073.jpg,69
./balancer/uniform/uniform100real\69\1083.jpg,69
./balancer/uniform/uniform100real\69\1086.jpg,69
./balancer/uniform/uniform100real\69\1088.jpg,69
./balancer/uniform/uniform100real\69\1097.jpg,69
./balancer/uniform/uniform100real\69\11.jpg,69
./balancer/uniform/uniform100real\69\1101.jpg,69
./balancer/uniform/uniform100real\69\1105.jpg,69
./balancer/uniform/uniform100real\69\1106.jpg,69
./balancer/uniform/uniform100real\69\1127.jpg,69
./balancer/uniform/uniform100real\69\1137.jpg,69
./balancer/uniform/uniform100real\69\114.jpg,69
./balancer/uniform/uniform100real\69\1144.jpg,69
./balancer/uniform/uniform100real\69\1149.jpg,69
./balancer/uniform/uniform100real\69\1151.jpg,69
./balancer/uniform/uniform100real\69\1172.jpg,69
./balancer/uniform/uniform100real\69\1178.jpg,69
./balancer/uniform/uniform100real\69\1182.jpg,69
./balancer/uniform/uniform100real\69\1188.jpg,69
./balancer/uniform/uniform100real\69\1189.jpg,69
./balancer/uniform/uniform100real\69\1192.jpg,69
./balancer/uniform/uniform100real\69\1200.jpg,69
./balancer/uniform/uniform100real\69\1202.jpg,69
./balancer/uniform/uniform100real\69\1208.jpg,69
./balancer/uniform/uniform100real\69\1211.jpg,69
./balancer/uniform/uniform100real\69\1214.jpg,69
./balancer/uniform/uniform100real\69\1226.jpg,69
./balancer/uniform/uniform100real\69\1236.jpg,69
./balancer/uniform/uniform100real\69\1254.jpg,69
./balancer/uniform/uniform100real\69\1269.jpg,69
./balancer/uniform/uniform100real\69\1274.jpg,69
./balancer/uniform/uniform100real\69\130.jpg,69
./balancer/uniform/uniform100real\69\132.jpg,69
./balancer/uniform/uniform100real\69\136.jpg,69
./balancer/uniform/uniform100real\69\143.jpg,69
./balancer/uniform/uniform100real\69\149.jpg,69
./balancer/uniform/uniform100real\69\155.jpg,69
./balancer/uniform/uniform100real\69\158.jpg,69
./balancer/uniform/uniform100real\69\17.jpg,69
./balancer/uniform/uniform100real\69\177.jpg,69
./balancer/uniform/uniform100real\69\18.jpg,69
./balancer/uniform/uniform100real\69\19.jpg,69
./balancer/uniform/uniform100real\69\190.jpg,69
./balancer/uniform/uniform100real\69\195.jpg,69
./balancer/uniform/uniform100real\69\199.jpg,69
./balancer/uniform/uniform100real\69\219.jpg,69
./balancer/uniform/uniform100real\69\222.jpg,69
./balancer/uniform/uniform100real\69\225.jpg,69
./balancer/uniform/uniform100real\69\229.jpg,69
./balancer/uniform/uniform100real\69\231.jpg,69
./balancer/uniform/uniform100real\69\235.jpg,69
./balancer/uniform/uniform100real\69\238.jpg,69
./balancer/uniform/uniform100real\69\239.jpg,69
./balancer/uniform/uniform100real\69\240.jpg,69
./balancer/uniform/uniform100real\69\246.jpg,69
./balancer/uniform/uniform100real\69\247.jpg,69
./balancer/uniform/uniform100real\69\253.jpg,69
./balancer/uniform/uniform100real\69\254.jpg,69
./balancer/uniform/uniform100real\69\257.jpg,69
./balancer/uniform/uniform100real\69\259.jpg,69
./balancer/uniform/uniform100real\69\281.jpg,69
./balancer/uniform/uniform100real\69\297.jpg,69
./balancer/uniform/uniform100real\69\307.jpg,69
./balancer/uniform/uniform100real\69\308.jpg,69
./balancer/uniform/uniform100real\69\314.jpg,69
./balancer/uniform/uniform100real\69\32.jpg,69
./balancer/uniform/uniform100real\69\322.jpg,69
./balancer/uniform/uniform100real\69\325.jpg,69
./balancer/uniform/uniform100real\69\329.jpg,69
./balancer/uniform/uniform100real\69\331.jpg,69
./balancer/uniform/uniform100real\69\340.jpg,69
./balancer/uniform/uniform100real\69\345.jpg,69
./balancer/uniform/uniform100real\69\347.jpg,69
./balancer/uniform/uniform100real\69\361.jpg,69
./balancer/uniform/uniform100real\69\363.jpg,69
./balancer/uniform/uniform100real\69\366.jpg,69
./balancer/uniform/uniform100real\69\369.jpg,69
./balancer/uniform/uniform100real\69\37.jpg,69
./balancer/uniform/uniform100real\69\381.jpg,69
./balancer/uniform/uniform100real\69\382.jpg,69
./balancer/uniform/uniform100real\69\389.jpg,69
./balancer/uniform/uniform100real\69\390.jpg,69
./balancer/uniform/uniform100real\69\394.jpg,69
./balancer/uniform/uniform100real\69\395.jpg,69
./balancer/uniform/uniform100real\69\400.jpg,69
./balancer/uniform/uniform100real\69\402.jpg,69
./balancer/uniform/uniform100real\69\405.jpg,69
./balancer/uniform/uniform100real\69\413.jpg,69
./balancer/uniform/uniform100real\69\420.jpg,69
./balancer/uniform/uniform100real\69\422.jpg,69
./balancer/uniform/uniform100real\69\442.jpg,69
./balancer/uniform/uniform100real\69\443.jpg,69
./balancer/uniform/uniform100real\69\444.jpg,69
./balancer/uniform/uniform100real\69\451.jpg,69
./balancer/uniform/uniform100real\69\464.jpg,69
./balancer/uniform/uniform100real\69\476.jpg,69
./balancer/uniform/uniform100real\69\477.jpg,69
./balancer/uniform/uniform100real\69\48.jpg,69
./balancer/uniform/uniform100real\69\481.jpg,69
./balancer/uniform/uniform100real\69\484.jpg,69
./balancer/uniform/uniform100real\69\485.jpg,69
./balancer/uniform/uniform100real\69\493.jpg,69
./balancer/uniform/uniform100real\69\497.jpg,69
./balancer/uniform/uniform100real\69\524.jpg,69
./balancer/uniform/uniform100real\69\53.jpg,69
./balancer/uniform/uniform100real\69\539.jpg,69
./balancer/uniform/uniform100real\69\543.jpg,69
./balancer/uniform/uniform100real\69\546.jpg,69
./balancer/uniform/uniform100real\69\55.jpg,69
./balancer/uniform/uniform100real\69\555.jpg,69
./balancer/uniform/uniform100real\69\568.jpg,69
./balancer/uniform/uniform100real\69\573.jpg,69
./balancer/uniform/uniform100real\69\587.jpg,69
./balancer/uniform/uniform100real\69\588.jpg,69
./balancer/uniform/uniform100real\69\590.jpg,69
./balancer/uniform/uniform100real\69\604.jpg,69
./balancer/uniform/uniform100real\69\606.jpg,69
./balancer/uniform/uniform100real\69\616.jpg,69
./balancer/uniform/uniform100real\69\621.jpg,69
./balancer/uniform/uniform100real\69\629.jpg,69
./balancer/uniform/uniform100real\69\636.jpg,69
./balancer/uniform/uniform100real\69\64.jpg,69
./balancer/uniform/uniform100real\69\640.jpg,69
./balancer/uniform/uniform100real\69\645.jpg,69
./balancer/uniform/uniform100real\69\649.jpg,69
./balancer/uniform/uniform100real\69\650.jpg,69
./balancer/uniform/uniform100real\69\662.jpg,69
./balancer/uniform/uniform100real\69\666.jpg,69
./balancer/uniform/uniform100real\69\675.jpg,69
./balancer/uniform/uniform100real\69\677.jpg,69
./balancer/uniform/uniform100real\69\686.jpg,69
./balancer/uniform/uniform100real\69\70.jpg,69
./balancer/uniform/uniform100real\69\703.jpg,69
./balancer/uniform/uniform100real\69\718.jpg,69
./balancer/uniform/uniform100real\69\720.jpg,69
./balancer/uniform/uniform100real\69\722.jpg,69
./balancer/uniform/uniform100real\69\730.jpg,69
./balancer/uniform/uniform100real\69\733.jpg,69
./balancer/uniform/uniform100real\69\738.jpg,69
./balancer/uniform/uniform100real\69\741.jpg,69
./balancer/uniform/uniform100real\69\75.jpg,69
./balancer/uniform/uniform100real\69\758.jpg,69
./balancer/uniform/uniform100real\69\764.jpg,69
./balancer/uniform/uniform100real\69\787.jpg,69
./balancer/uniform/uniform100real\69\798.jpg,69
./balancer/uniform/uniform100real\69\803.jpg,69
./balancer/uniform/uniform100real\69\816.jpg,69
./balancer/uniform/uniform100real\69\826.jpg,69
./balancer/uniform/uniform100real\69\828.jpg,69
./balancer/uniform/uniform100real\69\829.jpg,69
./balancer/uniform/uniform100real\69\843.jpg,69
./balancer/uniform/uniform100real\69\847.jpg,69
./balancer/uniform/uniform100real\69\851.jpg,69
./balancer/uniform/uniform100real\69\853.jpg,69
./balancer/uniform/uniform100real\69\860.jpg,69
./balancer/uniform/uniform100real\69\862.jpg,69
./balancer/uniform/uniform100real\69\866.jpg,69
./balancer/uniform/uniform100real\69\871.jpg,69
./balancer/uniform/uniform100real\69\872.JPG,69
./balancer/uniform/uniform100real\69\873.jpg,69
./balancer/uniform/uniform100real\69\879.jpg,69
./balancer/uniform/uniform100real\69\880.jpg,69
./balancer/uniform/uniform100real\69\885.jpg,69
./balancer/uniform/uniform100real\69\890.jpg,69
./balancer/uniform/uniform100real\69\891.jpg,69
./balancer/uniform/uniform100real\69\893.jpg,69
./balancer/uniform/uniform100real\69\899.jpg,69
./balancer/uniform/uniform100real\69\900.jpg,69
./balancer/uniform/uniform100real\69\903.jpg,69
./balancer/uniform/uniform100real\69\913.jpg,69
./balancer/uniform/uniform100real\69\914.jpg,69
./balancer/uniform/uniform100real\69\915.jpg,69
./balancer/uniform/uniform100real\69\920.jpg,69
./balancer/uniform/uniform100real\69\922.jpg,69
./balancer/uniform/uniform100real\69\927.jpg,69
./balancer/uniform/uniform100real\69\932.jpg,69
./balancer/uniform/uniform100real\69\933.jpg,69
./balancer/uniform/uniform100real\69\945.jpg,69
./balancer/uniform/uniform100real\69\952.jpg,69
./balancer/uniform/uniform100real\69\954.jpg,69
./balancer/uniform/uniform100real\69\967.jpg,69
./balancer/uniform/uniform100real\69\968.jpg,69
./balancer/uniform/uniform100real\69\969.jpg,69
./balancer/uniform/uniform100real\69\976.jpg,69
./balancer/uniform/uniform100real\69\977.jpg,69
./balancer/uniform/uniform100real\69\978.jpg,69
./balancer/uniform/uniform100real\69\98.jpg,69
./balancer/uniform/uniform100real\69\982.jpg,69
./balancer/uniform/uniform100real\69\987.jpg,69
./balancer/uniform/uniform100real\69\997.jpg,69
./balancer/uniform/uniform100real\7\1.jpg,7
./balancer/uniform/uniform100real\7\100.jpg,7
./balancer/uniform/uniform100real\7\101.jpg,7
./balancer/uniform/uniform100real\7\102.jpg,7
./balancer/uniform/uniform100real\7\103.jpg,7
./balancer/uniform/uniform100real\7\104.jpg,7
./balancer/uniform/uniform100real\7\106.jpg,7
./balancer/uniform/uniform100real\7\109.jpg,7
./balancer/uniform/uniform100real\7\11.jpg,7
./balancer/uniform/uniform100real\7\112.jpg,7
./balancer/uniform/uniform100real\7\118.jpg,7
./balancer/uniform/uniform100real\7\119.jpg,7
./balancer/uniform/uniform100real\7\12.jpg,7
./balancer/uniform/uniform100real\7\120.JPG,7
./balancer/uniform/uniform100real\7\121.JPG,7
./balancer/uniform/uniform100real\7\122.jpg,7
./balancer/uniform/uniform100real\7\125.jpg,7
./balancer/uniform/uniform100real\7\126.jpg,7
./balancer/uniform/uniform100real\7\127.jpg,7
./balancer/uniform/uniform100real\7\129.jpg,7
./balancer/uniform/uniform100real\7\13.jpg,7
./balancer/uniform/uniform100real\7\132.jpg,7
./balancer/uniform/uniform100real\7\134.jpg,7
./balancer/uniform/uniform100real\7\14.jpg,7
./balancer/uniform/uniform100real\7\140.jpg,7
./balancer/uniform/uniform100real\7\141.jpg,7
./balancer/uniform/uniform100real\7\144.jpg,7
./balancer/uniform/uniform100real\7\147.jpg,7
./balancer/uniform/uniform100real\7\149.jpg,7
./balancer/uniform/uniform100real\7\15.jpg,7
./balancer/uniform/uniform100real\7\150.jpg,7
./balancer/uniform/uniform100real\7\152.jpg,7
./balancer/uniform/uniform100real\7\153.JPG,7
./balancer/uniform/uniform100real\7\154.jpg,7
./balancer/uniform/uniform100real\7\157.JPG,7
./balancer/uniform/uniform100real\7\158.jpg,7
./balancer/uniform/uniform100real\7\159.jpg,7
./balancer/uniform/uniform100real\7\162.jpg,7
./balancer/uniform/uniform100real\7\167.jpg,7
./balancer/uniform/uniform100real\7\169.jpg,7
./balancer/uniform/uniform100real\7\17.jpg,7
./balancer/uniform/uniform100real\7\172.jpg,7
./balancer/uniform/uniform100real\7\173.jpg,7
./balancer/uniform/uniform100real\7\178.jpg,7
./balancer/uniform/uniform100real\7\179.jpg,7
./balancer/uniform/uniform100real\7\18.jpg,7
./balancer/uniform/uniform100real\7\181.jpg,7
./balancer/uniform/uniform100real\7\184.jpg,7
./balancer/uniform/uniform100real\7\186.jpg,7
./balancer/uniform/uniform100real\7\19.jpg,7
./balancer/uniform/uniform100real\7\190.jpg,7
./balancer/uniform/uniform100real\7\192.jpg,7
./balancer/uniform/uniform100real\7\193.jpg,7
./balancer/uniform/uniform100real\7\195.jpg,7
./balancer/uniform/uniform100real\7\196.jpg,7
./balancer/uniform/uniform100real\7\197.jpg,7
./balancer/uniform/uniform100real\7\198.jpg,7
./balancer/uniform/uniform100real\7\200.jpg,7
./balancer/uniform/uniform100real\7\201.jpg,7
./balancer/uniform/uniform100real\7\203.jpg,7
./balancer/uniform/uniform100real\7\205.jpg,7
./balancer/uniform/uniform100real\7\206.jpg,7
./balancer/uniform/uniform100real\7\207.jpg,7
./balancer/uniform/uniform100real\7\208.jpg,7
./balancer/uniform/uniform100real\7\209.jpg,7
./balancer/uniform/uniform100real\7\210.jpg,7
./balancer/uniform/uniform100real\7\211.jpg,7
./balancer/uniform/uniform100real\7\213.jpg,7
./balancer/uniform/uniform100real\7\214.jpg,7
./balancer/uniform/uniform100real\7\216.jpg,7
./balancer/uniform/uniform100real\7\218.jpg,7
./balancer/uniform/uniform100real\7\220.JPG,7
./balancer/uniform/uniform100real\7\223.jpg,7
./balancer/uniform/uniform100real\7\224.jpg,7
./balancer/uniform/uniform100real\7\226.jpg,7
./balancer/uniform/uniform100real\7\228.jpg,7
./balancer/uniform/uniform100real\7\229.jpg,7
./balancer/uniform/uniform100real\7\23.jpg,7
./balancer/uniform/uniform100real\7\230.JPG,7
./balancer/uniform/uniform100real\7\232.jpg,7
./balancer/uniform/uniform100real\7\234.jpg,7
./balancer/uniform/uniform100real\7\236.jpg,7
./balancer/uniform/uniform100real\7\238.jpg,7
./balancer/uniform/uniform100real\7\24.jpg,7
./balancer/uniform/uniform100real\7\240.jpg,7
./balancer/uniform/uniform100real\7\242.jpg,7
./balancer/uniform/uniform100real\7\243.JPG,7
./balancer/uniform/uniform100real\7\244.jpg,7
./balancer/uniform/uniform100real\7\245.jpg,7
./balancer/uniform/uniform100real\7\248.JPG,7
./balancer/uniform/uniform100real\7\249.jpg,7
./balancer/uniform/uniform100real\7\252.jpg,7
./balancer/uniform/uniform100real\7\253.jpg,7
./balancer/uniform/uniform100real\7\254.jpg,7
./balancer/uniform/uniform100real\7\257.JPG,7
./balancer/uniform/uniform100real\7\259.jpg,7
./balancer/uniform/uniform100real\7\26.jpg,7
./balancer/uniform/uniform100real\7\264.jpg,7
./balancer/uniform/uniform100real\7\266.jpg,7
./balancer/uniform/uniform100real\7\268.jpg,7
./balancer/uniform/uniform100real\7\271.jpg,7
./balancer/uniform/uniform100real\7\272.jpg,7
./balancer/uniform/uniform100real\7\275.JPG,7
./balancer/uniform/uniform100real\7\276.jpg,7
./balancer/uniform/uniform100real\7\278.jpg,7
./balancer/uniform/uniform100real\7\279.jpg,7
./balancer/uniform/uniform100real\7\28.jpg,7
./balancer/uniform/uniform100real\7\280.jpg,7
./balancer/uniform/uniform100real\7\281.jpg,7
./balancer/uniform/uniform100real\7\282.JPG,7
./balancer/uniform/uniform100real\7\285.jpg,7
./balancer/uniform/uniform100real\7\286.JPG,7
./balancer/uniform/uniform100real\7\29.jpg,7
./balancer/uniform/uniform100real\7\291.jpg,7
./balancer/uniform/uniform100real\7\295.jpg,7
./balancer/uniform/uniform100real\7\297.JPG,7
./balancer/uniform/uniform100real\7\298.jpg,7
./balancer/uniform/uniform100real\7\299.jpg,7
./balancer/uniform/uniform100real\7\3.jpg,7
./balancer/uniform/uniform100real\7\300.jpg,7
./balancer/uniform/uniform100real\7\301.jpg,7
./balancer/uniform/uniform100real\7\306.jpg,7
./balancer/uniform/uniform100real\7\312.JPG,7
./balancer/uniform/uniform100real\7\317.jpg,7
./balancer/uniform/uniform100real\7\318.jpg,7
./balancer/uniform/uniform100real\7\321.jpg,7
./balancer/uniform/uniform100real\7\322.jpg,7
./balancer/uniform/uniform100real\7\323.jpg,7
./balancer/uniform/uniform100real\7\324.jpg,7
./balancer/uniform/uniform100real\7\325.jpg,7
./balancer/uniform/uniform100real\7\330.jpg,7
./balancer/uniform/uniform100real\7\331.jpg,7
./balancer/uniform/uniform100real\7\332.jpg,7
./balancer/uniform/uniform100real\7\340.jpg,7
./balancer/uniform/uniform100real\7\341.jpg,7
./balancer/uniform/uniform100real\7\342.jpg,7
./balancer/uniform/uniform100real\7\345.jpg,7
./balancer/uniform/uniform100real\7\347.jpg,7
./balancer/uniform/uniform100real\7\348.jpg,7
./balancer/uniform/uniform100real\7\35.jpg,7
./balancer/uniform/uniform100real\7\350.jpg,7
./balancer/uniform/uniform100real\7\353.jpg,7
./balancer/uniform/uniform100real\7\355.jpg,7
./balancer/uniform/uniform100real\7\356.jpg,7
./balancer/uniform/uniform100real\7\359.JPG,7
./balancer/uniform/uniform100real\7\365.jpg,7
./balancer/uniform/uniform100real\7\366.jpg,7
./balancer/uniform/uniform100real\7\368.jpg,7
./balancer/uniform/uniform100real\7\370.JPG,7
./balancer/uniform/uniform100real\7\371.JPG,7
./balancer/uniform/uniform100real\7\372.JPG,7
./balancer/uniform/uniform100real\7\373.jpg,7
./balancer/uniform/uniform100real\7\374.jpg,7
./balancer/uniform/uniform100real\7\375.jpg,7
./balancer/uniform/uniform100real\7\376.JPG,7
./balancer/uniform/uniform100real\7\377.jpg,7
./balancer/uniform/uniform100real\7\38.jpg,7
./balancer/uniform/uniform100real\7\380.jpg,7
./balancer/uniform/uniform100real\7\382.jpg,7
./balancer/uniform/uniform100real\7\383.jpg,7
./balancer/uniform/uniform100real\7\384.jpg,7
./balancer/uniform/uniform100real\7\387.jpg,7
./balancer/uniform/uniform100real\7\389.jpg,7
./balancer/uniform/uniform100real\7\39.jpg,7
./balancer/uniform/uniform100real\7\390.jpg,7
./balancer/uniform/uniform100real\7\391.jpg,7
./balancer/uniform/uniform100real\7\392.jpg,7
./balancer/uniform/uniform100real\7\393.JPG,7
./balancer/uniform/uniform100real\7\40.jpg,7
./balancer/uniform/uniform100real\7\41.jpg,7
./balancer/uniform/uniform100real\7\42.JPG,7
./balancer/uniform/uniform100real\7\44.jpg,7
./balancer/uniform/uniform100real\7\48.jpg,7
./balancer/uniform/uniform100real\7\49.JPG,7
./balancer/uniform/uniform100real\7\56.jpg,7
./balancer/uniform/uniform100real\7\57.jpg,7
./balancer/uniform/uniform100real\7\58.jpg,7
./balancer/uniform/uniform100real\7\59.jpg,7
./balancer/uniform/uniform100real\7\60.jpg,7
./balancer/uniform/uniform100real\7\63.jpg,7
./balancer/uniform/uniform100real\7\66.jpg,7
./balancer/uniform/uniform100real\7\69.jpg,7
./balancer/uniform/uniform100real\7\7.jpg,7
./balancer/uniform/uniform100real\7\70.jpg,7
./balancer/uniform/uniform100real\7\71.JPG,7
./balancer/uniform/uniform100real\7\72.jpg,7
./balancer/uniform/uniform100real\7\73.jpg,7
./balancer/uniform/uniform100real\7\79.jpg,7
./balancer/uniform/uniform100real\7\8.JPG,7
./balancer/uniform/uniform100real\7\80.jpg,7
./balancer/uniform/uniform100real\7\81.jpg,7
./balancer/uniform/uniform100real\7\82.jpg,7
./balancer/uniform/uniform100real\7\83.jpg,7
./balancer/uniform/uniform100real\7\84.jpg,7
./balancer/uniform/uniform100real\7\86.jpg,7
./balancer/uniform/uniform100real\7\87.jpg,7
./balancer/uniform/uniform100real\7\89.JPG,7
./balancer/uniform/uniform100real\7\9.JPG,7
./balancer/uniform/uniform100real\7\92.jpg,7
./balancer/uniform/uniform100real\7\93.jpg,7
./balancer/uniform/uniform100real\7\94.jpg,7
./balancer/uniform/uniform100real\7\95.jpg,7
./balancer/uniform/uniform100real\7\97.jpg,7
./balancer/uniform/uniform100real\70\1004.jpg,70
./balancer/uniform/uniform100real\70\1012.jpg,70
./balancer/uniform/uniform100real\70\1014.jpg,70
./balancer/uniform/uniform100real\70\1025.jpg,70
./balancer/uniform/uniform100real\70\1026.jpg,70
./balancer/uniform/uniform100real\70\1027.jpg,70
./balancer/uniform/uniform100real\70\1029.jpg,70
./balancer/uniform/uniform100real\70\1032.jpg,70
./balancer/uniform/uniform100real\70\1055.jpg,70
./balancer/uniform/uniform100real\70\1061.jpg,70
./balancer/uniform/uniform100real\70\1067.jpg,70
./balancer/uniform/uniform100real\70\1076.jpg,70
./balancer/uniform/uniform100real\70\1083.jpg,70
./balancer/uniform/uniform100real\70\1087.jpg,70
./balancer/uniform/uniform100real\70\1091.jpg,70
./balancer/uniform/uniform100real\70\1093.jpg,70
./balancer/uniform/uniform100real\70\1097.jpg,70
./balancer/uniform/uniform100real\70\1099.jpg,70
./balancer/uniform/uniform100real\70\11.jpg,70
./balancer/uniform/uniform100real\70\110.jpg,70
./balancer/uniform/uniform100real\70\1100.jpg,70
./balancer/uniform/uniform100real\70\1103.jpg,70
./balancer/uniform/uniform100real\70\1115.jpg,70
./balancer/uniform/uniform100real\70\1127.jpg,70
./balancer/uniform/uniform100real\70\1130.jpg,70
./balancer/uniform/uniform100real\70\1131.jpg,70
./balancer/uniform/uniform100real\70\114.jpg,70
./balancer/uniform/uniform100real\70\1155.jpg,70
./balancer/uniform/uniform100real\70\1175.jpg,70
./balancer/uniform/uniform100real\70\1188.jpg,70
./balancer/uniform/uniform100real\70\1193.jpg,70
./balancer/uniform/uniform100real\70\120.jpg,70
./balancer/uniform/uniform100real\70\1200.jpg,70
./balancer/uniform/uniform100real\70\1205.jpg,70
./balancer/uniform/uniform100real\70\1207.jpg,70
./balancer/uniform/uniform100real\70\1210.jpg,70
./balancer/uniform/uniform100real\70\1218.jpg,70
./balancer/uniform/uniform100real\70\122.jpg,70
./balancer/uniform/uniform100real\70\1237.jpg,70
./balancer/uniform/uniform100real\70\1238.jpg,70
./balancer/uniform/uniform100real\70\1240.jpg,70
./balancer/uniform/uniform100real\70\1242.jpg,70
./balancer/uniform/uniform100real\70\1244.jpg,70
./balancer/uniform/uniform100real\70\125.jpg,70
./balancer/uniform/uniform100real\70\1253.jpg,70
./balancer/uniform/uniform100real\70\1254.jpg,70
./balancer/uniform/uniform100real\70\135.jpg,70
./balancer/uniform/uniform100real\70\147.jpg,70
./balancer/uniform/uniform100real\70\152.jpg,70
./balancer/uniform/uniform100real\70\155.jpg,70
./balancer/uniform/uniform100real\70\166.jpg,70
./balancer/uniform/uniform100real\70\173.jpg,70
./balancer/uniform/uniform100real\70\176.jpg,70
./balancer/uniform/uniform100real\70\18.jpg,70
./balancer/uniform/uniform100real\70\193.jpg,70
./balancer/uniform/uniform100real\70\196.jpg,70
./balancer/uniform/uniform100real\70\199.jpg,70
./balancer/uniform/uniform100real\70\202.jpg,70
./balancer/uniform/uniform100real\70\204.jpg,70
./balancer/uniform/uniform100real\70\206.jpg,70
./balancer/uniform/uniform100real\70\216.jpg,70
./balancer/uniform/uniform100real\70\217.jpg,70
./balancer/uniform/uniform100real\70\218.jpg,70
./balancer/uniform/uniform100real\70\223.jpg,70
./balancer/uniform/uniform100real\70\234.jpg,70
./balancer/uniform/uniform100real\70\248.jpg,70
./balancer/uniform/uniform100real\70\251.jpg,70
./balancer/uniform/uniform100real\70\253.jpg,70
./balancer/uniform/uniform100real\70\256.jpg,70
./balancer/uniform/uniform100real\70\257.jpg,70
./balancer/uniform/uniform100real\70\263.jpg,70
./balancer/uniform/uniform100real\70\265.jpg,70
./balancer/uniform/uniform100real\70\269.jpg,70
./balancer/uniform/uniform100real\70\276.jpg,70
./balancer/uniform/uniform100real\70\29.jpg,70
./balancer/uniform/uniform100real\70\292.jpg,70
./balancer/uniform/uniform100real\70\295.jpg,70
./balancer/uniform/uniform100real\70\297.jpg,70
./balancer/uniform/uniform100real\70\298.jpg,70
./balancer/uniform/uniform100real\70\302.jpg,70
./balancer/uniform/uniform100real\70\306.jpg,70
./balancer/uniform/uniform100real\70\31.jpg,70
./balancer/uniform/uniform100real\70\312.jpg,70
./balancer/uniform/uniform100real\70\315.jpg,70
./balancer/uniform/uniform100real\70\317.jpg,70
./balancer/uniform/uniform100real\70\320.jpg,70
./balancer/uniform/uniform100real\70\322.jpg,70
./balancer/uniform/uniform100real\70\335.jpg,70
./balancer/uniform/uniform100real\70\336.jpg,70
./balancer/uniform/uniform100real\70\338.jpg,70
./balancer/uniform/uniform100real\70\343.jpg,70
./balancer/uniform/uniform100real\70\35.jpg,70
./balancer/uniform/uniform100real\70\357.jpg,70
./balancer/uniform/uniform100real\70\361.jpg,70
./balancer/uniform/uniform100real\70\373.jpg,70
./balancer/uniform/uniform100real\70\388.jpg,70
./balancer/uniform/uniform100real\70\401.jpg,70
./balancer/uniform/uniform100real\70\402.jpg,70
./balancer/uniform/uniform100real\70\406.jpg,70
./balancer/uniform/uniform100real\70\414.jpg,70
./balancer/uniform/uniform100real\70\420.jpg,70
./balancer/uniform/uniform100real\70\423.jpg,70
./balancer/uniform/uniform100real\70\427.jpg,70
./balancer/uniform/uniform100real\70\428.jpg,70
./balancer/uniform/uniform100real\70\430.jpg,70
./balancer/uniform/uniform100real\70\435.jpg,70
./balancer/uniform/uniform100real\70\440.jpg,70
./balancer/uniform/uniform100real\70\441.jpg,70
./balancer/uniform/uniform100real\70\445.jpg,70
./balancer/uniform/uniform100real\70\448.jpg,70
./balancer/uniform/uniform100real\70\449.jpg,70
./balancer/uniform/uniform100real\70\45.jpg,70
./balancer/uniform/uniform100real\70\454.jpg,70
./balancer/uniform/uniform100real\70\468.jpg,70
./balancer/uniform/uniform100real\70\475.jpg,70
./balancer/uniform/uniform100real\70\476.jpg,70
./balancer/uniform/uniform100real\70\493.jpg,70
./balancer/uniform/uniform100real\70\500.jpg,70
./balancer/uniform/uniform100real\70\506.jpg,70
./balancer/uniform/uniform100real\70\511.jpg,70
./balancer/uniform/uniform100real\70\516.jpg,70
./balancer/uniform/uniform100real\70\517.jpg,70
./balancer/uniform/uniform100real\70\530.jpg,70
./balancer/uniform/uniform100real\70\532.jpg,70
./balancer/uniform/uniform100real\70\533.jpg,70
./balancer/uniform/uniform100real\70\54.jpg,70
./balancer/uniform/uniform100real\70\542.jpg,70
./balancer/uniform/uniform100real\70\552.jpg,70
./balancer/uniform/uniform100real\70\556.jpg,70
./balancer/uniform/uniform100real\70\57.jpg,70
./balancer/uniform/uniform100real\70\58.jpg,70
./balancer/uniform/uniform100real\70\592.jpg,70
./balancer/uniform/uniform100real\70\597.jpg,70
./balancer/uniform/uniform100real\70\599.jpg,70
./balancer/uniform/uniform100real\70\61.jpg,70
./balancer/uniform/uniform100real\70\614.jpg,70
./balancer/uniform/uniform100real\70\620.jpg,70
./balancer/uniform/uniform100real\70\630.jpg,70
./balancer/uniform/uniform100real\70\638.jpg,70
./balancer/uniform/uniform100real\70\641.jpg,70
./balancer/uniform/uniform100real\70\646.jpg,70
./balancer/uniform/uniform100real\70\647.jpg,70
./balancer/uniform/uniform100real\70\65.jpg,70
./balancer/uniform/uniform100real\70\662.jpg,70
./balancer/uniform/uniform100real\70\678.jpg,70
./balancer/uniform/uniform100real\70\680.jpg,70
./balancer/uniform/uniform100real\70\681.jpg,70
./balancer/uniform/uniform100real\70\683.jpg,70
./balancer/uniform/uniform100real\70\685.jpg,70
./balancer/uniform/uniform100real\70\691.jpg,70
./balancer/uniform/uniform100real\70\697.jpg,70
./balancer/uniform/uniform100real\70\698.jpg,70
./balancer/uniform/uniform100real\70\705.jpg,70
./balancer/uniform/uniform100real\70\725.jpg,70
./balancer/uniform/uniform100real\70\735.jpg,70
./balancer/uniform/uniform100real\70\743.jpg,70
./balancer/uniform/uniform100real\70\75.jpg,70
./balancer/uniform/uniform100real\70\752.jpg,70
./balancer/uniform/uniform100real\70\760.jpg,70
./balancer/uniform/uniform100real\70\768.jpg,70
./balancer/uniform/uniform100real\70\772.jpg,70
./balancer/uniform/uniform100real\70\785.jpg,70
./balancer/uniform/uniform100real\70\790.jpg,70
./balancer/uniform/uniform100real\70\794.jpg,70
./balancer/uniform/uniform100real\70\80.jpg,70
./balancer/uniform/uniform100real\70\803.jpg,70
./balancer/uniform/uniform100real\70\806.jpg,70
./balancer/uniform/uniform100real\70\809.jpg,70
./balancer/uniform/uniform100real\70\814.jpg,70
./balancer/uniform/uniform100real\70\82.jpg,70
./balancer/uniform/uniform100real\70\823.jpg,70
./balancer/uniform/uniform100real\70\827.jpg,70
./balancer/uniform/uniform100real\70\838.jpg,70
./balancer/uniform/uniform100real\70\843.jpg,70
./balancer/uniform/uniform100real\70\844.jpg,70
./balancer/uniform/uniform100real\70\849.jpg,70
./balancer/uniform/uniform100real\70\852.jpg,70
./balancer/uniform/uniform100real\70\856.jpg,70
./balancer/uniform/uniform100real\70\857.jpg,70
./balancer/uniform/uniform100real\70\862.jpg,70
./balancer/uniform/uniform100real\70\870.jpg,70
./balancer/uniform/uniform100real\70\874.jpg,70
./balancer/uniform/uniform100real\70\875.jpg,70
./balancer/uniform/uniform100real\70\876.jpg,70
./balancer/uniform/uniform100real\70\877.jpg,70
./balancer/uniform/uniform100real\70\879.jpg,70
./balancer/uniform/uniform100real\70\88.jpg,70
./balancer/uniform/uniform100real\70\880.jpg,70
./balancer/uniform/uniform100real\70\898.jpg,70
./balancer/uniform/uniform100real\70\906.jpg,70
./balancer/uniform/uniform100real\70\91.jpg,70
./balancer/uniform/uniform100real\70\925.jpg,70
./balancer/uniform/uniform100real\70\929.jpg,70
./balancer/uniform/uniform100real\70\934.jpg,70
./balancer/uniform/uniform100real\70\936.jpg,70
./balancer/uniform/uniform100real\70\947.jpg,70
./balancer/uniform/uniform100real\70\949.jpg,70
./balancer/uniform/uniform100real\70\957.jpg,70
./balancer/uniform/uniform100real\70\979.jpg,70
./balancer/uniform/uniform100real\70\984.JPG,70
./balancer/uniform/uniform100real\70\987.jpg,70
./balancer/uniform/uniform100real\70\996.jpg,70
./balancer/uniform/uniform100real\70\999.jpg,70
./balancer/uniform/uniform100real\8\10.jpg,8
./balancer/uniform/uniform100real\8\100.jpg,8
./balancer/uniform/uniform100real\8\101.jpg,8
./balancer/uniform/uniform100real\8\104.jpg,8
./balancer/uniform/uniform100real\8\105.jpg,8
./balancer/uniform/uniform100real\8\109.jpg,8
./balancer/uniform/uniform100real\8\111.JPG,8
./balancer/uniform/uniform100real\8\113.jpg,8
./balancer/uniform/uniform100real\8\115.jpg,8
./balancer/uniform/uniform100real\8\116.jpg,8
./balancer/uniform/uniform100real\8\117.jpg,8
./balancer/uniform/uniform100real\8\12.jpg,8
./balancer/uniform/uniform100real\8\122.jpg,8
./balancer/uniform/uniform100real\8\124.jpg,8
./balancer/uniform/uniform100real\8\125.JPG,8
./balancer/uniform/uniform100real\8\126.jpg,8
./balancer/uniform/uniform100real\8\128.jpg,8
./balancer/uniform/uniform100real\8\129.jpg,8
./balancer/uniform/uniform100real\8\130.jpg,8
./balancer/uniform/uniform100real\8\138.jpg,8
./balancer/uniform/uniform100real\8\143.jpg,8
./balancer/uniform/uniform100real\8\145.jpg,8
./balancer/uniform/uniform100real\8\147.jpg,8
./balancer/uniform/uniform100real\8\150.jpg,8
./balancer/uniform/uniform100real\8\157.jpg,8
./balancer/uniform/uniform100real\8\158.jpg,8
./balancer/uniform/uniform100real\8\160.jpg,8
./balancer/uniform/uniform100real\8\161.jpg,8
./balancer/uniform/uniform100real\8\162.jpg,8
./balancer/uniform/uniform100real\8\165.jpg,8
./balancer/uniform/uniform100real\8\169.JPG,8
./balancer/uniform/uniform100real\8\17.jpg,8
./balancer/uniform/uniform100real\8\176.jpg,8
./balancer/uniform/uniform100real\8\185.jpg,8
./balancer/uniform/uniform100real\8\186.jpg,8
./balancer/uniform/uniform100real\8\188.jpg,8
./balancer/uniform/uniform100real\8\189.jpg,8
./balancer/uniform/uniform100real\8\193.jpg,8
./balancer/uniform/uniform100real\8\196.jpg,8
./balancer/uniform/uniform100real\8\197.jpg,8
./balancer/uniform/uniform100real\8\201.jpg,8
./balancer/uniform/uniform100real\8\206.jpg,8
./balancer/uniform/uniform100real\8\207.jpg,8
./balancer/uniform/uniform100real\8\208.jpg,8
./balancer/uniform/uniform100real\8\209.jpg,8
./balancer/uniform/uniform100real\8\210.jpg,8
./balancer/uniform/uniform100real\8\213.jpg,8
./balancer/uniform/uniform100real\8\214.jpg,8
./balancer/uniform/uniform100real\8\215.jpg,8
./balancer/uniform/uniform100real\8\220.jpg,8
./balancer/uniform/uniform100real\8\221.jpg,8
./balancer/uniform/uniform100real\8\224.JPG,8
./balancer/uniform/uniform100real\8\226.jpg,8
./balancer/uniform/uniform100real\8\227.jpg,8
./balancer/uniform/uniform100real\8\228.JPG,8
./balancer/uniform/uniform100real\8\234.jpg,8
./balancer/uniform/uniform100real\8\236.jpg,8
./balancer/uniform/uniform100real\8\237.jpg,8
./balancer/uniform/uniform100real\8\239.jpg,8
./balancer/uniform/uniform100real\8\241.jpg,8
./balancer/uniform/uniform100real\8\243.jpg,8
./balancer/uniform/uniform100real\8\245.jpg,8
./balancer/uniform/uniform100real\8\247.jpg,8
./balancer/uniform/uniform100real\8\248.jpg,8
./balancer/uniform/uniform100real\8\251.jpg,8
./balancer/uniform/uniform100real\8\257.jpg,8
./balancer/uniform/uniform100real\8\26.jpg,8
./balancer/uniform/uniform100real\8\260.jpg,8
./balancer/uniform/uniform100real\8\261.jpg,8
./balancer/uniform/uniform100real\8\265.jpg,8
./balancer/uniform/uniform100real\8\270.jpg,8
./balancer/uniform/uniform100real\8\272.jpg,8
./balancer/uniform/uniform100real\8\274.jpg,8
./balancer/uniform/uniform100real\8\282.jpg,8
./balancer/uniform/uniform100real\8\283.jpg,8
./balancer/uniform/uniform100real\8\284.jpg,8
./balancer/uniform/uniform100real\8\285.jpg,8
./balancer/uniform/uniform100real\8\287.jpg,8
./balancer/uniform/uniform100real\8\289.jpg,8
./balancer/uniform/uniform100real\8\29.jpg,8
./balancer/uniform/uniform100real\8\293.jpg,8
./balancer/uniform/uniform100real\8\297.jpg,8
./balancer/uniform/uniform100real\8\30.jpg,8
./balancer/uniform/uniform100real\8\302.jpg,8
./balancer/uniform/uniform100real\8\303.jpg,8
./balancer/uniform/uniform100real\8\307.jpg,8
./balancer/uniform/uniform100real\8\308.jpg,8
./balancer/uniform/uniform100real\8\309.jpg,8
./balancer/uniform/uniform100real\8\31.jpg,8
./balancer/uniform/uniform100real\8\310.jpg,8
./balancer/uniform/uniform100real\8\315.jpg,8
./balancer/uniform/uniform100real\8\319.jpg,8
./balancer/uniform/uniform100real\8\320.jpg,8
./balancer/uniform/uniform100real\8\322.jpg,8
./balancer/uniform/uniform100real\8\324.jpg,8
./balancer/uniform/uniform100real\8\327.jpg,8
./balancer/uniform/uniform100real\8\332.JPG,8
./balancer/uniform/uniform100real\8\334.jpg,8
./balancer/uniform/uniform100real\8\336.jpg,8
./balancer/uniform/uniform100real\8\337.jpg,8
./balancer/uniform/uniform100real\8\338.JPG,8
./balancer/uniform/uniform100real\8\341.jpg,8
./balancer/uniform/uniform100real\8\342.jpg,8
./balancer/uniform/uniform100real\8\346.jpg,8
./balancer/uniform/uniform100real\8\348.jpg,8
./balancer/uniform/uniform100real\8\354.jpg,8
./balancer/uniform/uniform100real\8\356.jpg,8
./balancer/uniform/uniform100real\8\357.jpg,8
./balancer/uniform/uniform100real\8\36.jpg,8
./balancer/uniform/uniform100real\8\361.jpg,8
./balancer/uniform/uniform100real\8\364.jpg,8
./balancer/uniform/uniform100real\8\368.jpg,8
./balancer/uniform/uniform100real\8\370.jpg,8
./balancer/uniform/uniform100real\8\371.jpg,8
./balancer/uniform/uniform100real\8\372.jpg,8
./balancer/uniform/uniform100real\8\373.jpg,8
./balancer/uniform/uniform100real\8\374.jpg,8
./balancer/uniform/uniform100real\8\387.jpg,8
./balancer/uniform/uniform100real\8\389.jpg,8
./balancer/uniform/uniform100real\8\39.jpg,8
./balancer/uniform/uniform100real\8\391.jpg,8
./balancer/uniform/uniform100real\8\396.jpg,8
./balancer/uniform/uniform100real\8\397.jpg,8
./balancer/uniform/uniform100real\8\4.jpg,8
./balancer/uniform/uniform100real\8\401.jpg,8
./balancer/uniform/uniform100real\8\402.jpg,8
./balancer/uniform/uniform100real\8\404.jpg,8
./balancer/uniform/uniform100real\8\406.jpg,8
./balancer/uniform/uniform100real\8\413.jpg,8
./balancer/uniform/uniform100real\8\415.jpg,8
./balancer/uniform/uniform100real\8\416.jpg,8
./balancer/uniform/uniform100real\8\421.jpg,8
./balancer/uniform/uniform100real\8\422.jpg,8
./balancer/uniform/uniform100real\8\426.jpg,8
./balancer/uniform/uniform100real\8\428.jpg,8
./balancer/uniform/uniform100real\8\429.jpg,8
./balancer/uniform/uniform100real\8\43.jpg,8
./balancer/uniform/uniform100real\8\438.jpg,8
./balancer/uniform/uniform100real\8\439.jpg,8
./balancer/uniform/uniform100real\8\442.jpg,8
./balancer/uniform/uniform100real\8\444.jpg,8
./balancer/uniform/uniform100real\8\449.jpg,8
./balancer/uniform/uniform100real\8\453.jpg,8
./balancer/uniform/uniform100real\8\454.jpg,8
./balancer/uniform/uniform100real\8\456.jpg,8
./balancer/uniform/uniform100real\8\457.jpg,8
./balancer/uniform/uniform100real\8\459.jpg,8
./balancer/uniform/uniform100real\8\46.jpg,8
./balancer/uniform/uniform100real\8\468.jpg,8
./balancer/uniform/uniform100real\8\472.jpg,8
./balancer/uniform/uniform100real\8\475.jpg,8
./balancer/uniform/uniform100real\8\476.jpg,8
./balancer/uniform/uniform100real\8\477.jpg,8
./balancer/uniform/uniform100real\8\478.jpg,8
./balancer/uniform/uniform100real\8\484.jpg,8
./balancer/uniform/uniform100real\8\489.jpg,8
./balancer/uniform/uniform100real\8\491.jpg,8
./balancer/uniform/uniform100real\8\493.jpg,8
./balancer/uniform/uniform100real\8\496.jpg,8
./balancer/uniform/uniform100real\8\5.jpg,8
./balancer/uniform/uniform100real\8\500.jpg,8
./balancer/uniform/uniform100real\8\503.jpg,8
./balancer/uniform/uniform100real\8\504.jpg,8
./balancer/uniform/uniform100real\8\505.jpg,8
./balancer/uniform/uniform100real\8\506.jpg,8
./balancer/uniform/uniform100real\8\507.jpg,8
./balancer/uniform/uniform100real\8\509.jpg,8
./balancer/uniform/uniform100real\8\510.jpg,8
./balancer/uniform/uniform100real\8\512.jpg,8
./balancer/uniform/uniform100real\8\516.jpg,8
./balancer/uniform/uniform100real\8\520.jpg,8
./balancer/uniform/uniform100real\8\521.jpg,8
./balancer/uniform/uniform100real\8\524.jpg,8
./balancer/uniform/uniform100real\8\53.jpg,8
./balancer/uniform/uniform100real\8\530.jpg,8
./balancer/uniform/uniform100real\8\532.jpg,8
./balancer/uniform/uniform100real\8\534.jpg,8
./balancer/uniform/uniform100real\8\542.jpg,8
./balancer/uniform/uniform100real\8\543.jpg,8
./balancer/uniform/uniform100real\8\544.jpg,8
./balancer/uniform/uniform100real\8\55.jpg,8
./balancer/uniform/uniform100real\8\550.jpg,8
./balancer/uniform/uniform100real\8\551.jpg,8
./balancer/uniform/uniform100real\8\552.jpg,8
./balancer/uniform/uniform100real\8\553.jpg,8
./balancer/uniform/uniform100real\8\555.jpg,8
./balancer/uniform/uniform100real\8\58.JPG,8
./balancer/uniform/uniform100real\8\60.jpg,8
./balancer/uniform/uniform100real\8\61.jpg,8
./balancer/uniform/uniform100real\8\62.jpg,8
./balancer/uniform/uniform100real\8\66.jpg,8
./balancer/uniform/uniform100real\8\69.JPG,8
./balancer/uniform/uniform100real\8\7.jpg,8
./balancer/uniform/uniform100real\8\70.jpg,8
./balancer/uniform/uniform100real\8\73.jpg,8
./balancer/uniform/uniform100real\8\81.jpg,8
./balancer/uniform/uniform100real\8\84.jpg,8
./balancer/uniform/uniform100real\8\85.jpg,8
./balancer/uniform/uniform100real\8\94.jpg,8
./balancer/uniform/uniform100real\8\95.jpg,8
./balancer/uniform/uniform100real\8\96.jpg,8
./balancer/uniform/uniform100real\8\97.jpg,8
./balancer/uniform/uniform100real\8\99.jpg,8
./balancer/uniform/uniform100real\9\0.jpg,9
./balancer/uniform/uniform100real\9\1.jpg,9
./balancer/uniform/uniform100real\9\104.jpg,9
./balancer/uniform/uniform100real\9\105.jpg,9
./balancer/uniform/uniform100real\9\106.jpg,9
./balancer/uniform/uniform100real\9\108.jpg,9
./balancer/uniform/uniform100real\9\109.jpg,9
./balancer/uniform/uniform100real\9\11.jpg,9
./balancer/uniform/uniform100real\9\112.jpg,9
./balancer/uniform/uniform100real\9\114.jpg,9
./balancer/uniform/uniform100real\9\116.jpg,9
./balancer/uniform/uniform100real\9\120.jpg,9
./balancer/uniform/uniform100real\9\121.jpg,9
./balancer/uniform/uniform100real\9\124.jpg,9
./balancer/uniform/uniform100real\9\125.jpg,9
./balancer/uniform/uniform100real\9\127.jpg,9
./balancer/uniform/uniform100real\9\128.jpg,9
./balancer/uniform/uniform100real\9\13.jpg,9
./balancer/uniform/uniform100real\9\131.jpg,9
./balancer/uniform/uniform100real\9\133.jpg,9
./balancer/uniform/uniform100real\9\134.jpg,9
./balancer/uniform/uniform100real\9\137.jpg,9
./balancer/uniform/uniform100real\9\140.jpg,9
./balancer/uniform/uniform100real\9\141.jpg,9
./balancer/uniform/uniform100real\9\142.jpg,9
./balancer/uniform/uniform100real\9\144.jpg,9
./balancer/uniform/uniform100real\9\146.jpg,9
./balancer/uniform/uniform100real\9\15.jpg,9
./balancer/uniform/uniform100real\9\150.jpg,9
./balancer/uniform/uniform100real\9\152.jpg,9
./balancer/uniform/uniform100real\9\153.jpg,9
./balancer/uniform/uniform100real\9\155.jpg,9
./balancer/uniform/uniform100real\9\160.jpg,9
./balancer/uniform/uniform100real\9\163.jpg,9
./balancer/uniform/uniform100real\9\167.jpg,9
./balancer/uniform/uniform100real\9\168.jpg,9
./balancer/uniform/uniform100real\9\169.jpg,9
./balancer/uniform/uniform100real\9\17.jpg,9
./balancer/uniform/uniform100real\9\171.jpg,9
./balancer/uniform/uniform100real\9\176.jpg,9
./balancer/uniform/uniform100real\9\177.jpg,9
./balancer/uniform/uniform100real\9\180.jpg,9
./balancer/uniform/uniform100real\9\182.jpg,9
./balancer/uniform/uniform100real\9\183.jpg,9
./balancer/uniform/uniform100real\9\186.jpg,9
./balancer/uniform/uniform100real\9\196.jpg,9
./balancer/uniform/uniform100real\9\198.jpg,9
./balancer/uniform/uniform100real\9\199.JPG,9
./balancer/uniform/uniform100real\9\202.jpg,9
./balancer/uniform/uniform100real\9\204.jpg,9
./balancer/uniform/uniform100real\9\206.jpg,9
./balancer/uniform/uniform100real\9\209.jpg,9
./balancer/uniform/uniform100real\9\215.jpg,9
./balancer/uniform/uniform100real\9\217.jpg,9
./balancer/uniform/uniform100real\9\220.JPG,9
./balancer/uniform/uniform100real\9\223.jpg,9
./balancer/uniform/uniform100real\9\228.jpg,9
./balancer/uniform/uniform100real\9\229.jpg,9
./balancer/uniform/uniform100real\9\232.jpg,9
./balancer/uniform/uniform100real\9\24.jpg,9
./balancer/uniform/uniform100real\9\242.jpg,9
./balancer/uniform/uniform100real\9\244.jpg,9
./balancer/uniform/uniform100real\9\245.jpg,9
./balancer/uniform/uniform100real\9\247.jpg,9
./balancer/uniform/uniform100real\9\250.jpg,9
./balancer/uniform/uniform100real\9\251.jpg,9
./balancer/uniform/uniform100real\9\254.jpg,9
./balancer/uniform/uniform100real\9\255.jpg,9
./balancer/uniform/uniform100real\9\258.jpg,9
./balancer/uniform/uniform100real\9\26.jpg,9
./balancer/uniform/uniform100real\9\260.jpg,9
./balancer/uniform/uniform100real\9\261.jpg,9
./balancer/uniform/uniform100real\9\265.jpg,9
./balancer/uniform/uniform100real\9\267.JPG,9
./balancer/uniform/uniform100real\9\270.jpg,9
./balancer/uniform/uniform100real\9\272.jpg,9
./balancer/uniform/uniform100real\9\274.jpg,9
./balancer/uniform/uniform100real\9\280.JPG,9
./balancer/uniform/uniform100real\9\287.jpg,9
./balancer/uniform/uniform100real\9\294.jpg,9
./balancer/uniform/uniform100real\9\296.jpg,9
./balancer/uniform/uniform100real\9\299.jpg,9
./balancer/uniform/uniform100real\9\301.jpg,9
./balancer/uniform/uniform100real\9\302.jpg,9
./balancer/uniform/uniform100real\9\303.jpg,9
./balancer/uniform/uniform100real\9\305.jpg,9
./balancer/uniform/uniform100real\9\307.jpg,9
./balancer/uniform/uniform100real\9\311.jpg,9
./balancer/uniform/uniform100real\9\317.jpg,9
./balancer/uniform/uniform100real\9\32.jpg,9
./balancer/uniform/uniform100real\9\320.jpg,9
./balancer/uniform/uniform100real\9\326.jpg,9
./balancer/uniform/uniform100real\9\33.jpg,9
./balancer/uniform/uniform100real\9\330.jpg,9
./balancer/uniform/uniform100real\9\331.jpg,9
./balancer/uniform/uniform100real\9\333.jpg,9
./balancer/uniform/uniform100real\9\335.JPG,9
./balancer/uniform/uniform100real\9\337.jpg,9
./balancer/uniform/uniform100real\9\34.jpg,9
./balancer/uniform/uniform100real\9\342.jpg,9
./balancer/uniform/uniform100real\9\344.jpg,9
./balancer/uniform/uniform100real\9\346.jpg,9
./balancer/uniform/uniform100real\9\347.jpg,9
./balancer/uniform/uniform100real\9\355.jpg,9
./balancer/uniform/uniform100real\9\359.jpg,9
./balancer/uniform/uniform100real\9\360.jpg,9
./balancer/uniform/uniform100real\9\364.jpg,9
./balancer/uniform/uniform100real\9\366.jpg,9
./balancer/uniform/uniform100real\9\37.jpg,9
./balancer/uniform/uniform100real\9\371.JPG,9
./balancer/uniform/uniform100real\9\374.jpg,9
./balancer/uniform/uniform100real\9\377.jpg,9
./balancer/uniform/uniform100real\9\378.jpg,9
./balancer/uniform/uniform100real\9\379.jpg,9
./balancer/uniform/uniform100real\9\381.jpg,9
./balancer/uniform/uniform100real\9\382.jpg,9
./balancer/uniform/uniform100real\9\389.jpg,9
./balancer/uniform/uniform100real\9\39.jpg,9
./balancer/uniform/uniform100real\9\391.jpg,9
./balancer/uniform/uniform100real\9\392.jpg,9
./balancer/uniform/uniform100real\9\395.jpg,9
./balancer/uniform/uniform100real\9\406.jpg,9
./balancer/uniform/uniform100real\9\409.jpg,9
./balancer/uniform/uniform100real\9\411.jpg,9
./balancer/uniform/uniform100real\9\412.jpg,9
./balancer/uniform/uniform100real\9\413.jpg,9
./balancer/uniform/uniform100real\9\415.jpg,9
./balancer/uniform/uniform100real\9\416.jpg,9
./balancer/uniform/uniform100real\9\417.jpg,9
./balancer/uniform/uniform100real\9\418.jpg,9
./balancer/uniform/uniform100real\9\419.jpg,9
./balancer/uniform/uniform100real\9\422.jpg,9
./balancer/uniform/uniform100real\9\430.jpg,9
./balancer/uniform/uniform100real\9\431.jpg,9
./balancer/uniform/uniform100real\9\432.jpg,9
./balancer/uniform/uniform100real\9\433.jpg,9
./balancer/uniform/uniform100real\9\435.jpg,9
./balancer/uniform/uniform100real\9\436.jpg,9
./balancer/uniform/uniform100real\9\437.jpg,9
./balancer/uniform/uniform100real\9\438.jpg,9
./balancer/uniform/uniform100real\9\439.jpg,9
./balancer/uniform/uniform100real\9\44.jpg,9
./balancer/uniform/uniform100real\9\441.jpg,9
./balancer/uniform/uniform100real\9\445.jpg,9
./balancer/uniform/uniform100real\9\446.jpg,9
./balancer/uniform/uniform100real\9\449.jpg,9
./balancer/uniform/uniform100real\9\451.jpg,9
./balancer/uniform/uniform100real\9\453.jpg,9
./balancer/uniform/uniform100real\9\459.jpg,9
./balancer/uniform/uniform100real\9\463.jpg,9
./balancer/uniform/uniform100real\9\465.jpg,9
./balancer/uniform/uniform100real\9\466.jpg,9
./balancer/uniform/uniform100real\9\468.jpg,9
./balancer/uniform/uniform100real\9\47.jpg,9
./balancer/uniform/uniform100real\9\475.jpg,9
./balancer/uniform/uniform100real\9\476.jpg,9
./balancer/uniform/uniform100real\9\477.jpg,9
./balancer/uniform/uniform100real\9\479.jpg,9
./balancer/uniform/uniform100real\9\483.jpg,9
./balancer/uniform/uniform100real\9\484.JPG,9
./balancer/uniform/uniform100real\9\485.jpg,9
./balancer/uniform/uniform100real\9\486.jpg,9
./balancer/uniform/uniform100real\9\497.jpg,9
./balancer/uniform/uniform100real\9\498.jpg,9
./balancer/uniform/uniform100real\9\499.jpg,9
./balancer/uniform/uniform100real\9\507.jpg,9
./balancer/uniform/uniform100real\9\508.jpg,9
./balancer/uniform/uniform100real\9\51.jpg,9
./balancer/uniform/uniform100real\9\513.jpg,9
./balancer/uniform/uniform100real\9\515.jpg,9
./balancer/uniform/uniform100real\9\519.jpg,9
./balancer/uniform/uniform100real\9\52.jpg,9
./balancer/uniform/uniform100real\9\521.jpg,9
./balancer/uniform/uniform100real\9\523.jpg,9
./balancer/uniform/uniform100real\9\524.jpg,9
./balancer/uniform/uniform100real\9\527.jpg,9
./balancer/uniform/uniform100real\9\53.jpg,9
./balancer/uniform/uniform100real\9\533.jpg,9
./balancer/uniform/uniform100real\9\54.jpg,9
./balancer/uniform/uniform100real\9\541.jpg,9
./balancer/uniform/uniform100real\9\542.jpg,9
./balancer/uniform/uniform100real\9\544.jpg,9
./balancer/uniform/uniform100real\9\56.jpg,9
./balancer/uniform/uniform100real\9\59.jpg,9
./balancer/uniform/uniform100real\9\60.JPG,9
./balancer/uniform/uniform100real\9\62.jpg,9
./balancer/uniform/uniform100real\9\64.jpg,9
./balancer/uniform/uniform100real\9\67.jpg,9
./balancer/uniform/uniform100real\9\7.jpg,9
./balancer/uniform/uniform100real\9\70.jpg,9
./balancer/uniform/uniform100real\9\71.jpg,9
./balancer/uniform/uniform100real\9\73.jpg,9
./balancer/uniform/uniform100real\9\74.jpg,9
./balancer/uniform/uniform100real\9\76.jpg,9
./balancer/uniform/uniform100real\9\77.jpg,9
./balancer/uniform/uniform100real\9\80.jpg,9
./balancer/uniform/uniform100real\9\82.jpg,9
./balancer/uniform/uniform100real\9\83.jpg,9
./balancer/uniform/uniform100real\9\85.jpg,9
./balancer/uniform/uniform100real\9\88.jpg,9
./balancer/uniform/uniform100real\9\92.JPG,9
./balancer/uniform/uniform100real\9\95.jpg,9
./balancer/uniform/uniform100real\9\98.jpg,9
